{"level":"INFO","message":"[6:04:07.105 PM]: Creating new connection object"}
{"level":"INFO","message":"[6:04:07.110 PM]: Creating Connection[id: 26f3a148-dde3-4270-8877-f4fadfe21a4b] with host: fya14544.snowflakecomputing.com, account: fya14544, accessUrl: https://fya14544.snowflakecomputing.com, user: EPIC_DEV, role: EPIC_DEV_ROLE, database: TEST_DEVELOPMENT_ENVIROMENT, schema: DEV_SCHEMA, warehouse: , proxy was not configured, password is provided, region: undefined, authenticator: SNOWFLAKE, ocsp mode: FAIL_OPEN, os: darwin, os version: 25.4.0"}
{"level":"INFO","message":"[6:04:07.110 PM]: Connection[id: 26f3a148-dde3-4270-8877-f4fadfe21a4b] additional details: passcode in password is provided, passcode is not provided, private key is not provided, application: undefined, client name: snowflake-sdk, client version: 2.4.0, retry timeout: 300, private key path: undefined, private key pass is not provided, client store temporary credential: false, browser response timeout: 120000"}
{"level":"INFO","message":"[6:04:07.110 PM]: Connection[id: 26f3a148-dde3-4270-8877-f4fadfe21a4b] - connection object created successfully."}
{"level":"INFO","message":"[6:04:07.111 PM]: Connection[id: 26f3a148-dde3-4270-8877-f4fadfe21a4b] - async connecting. Associated Snowflake domain: GLOBAL"}
{"level":"INFO","message":"[6:04:07.111 PM]: Trying to initialize Easy Logging"}
{"level":"INFO","message":"[6:04:07.116 PM]: No client config detected."}
{"level":"INFO","message":"[6:04:07.116 PM]: No config file path found. Client config will not be used."}
{"level":"INFO","message":"[6:04:07.116 PM]: Easy Logging is disabled as no config has been found"}
{"level":"INFO","message":"[6:04:07.116 PM]: Connection[id: 26f3a148-dde3-4270-8877-f4fadfe21a4b] - authentication successful using: SNOWFLAKE"}
{"level":"INFO","message":"[6:04:08.143 PM]: Connection[id: 26f3a148-dde3-4270-8877-f4fadfe21a4b] - connection established successfully after 1031.96 milliseconds"}
{"level":"INFO","message":"[6:09:35.561 PM]: Creating new connection object"}
{"level":"INFO","message":"[6:09:35.566 PM]: Creating Connection[id: dc0e8a0e-c662-45ad-91c6-3b441144c7ad] with host: fya14544.snowflakecomputing.com, account: fya14544, accessUrl: https://fya14544.snowflakecomputing.com, user: EPIC_DEV, role: EPIC_DEV_ROLE, database: TEST_DEVELOPMENT_ENVIROMENT, schema: DEV_SCHEMA, warehouse: , proxy was not configured, password is provided, region: undefined, authenticator: SNOWFLAKE, ocsp mode: FAIL_OPEN, os: darwin, os version: 25.4.0"}
{"level":"INFO","message":"[6:09:35.566 PM]: Connection[id: dc0e8a0e-c662-45ad-91c6-3b441144c7ad] additional details: passcode in password is provided, passcode is not provided, private key is not provided, application: undefined, client name: snowflake-sdk, client version: 2.4.0, retry timeout: 300, private key path: undefined, private key pass is not provided, client store temporary credential: false, browser response timeout: 120000"}
{"level":"INFO","message":"[6:09:35.566 PM]: Connection[id: dc0e8a0e-c662-45ad-91c6-3b441144c7ad] - connection object created successfully."}
{"level":"INFO","message":"[6:09:35.567 PM]: Connection[id: dc0e8a0e-c662-45ad-91c6-3b441144c7ad] - async connecting. Associated Snowflake domain: GLOBAL"}
{"level":"INFO","message":"[6:09:35.567 PM]: Trying to initialize Easy Logging"}
{"level":"INFO","message":"[6:09:35.574 PM]: No client config detected."}
{"level":"INFO","message":"[6:09:35.574 PM]: No config file path found. Client config will not be used."}
{"level":"INFO","message":"[6:09:35.574 PM]: Easy Logging is disabled as no config has been found"}
{"level":"INFO","message":"[6:09:35.574 PM]: Connection[id: dc0e8a0e-c662-45ad-91c6-3b441144c7ad] - authentication successful using: SNOWFLAKE"}
{"level":"INFO","message":"[6:09:36.195 PM]: Connection[id: dc0e8a0e-c662-45ad-91c6-3b441144c7ad] - connection established successfully after 628.78 milliseconds"}
{"level":"INFO","message":"[11:07:09.294 AM]: Creating new connection object"}
{"level":"INFO","message":"[11:07:09.299 AM]: Creating Connection[id: 5bcce607-fb21-4e48-b2f8-be695226318c] with host: fya14544.snowflakecomputing.com, account: fya14544, accessUrl: https://fya14544.snowflakecomputing.com, user: EPIC_DEV, role: EPIC_DEV_ROLE, database: TEST_DEVELOPMENT_ENVIROMENT, schema: DEV_SCHEMA, warehouse: , proxy was not configured, password is provided, region: undefined, authenticator: SNOWFLAKE, ocsp mode: FAIL_OPEN, os: darwin, os version: 25.4.0"}
{"level":"INFO","message":"[11:07:09.299 AM]: Connection[id: 5bcce607-fb21-4e48-b2f8-be695226318c] additional details: passcode in password is provided, passcode is not provided, private key is not provided, application: undefined, client name: snowflake-sdk, client version: 2.4.0, retry timeout: 300, private key path: undefined, private key pass is not provided, client store temporary credential: false, browser response timeout: 120000"}
{"level":"INFO","message":"[11:07:09.299 AM]: Connection[id: 5bcce607-fb21-4e48-b2f8-be695226318c] - connection object created successfully."}
{"level":"INFO","message":"[11:07:09.299 AM]: Connection[id: 5bcce607-fb21-4e48-b2f8-be695226318c] - async connecting. Associated Snowflake domain: GLOBAL"}
{"level":"INFO","message":"[11:07:09.299 AM]: Trying to initialize Easy Logging"}
{"level":"INFO","message":"[11:07:09.311 AM]: No client config detected."}
{"level":"INFO","message":"[11:07:09.311 AM]: No config file path found. Client config will not be used."}
{"level":"INFO","message":"[11:07:09.311 AM]: Easy Logging is disabled as no config has been found"}
{"level":"INFO","message":"[11:07:09.311 AM]: Connection[id: 5bcce607-fb21-4e48-b2f8-be695226318c] - authentication successful using: SNOWFLAKE"}
{"level":"INFO","message":"[11:07:09.998 AM]: Connection[id: 5bcce607-fb21-4e48-b2f8-be695226318c] - connection established successfully after 699.08 milliseconds"}
{"level":"INFO","message":"[11:57:58.533 AM]: Creating new connection object"}
{"level":"INFO","message":"[11:57:58.538 AM]: Creating Connection[id: db7b3a1f-3955-4a1c-b04d-5a937dbbf745] with host: fya14544.snowflakecomputing.com, account: fya14544, accessUrl: https://fya14544.snowflakecomputing.com, user: EPIC_DEV, role: EPIC_DEV_ROLE, database: TEST_DEVELOPMENT_ENVIROMENT, schema: DEV_SCHEMA, warehouse: , proxy was not configured, password is provided, region: undefined, authenticator: SNOWFLAKE, ocsp mode: FAIL_OPEN, os: darwin, os version: 25.4.0"}
{"level":"INFO","message":"[11:57:58.538 AM]: Connection[id: db7b3a1f-3955-4a1c-b04d-5a937dbbf745] additional details: passcode in password is provided, passcode is not provided, private key is not provided, application: undefined, client name: snowflake-sdk, client version: 2.4.0, retry timeout: 300, private key path: undefined, private key pass is not provided, client store temporary credential: false, browser response timeout: 120000"}
{"level":"INFO","message":"[11:57:58.539 AM]: Connection[id: db7b3a1f-3955-4a1c-b04d-5a937dbbf745] - connection object created successfully."}
{"level":"INFO","message":"[11:57:58.539 AM]: Connection[id: db7b3a1f-3955-4a1c-b04d-5a937dbbf745] - async connecting. Associated Snowflake domain: GLOBAL"}
{"level":"INFO","message":"[11:57:58.539 AM]: Trying to initialize Easy Logging"}
{"level":"INFO","message":"[11:57:58.549 AM]: No client config detected."}
{"level":"INFO","message":"[11:57:58.549 AM]: No config file path found. Client config will not be used."}
{"level":"INFO","message":"[11:57:58.550 AM]: Easy Logging is disabled as no config has been found"}
{"level":"INFO","message":"[11:57:58.550 AM]: Connection[id: db7b3a1f-3955-4a1c-b04d-5a937dbbf745] - authentication successful using: SNOWFLAKE"}
{"level":"INFO","message":"[11:57:59.246 AM]: Connection[id: db7b3a1f-3955-4a1c-b04d-5a937dbbf745] - connection established successfully after 707.4 milliseconds"}
{"level":"INFO","message":"[12:04:58.417 PM]: Creating new connection object"}
{"level":"INFO","message":"[12:04:58.422 PM]: Creating Connection[id: b17a0857-68e8-4929-9e80-1a0bcf80c58e] with host: fya14544.snowflakecomputing.com, account: fya14544, accessUrl: https://fya14544.snowflakecomputing.com, user: EPIC_DEV, role: EPIC_DEV_ROLE, database: TEST_DEVELOPMENT_ENVIROMENT, schema: DEV_SCHEMA, warehouse: , proxy was not configured, password is provided, region: undefined, authenticator: SNOWFLAKE, ocsp mode: FAIL_OPEN, os: darwin, os version: 25.4.0"}
{"level":"INFO","message":"[12:04:58.423 PM]: Connection[id: b17a0857-68e8-4929-9e80-1a0bcf80c58e] additional details: passcode in password is provided, passcode is not provided, private key is not provided, application: undefined, client name: snowflake-sdk, client version: 2.4.0, retry timeout: 300, private key path: undefined, private key pass is not provided, client store temporary credential: false, browser response timeout: 120000"}
{"level":"INFO","message":"[12:04:58.423 PM]: Connection[id: b17a0857-68e8-4929-9e80-1a0bcf80c58e] - connection object created successfully."}
{"level":"INFO","message":"[12:04:58.423 PM]: Connection[id: b17a0857-68e8-4929-9e80-1a0bcf80c58e] - async connecting. Associated Snowflake domain: GLOBAL"}
{"level":"INFO","message":"[12:04:58.423 PM]: Trying to initialize Easy Logging"}
{"level":"INFO","message":"[12:04:58.433 PM]: No client config detected."}
{"level":"INFO","message":"[12:04:58.433 PM]: No config file path found. Client config will not be used."}
{"level":"INFO","message":"[12:04:58.433 PM]: Easy Logging is disabled as no config has been found"}
{"level":"INFO","message":"[12:04:58.433 PM]: Connection[id: b17a0857-68e8-4929-9e80-1a0bcf80c58e] - authentication successful using: SNOWFLAKE"}
{"level":"INFO","message":"[12:04:59.198 PM]: Connection[id: b17a0857-68e8-4929-9e80-1a0bcf80c58e] - connection established successfully after 774.66 milliseconds"}
{"level":"INFO","message":"[12:06:19.968 PM]: Creating new connection object"}
{"level":"INFO","message":"[12:06:19.973 PM]: Creating Connection[id: d18f659a-269c-42e5-a582-9ec0b6d14995] with host: fya14544.snowflakecomputing.com, account: fya14544, accessUrl: https://fya14544.snowflakecomputing.com, user: EPIC_DEV, role: EPIC_DEV_ROLE, database: TEST_DEVELOPMENT_ENVIROMENT, schema: DEV_SCHEMA, warehouse: , proxy was not configured, password is provided, region: undefined, authenticator: SNOWFLAKE, ocsp mode: FAIL_OPEN, os: darwin, os version: 25.4.0"}
{"level":"INFO","message":"[12:06:19.973 PM]: Connection[id: d18f659a-269c-42e5-a582-9ec0b6d14995] additional details: passcode in password is provided, passcode is not provided, private key is not provided, application: undefined, client name: snowflake-sdk, client version: 2.4.0, retry timeout: 300, private key path: undefined, private key pass is not provided, client store temporary credential: false, browser response timeout: 120000"}
{"level":"INFO","message":"[12:06:19.974 PM]: Connection[id: d18f659a-269c-42e5-a582-9ec0b6d14995] - connection object created successfully."}
{"level":"INFO","message":"[12:06:19.974 PM]: Connection[id: d18f659a-269c-42e5-a582-9ec0b6d14995] - async connecting. Associated Snowflake domain: GLOBAL"}
{"level":"INFO","message":"[12:06:19.974 PM]: Trying to initialize Easy Logging"}
{"level":"INFO","message":"[12:06:19.982 PM]: No client config detected."}
{"level":"INFO","message":"[12:06:19.982 PM]: No config file path found. Client config will not be used."}
{"level":"INFO","message":"[12:06:19.982 PM]: Easy Logging is disabled as no config has been found"}
{"level":"INFO","message":"[12:06:19.982 PM]: Connection[id: d18f659a-269c-42e5-a582-9ec0b6d14995] - authentication successful using: SNOWFLAKE"}
{"level":"INFO","message":"[12:06:20.683 PM]: Connection[id: d18f659a-269c-42e5-a582-9ec0b6d14995] - connection established successfully after 708.98 milliseconds"}
{"level":"INFO","message":"[12:06:44.518 PM]: Creating new connection object"}
{"level":"INFO","message":"[12:06:44.523 PM]: Creating Connection[id: afa0086e-780c-4a6f-9905-11387def15f2] with host: fya14544.snowflakecomputing.com, account: fya14544, accessUrl: https://fya14544.snowflakecomputing.com, user: EPIC_DEV, role: EPIC_DEV_ROLE, database: TEST_DEVELOPMENT_ENVIROMENT, schema: DEV_SCHEMA, warehouse: , proxy was not configured, password is provided, region: undefined, authenticator: SNOWFLAKE, ocsp mode: FAIL_OPEN, os: darwin, os version: 25.4.0"}
{"level":"INFO","message":"[12:06:44.523 PM]: Connection[id: afa0086e-780c-4a6f-9905-11387def15f2] additional details: passcode in password is provided, passcode is not provided, private key is not provided, application: undefined, client name: snowflake-sdk, client version: 2.4.0, retry timeout: 300, private key path: undefined, private key pass is not provided, client store temporary credential: false, browser response timeout: 120000"}
{"level":"INFO","message":"[12:06:44.524 PM]: Connection[id: afa0086e-780c-4a6f-9905-11387def15f2] - connection object created successfully."}
{"level":"INFO","message":"[12:06:44.524 PM]: Connection[id: afa0086e-780c-4a6f-9905-11387def15f2] - async connecting. Associated Snowflake domain: GLOBAL"}
{"level":"INFO","message":"[12:06:44.524 PM]: Trying to initialize Easy Logging"}
{"level":"INFO","message":"[12:06:44.531 PM]: No client config detected."}
{"level":"INFO","message":"[12:06:44.531 PM]: No config file path found. Client config will not be used."}
{"level":"INFO","message":"[12:06:44.531 PM]: Easy Logging is disabled as no config has been found"}
{"level":"INFO","message":"[12:06:44.531 PM]: Connection[id: afa0086e-780c-4a6f-9905-11387def15f2] - authentication successful using: SNOWFLAKE"}
{"level":"INFO","message":"[12:06:45.111 PM]: Connection[id: afa0086e-780c-4a6f-9905-11387def15f2] - connection established successfully after 587.1 milliseconds"}
{"level":"INFO","message":"[12:07:32.430 PM]: Creating new connection object"}
{"level":"INFO","message":"[12:07:32.430 PM]: Creating Connection[id: 5064116c-8dfb-4c1d-8dfc-c70d79308165] with host: fya14544.snowflakecomputing.com, account: fya14544, accessUrl: https://fya14544.snowflakecomputing.com, user: EPIC_DEV, role: EPIC_DEV_ROLE, database: TEST_DEVELOPMENT_ENVIROMENT, schema: DEV_SCHEMA, warehouse: , proxy was not configured, password is provided, region: undefined, authenticator: SNOWFLAKE, ocsp mode: FAIL_OPEN, os: darwin, os version: 25.4.0"}
{"level":"INFO","message":"[12:07:32.430 PM]: Connection[id: 5064116c-8dfb-4c1d-8dfc-c70d79308165] additional details: passcode in password is provided, passcode is not provided, private key is not provided, application: undefined, client name: snowflake-sdk, client version: 2.4.0, retry timeout: 300, private key path: undefined, private key pass is not provided, client store temporary credential: false, browser response timeout: 120000"}
{"level":"INFO","message":"[12:07:32.430 PM]: Connection[id: 5064116c-8dfb-4c1d-8dfc-c70d79308165] - connection object created successfully."}
{"level":"INFO","message":"[12:07:32.430 PM]: Connection[id: 5064116c-8dfb-4c1d-8dfc-c70d79308165] - async connecting. Associated Snowflake domain: GLOBAL"}
{"level":"INFO","message":"[12:07:32.430 PM]: Connection[id: 5064116c-8dfb-4c1d-8dfc-c70d79308165] - authentication successful using: SNOWFLAKE"}
{"level":"INFO","message":"[12:07:32.951 PM]: Connection[id: 5064116c-8dfb-4c1d-8dfc-c70d79308165] - connection established successfully after 520.63 milliseconds"}
{"level":"INFO","message":"[12:12:50.362 PM]: Creating new connection object"}
{"level":"INFO","message":"[12:12:50.367 PM]: Creating Connection[id: 2396b446-4c06-40bf-b398-f4d3d0d2507b] with host: fya14544.snowflakecomputing.com, account: fya14544, accessUrl: https://fya14544.snowflakecomputing.com, user: EPIC_DEV, role: EPIC_DEV_ROLE, database: TEST_DEVELOPMENT_ENVIROMENT, schema: DEV_SCHEMA, warehouse: , proxy was not configured, password is provided, region: undefined, authenticator: SNOWFLAKE, ocsp mode: FAIL_OPEN, os: darwin, os version: 25.4.0"}
{"level":"INFO","message":"[12:12:50.367 PM]: Connection[id: 2396b446-4c06-40bf-b398-f4d3d0d2507b] additional details: passcode in password is provided, passcode is not provided, private key is not provided, application: undefined, client name: snowflake-sdk, client version: 2.4.0, retry timeout: 300, private key path: undefined, private key pass is not provided, client store temporary credential: false, browser response timeout: 120000"}
{"level":"INFO","message":"[12:12:50.367 PM]: Connection[id: 2396b446-4c06-40bf-b398-f4d3d0d2507b] - connection object created successfully."}
{"level":"INFO","message":"[12:12:50.367 PM]: Connection[id: 2396b446-4c06-40bf-b398-f4d3d0d2507b] - async connecting. Associated Snowflake domain: GLOBAL"}
{"level":"INFO","message":"[12:12:50.367 PM]: Trying to initialize Easy Logging"}
{"level":"INFO","message":"[12:12:50.376 PM]: No client config detected."}
{"level":"INFO","message":"[12:12:50.376 PM]: No config file path found. Client config will not be used."}
{"level":"INFO","message":"[12:12:50.376 PM]: Easy Logging is disabled as no config has been found"}
{"level":"INFO","message":"[12:12:50.376 PM]: Connection[id: 2396b446-4c06-40bf-b398-f4d3d0d2507b] - authentication successful using: SNOWFLAKE"}
{"level":"INFO","message":"[12:12:50.931 PM]: Connection[id: 2396b446-4c06-40bf-b398-f4d3d0d2507b] - connection established successfully after 563.75 milliseconds"}
{"level":"INFO","message":"[12:16:43.877 PM]: Creating new connection object"}
{"level":"INFO","message":"[12:16:43.882 PM]: Creating Connection[id: e84aa734-0bed-4ca6-a71f-aad70ea83710] with host: fya14544.snowflakecomputing.com, account: fya14544, accessUrl: https://fya14544.snowflakecomputing.com, user: EPIC_DEV, role: EPIC_DEV_ROLE, database: TEST_DEVELOPMENT_ENVIROMENT, schema: DEV_SCHEMA, warehouse: , proxy was not configured, password is provided, region: undefined, authenticator: SNOWFLAKE, ocsp mode: FAIL_OPEN, os: darwin, os version: 25.4.0"}
{"level":"INFO","message":"[12:16:43.882 PM]: Connection[id: e84aa734-0bed-4ca6-a71f-aad70ea83710] additional details: passcode in password is provided, passcode is not provided, private key is not provided, application: undefined, client name: snowflake-sdk, client version: 2.4.0, retry timeout: 300, private key path: undefined, private key pass is not provided, client store temporary credential: false, browser response timeout: 120000"}
{"level":"INFO","message":"[12:16:43.883 PM]: Connection[id: e84aa734-0bed-4ca6-a71f-aad70ea83710] - connection object created successfully."}
{"level":"INFO","message":"[12:16:43.883 PM]: Connection[id: e84aa734-0bed-4ca6-a71f-aad70ea83710] - async connecting. Associated Snowflake domain: GLOBAL"}
{"level":"INFO","message":"[12:16:43.883 PM]: Trying to initialize Easy Logging"}
{"level":"INFO","message":"[12:16:43.886 PM]: No client config detected."}
{"level":"INFO","message":"[12:16:43.886 PM]: No config file path found. Client config will not be used."}
{"level":"INFO","message":"[12:16:43.886 PM]: Easy Logging is disabled as no config has been found"}
{"level":"INFO","message":"[12:16:43.886 PM]: Connection[id: e84aa734-0bed-4ca6-a71f-aad70ea83710] - authentication successful using: SNOWFLAKE"}
{"level":"INFO","message":"[12:16:44.426 PM]: Connection[id: e84aa734-0bed-4ca6-a71f-aad70ea83710] - connection established successfully after 543.11 milliseconds"}
{"level":"INFO","message":"[1:19:26.393 PM]: Creating new connection object"}
{"level":"INFO","message":"[1:19:26.398 PM]: Creating Connection[id: a41313b1-0b2b-4cd2-bcc9-22212c12fa53] with host: fya14544.snowflakecomputing.com, account: fya14544, accessUrl: https://fya14544.snowflakecomputing.com, user: EPIC_DEV, role: EPIC_DEV_ROLE, database: TEST_DEVELOPMENT_ENVIROMENT, schema: DEV_SCHEMA, warehouse: , proxy was not configured, password is provided, region: undefined, authenticator: SNOWFLAKE, ocsp mode: FAIL_OPEN, os: darwin, os version: 25.4.0"}
{"level":"INFO","message":"[1:19:26.398 PM]: Connection[id: a41313b1-0b2b-4cd2-bcc9-22212c12fa53] additional details: passcode in password is provided, passcode is not provided, private key is not provided, application: undefined, client name: snowflake-sdk, client version: 2.4.0, retry timeout: 300, private key path: undefined, private key pass is not provided, client store temporary credential: false, browser response timeout: 120000"}
{"level":"INFO","message":"[1:19:26.398 PM]: Connection[id: a41313b1-0b2b-4cd2-bcc9-22212c12fa53] - connection object created successfully."}
{"level":"INFO","message":"[1:19:26.399 PM]: Connection[id: a41313b1-0b2b-4cd2-bcc9-22212c12fa53] - async connecting. Associated Snowflake domain: GLOBAL"}
{"level":"INFO","message":"[1:19:26.399 PM]: Trying to initialize Easy Logging"}
{"level":"INFO","message":"[1:19:26.412 PM]: No client config detected."}
{"level":"INFO","message":"[1:19:26.412 PM]: No config file path found. Client config will not be used."}
{"level":"INFO","message":"[1:19:26.412 PM]: Easy Logging is disabled as no config has been found"}
{"level":"INFO","message":"[1:19:26.412 PM]: Connection[id: a41313b1-0b2b-4cd2-bcc9-22212c12fa53] - authentication successful using: SNOWFLAKE"}
{"level":"INFO","message":"[1:19:27.698 PM]: Connection[id: a41313b1-0b2b-4cd2-bcc9-22212c12fa53] - connection established successfully after 1299.27 milliseconds"}
{"level":"INFO","message":"[1:53:18.439 PM]: Creating new connection object"}
{"level":"INFO","message":"[1:53:18.444 PM]: Creating Connection[id: 9f43a2a3-32f4-456b-8afc-bd5375b8d29d] with host: fya14544.snowflakecomputing.com, account: fya14544, accessUrl: https://fya14544.snowflakecomputing.com, user: EPIC_DEV, role: EPIC_DEV_ROLE, database: TEST_DEVELOPMENT_ENVIROMENT, schema: DEV_SCHEMA, warehouse: , proxy was not configured, password is provided, region: undefined, authenticator: SNOWFLAKE, ocsp mode: FAIL_OPEN, os: darwin, os version: 25.4.0"}
{"level":"INFO","message":"[1:53:18.444 PM]: Connection[id: 9f43a2a3-32f4-456b-8afc-bd5375b8d29d] additional details: passcode in password is provided, passcode is not provided, private key is not provided, application: undefined, client name: snowflake-sdk, client version: 2.4.0, retry timeout: 300, private key path: undefined, private key pass is not provided, client store temporary credential: false, browser response timeout: 120000"}
{"level":"INFO","message":"[1:53:18.444 PM]: Connection[id: 9f43a2a3-32f4-456b-8afc-bd5375b8d29d] - connection object created successfully."}
{"level":"INFO","message":"[1:53:18.445 PM]: Connection[id: 9f43a2a3-32f4-456b-8afc-bd5375b8d29d] - async connecting. Associated Snowflake domain: GLOBAL"}
{"level":"INFO","message":"[1:53:18.445 PM]: Trying to initialize Easy Logging"}
{"level":"INFO","message":"[1:53:18.449 PM]: No client config detected."}
{"level":"INFO","message":"[1:53:18.449 PM]: No config file path found. Client config will not be used."}
{"level":"INFO","message":"[1:53:18.449 PM]: Easy Logging is disabled as no config has been found"}
{"level":"INFO","message":"[1:53:18.449 PM]: Connection[id: 9f43a2a3-32f4-456b-8afc-bd5375b8d29d] - authentication successful using: SNOWFLAKE"}
{"level":"INFO","message":"[1:53:19.037 PM]: Connection[id: 9f43a2a3-32f4-456b-8afc-bd5375b8d29d] - connection established successfully after 592.53 milliseconds"}
{"level":"INFO","message":"[2:34:29.847 PM]: Creating new connection object"}
{"level":"INFO","message":"[2:34:29.852 PM]: Creating Connection[id: 8071cb9d-52bc-4111-9fbd-9705ceaeac60] with host: fya14544.snowflakecomputing.com, account: fya14544, accessUrl: https://fya14544.snowflakecomputing.com, user: EPIC_DEV, role: EPIC_DEV_ROLE, database: TEST_DEVELOPMENT_ENVIROMENT, schema: DEV_SCHEMA, warehouse: , proxy was not configured, password is provided, region: undefined, authenticator: SNOWFLAKE, ocsp mode: FAIL_OPEN, os: darwin, os version: 25.4.0"}
{"level":"INFO","message":"[2:34:29.852 PM]: Connection[id: 8071cb9d-52bc-4111-9fbd-9705ceaeac60] additional details: passcode in password is provided, passcode is not provided, private key is not provided, application: undefined, client name: snowflake-sdk, client version: 2.4.0, retry timeout: 300, private key path: undefined, private key pass is not provided, client store temporary credential: false, browser response timeout: 120000"}
{"level":"INFO","message":"[2:34:29.852 PM]: Connection[id: 8071cb9d-52bc-4111-9fbd-9705ceaeac60] - connection object created successfully."}
{"level":"INFO","message":"[2:34:29.853 PM]: Connection[id: 8071cb9d-52bc-4111-9fbd-9705ceaeac60] - async connecting. Associated Snowflake domain: GLOBAL"}
{"level":"INFO","message":"[2:34:29.853 PM]: Trying to initialize Easy Logging"}
{"level":"INFO","message":"[2:34:29.858 PM]: No client config detected."}
{"level":"INFO","message":"[2:34:29.858 PM]: No config file path found. Client config will not be used."}
{"level":"INFO","message":"[2:34:29.858 PM]: Easy Logging is disabled as no config has been found"}
{"level":"INFO","message":"[2:34:29.858 PM]: Connection[id: 8071cb9d-52bc-4111-9fbd-9705ceaeac60] - authentication successful using: SNOWFLAKE"}
{"level":"INFO","message":"[2:34:30.592 PM]: Connection[id: 8071cb9d-52bc-4111-9fbd-9705ceaeac60] - connection established successfully after 740.09 milliseconds"}
{"level":"INFO","message":"[2:49:28.042 PM]: Creating new connection object"}
{"level":"INFO","message":"[2:49:28.047 PM]: Creating Connection[id: a9c94b70-977f-4350-ae2e-512487e96a98] with host: fya14544.snowflakecomputing.com, account: fya14544, accessUrl: https://fya14544.snowflakecomputing.com, user: EPIC_DEV, role: EPIC_DEV_ROLE, database: TEST_DEVELOPMENT_ENVIROMENT, schema: DEV_SCHEMA, warehouse: , proxy was not configured, password is provided, region: undefined, authenticator: SNOWFLAKE, ocsp mode: FAIL_OPEN, os: darwin, os version: 25.4.0"}
{"level":"INFO","message":"[2:49:28.047 PM]: Connection[id: a9c94b70-977f-4350-ae2e-512487e96a98] additional details: passcode in password is provided, passcode is not provided, private key is not provided, application: undefined, client name: snowflake-sdk, client version: 2.4.0, retry timeout: 300, private key path: undefined, private key pass is not provided, client store temporary credential: false, browser response timeout: 120000"}
{"level":"INFO","message":"[2:49:28.047 PM]: Connection[id: a9c94b70-977f-4350-ae2e-512487e96a98] - connection object created successfully."}
{"level":"INFO","message":"[2:49:28.047 PM]: Connection[id: a9c94b70-977f-4350-ae2e-512487e96a98] - async connecting. Associated Snowflake domain: GLOBAL"}
{"level":"INFO","message":"[2:49:28.047 PM]: Trying to initialize Easy Logging"}
{"level":"INFO","message":"[2:49:28.053 PM]: No client config detected."}
{"level":"INFO","message":"[2:49:28.053 PM]: No config file path found. Client config will not be used."}
{"level":"INFO","message":"[2:49:28.053 PM]: Easy Logging is disabled as no config has been found"}
{"level":"INFO","message":"[2:49:28.053 PM]: Connection[id: a9c94b70-977f-4350-ae2e-512487e96a98] - authentication successful using: SNOWFLAKE"}
{"level":"INFO","message":"[2:49:28.719 PM]: Connection[id: a9c94b70-977f-4350-ae2e-512487e96a98] - connection established successfully after 671.91 milliseconds"}
{"level":"INFO","message":"[3:10:08.090 PM]: Creating new connection object"}
{"level":"INFO","message":"[3:10:08.095 PM]: Creating Connection[id: 834ce39e-672a-40c4-ad76-cdb006d4f10d] with host: fya14544.snowflakecomputing.com, account: fya14544, accessUrl: https://fya14544.snowflakecomputing.com, user: EPIC_DEV, role: EPIC_DEV_ROLE, database: TEST_DEVELOPMENT_ENVIROMENT, schema: DEV_SCHEMA, warehouse: , proxy was not configured, password is provided, region: undefined, authenticator: SNOWFLAKE, ocsp mode: FAIL_OPEN, os: darwin, os version: 25.4.0"}
{"level":"INFO","message":"[3:10:08.095 PM]: Connection[id: 834ce39e-672a-40c4-ad76-cdb006d4f10d] additional details: passcode in password is provided, passcode is not provided, private key is not provided, application: undefined, client name: snowflake-sdk, client version: 2.4.0, retry timeout: 300, private key path: undefined, private key pass is not provided, client store temporary credential: false, browser response timeout: 120000"}
{"level":"INFO","message":"[3:10:08.095 PM]: Connection[id: 834ce39e-672a-40c4-ad76-cdb006d4f10d] - connection object created successfully."}
{"level":"INFO","message":"[3:10:08.095 PM]: Connection[id: 834ce39e-672a-40c4-ad76-cdb006d4f10d] - async connecting. Associated Snowflake domain: GLOBAL"}
{"level":"INFO","message":"[3:10:08.095 PM]: Trying to initialize Easy Logging"}
{"level":"INFO","message":"[3:10:08.105 PM]: No client config detected."}
{"level":"INFO","message":"[3:10:08.106 PM]: No config file path found. Client config will not be used."}
{"level":"INFO","message":"[3:10:08.106 PM]: Easy Logging is disabled as no config has been found"}
{"level":"INFO","message":"[3:10:08.106 PM]: Connection[id: 834ce39e-672a-40c4-ad76-cdb006d4f10d] - authentication successful using: SNOWFLAKE"}
{"level":"INFO","message":"[3:10:08.955 PM]: Connection[id: 834ce39e-672a-40c4-ad76-cdb006d4f10d] - connection established successfully after 859.31 milliseconds"}
{"level":"INFO","message":"[5:00:11.450 PM]: Creating new connection object"}
{"level":"INFO","message":"[5:00:11.455 PM]: Creating Connection[id: abf79a10-ef56-43b4-bf3c-820c8721ec8e] with host: fya14544.snowflakecomputing.com, account: fya14544, accessUrl: https://fya14544.snowflakecomputing.com, user: EPIC_DEV, role: EPIC_DEV_ROLE, database: TEST_DEVELOPMENT_ENVIROMENT, schema: DEV_SCHEMA, warehouse: , proxy was not configured, password is provided, region: undefined, authenticator: SNOWFLAKE, ocsp mode: FAIL_OPEN, os: darwin, os version: 25.4.0"}
{"level":"INFO","message":"[5:00:11.455 PM]: Connection[id: abf79a10-ef56-43b4-bf3c-820c8721ec8e] additional details: passcode in password is provided, passcode is not provided, private key is not provided, application: undefined, client name: snowflake-sdk, client version: 2.4.0, retry timeout: 300, private key path: undefined, private key pass is not provided, client store temporary credential: false, browser response timeout: 120000"}
{"level":"INFO","message":"[5:00:11.455 PM]: Connection[id: abf79a10-ef56-43b4-bf3c-820c8721ec8e] - connection object created successfully."}
{"level":"INFO","message":"[5:00:11.455 PM]: Connection[id: abf79a10-ef56-43b4-bf3c-820c8721ec8e] - async connecting. Associated Snowflake domain: GLOBAL"}
{"level":"INFO","message":"[5:00:11.456 PM]: Trying to initialize Easy Logging"}
{"level":"INFO","message":"[5:00:11.457 PM]: No client config detected."}
{"level":"INFO","message":"[5:00:11.458 PM]: No config file path found. Client config will not be used."}
{"level":"INFO","message":"[5:00:11.458 PM]: Easy Logging is disabled as no config has been found"}
{"level":"INFO","message":"[5:00:11.458 PM]: Connection[id: abf79a10-ef56-43b4-bf3c-820c8721ec8e] - authentication successful using: SNOWFLAKE"}
{"level":"INFO","message":"[5:00:13.775 PM]: Connection[id: abf79a10-ef56-43b4-bf3c-820c8721ec8e] - connection established successfully after 2319.61 milliseconds"}
{"level":"INFO","message":"[6:30:13.069 PM]: Creating new connection object"}
{"level":"INFO","message":"[6:30:13.073 PM]: Creating Connection[id: a021dd89-5307-444e-98cf-b6b933a7656b] with host: fya14544.snowflakecomputing.com, account: fya14544, accessUrl: https://fya14544.snowflakecomputing.com, user: EPIC_DEV, role: EPIC_DEV_ROLE, database: TEST_DEVELOPMENT_ENVIROMENT, schema: DEV_SCHEMA, warehouse: , proxy was not configured, password is provided, region: undefined, authenticator: SNOWFLAKE, ocsp mode: FAIL_OPEN, os: darwin, os version: 25.4.0"}
{"level":"INFO","message":"[6:30:13.074 PM]: Connection[id: a021dd89-5307-444e-98cf-b6b933a7656b] additional details: passcode in password is provided, passcode is not provided, private key is not provided, application: undefined, client name: snowflake-sdk, client version: 2.4.0, retry timeout: 300, private key path: undefined, private key pass is not provided, client store temporary credential: false, browser response timeout: 120000"}
{"level":"INFO","message":"[6:30:13.074 PM]: Connection[id: a021dd89-5307-444e-98cf-b6b933a7656b] - connection object created successfully."}
{"level":"INFO","message":"[6:30:13.074 PM]: Connection[id: a021dd89-5307-444e-98cf-b6b933a7656b] - async connecting. Associated Snowflake domain: GLOBAL"}
{"level":"INFO","message":"[6:30:13.074 PM]: Trying to initialize Easy Logging"}
{"level":"INFO","message":"[6:30:13.081 PM]: No client config detected."}
{"level":"INFO","message":"[6:30:13.081 PM]: No config file path found. Client config will not be used."}
{"level":"INFO","message":"[6:30:13.081 PM]: Easy Logging is disabled as no config has been found"}
{"level":"INFO","message":"[6:30:13.081 PM]: Connection[id: a021dd89-5307-444e-98cf-b6b933a7656b] - authentication successful using: SNOWFLAKE"}
{"level":"INFO","message":"[6:30:14.279 PM]: Connection[id: a021dd89-5307-444e-98cf-b6b933a7656b] - connection established successfully after 1204.82 milliseconds"}
{"level":"INFO","message":"[9:29:42.200 PM]: Creating new connection object"}
{"level":"INFO","message":"[9:29:42.204 PM]: Creating Connection[id: b59012fd-cf1f-4444-a23a-fb6da41b6923] with host: fya14544.snowflakecomputing.com, account: fya14544, accessUrl: https://fya14544.snowflakecomputing.com, user: EPIC_DEV, role: EPIC_DEV_ROLE, database: TEST_DEVELOPMENT_ENVIROMENT, schema: DEV_SCHEMA, warehouse: , proxy was not configured, password is provided, region: undefined, authenticator: SNOWFLAKE, ocsp mode: FAIL_OPEN, os: darwin, os version: 25.4.0"}
{"level":"INFO","message":"[9:29:42.205 PM]: Connection[id: b59012fd-cf1f-4444-a23a-fb6da41b6923] additional details: passcode in password is provided, passcode is not provided, private key is not provided, application: undefined, client name: snowflake-sdk, client version: 2.4.0, retry timeout: 300, private key path: undefined, private key pass is not provided, client store temporary credential: false, browser response timeout: 120000"}
{"level":"INFO","message":"[9:29:42.205 PM]: Connection[id: b59012fd-cf1f-4444-a23a-fb6da41b6923] - connection object created successfully."}
{"level":"INFO","message":"[9:29:42.205 PM]: Connection[id: b59012fd-cf1f-4444-a23a-fb6da41b6923] - async connecting. Associated Snowflake domain: GLOBAL"}
{"level":"INFO","message":"[9:29:42.205 PM]: Trying to initialize Easy Logging"}
{"level":"INFO","message":"[9:29:42.210 PM]: No client config detected."}
{"level":"INFO","message":"[9:29:42.211 PM]: No config file path found. Client config will not be used."}
{"level":"INFO","message":"[9:29:42.211 PM]: Easy Logging is disabled as no config has been found"}
{"level":"INFO","message":"[9:29:42.211 PM]: Connection[id: b59012fd-cf1f-4444-a23a-fb6da41b6923] - authentication successful using: SNOWFLAKE"}
{"level":"INFO","message":"[9:29:42.882 PM]: Connection[id: b59012fd-cf1f-4444-a23a-fb6da41b6923] - connection established successfully after 677.46 milliseconds"}
{"level":"INFO","message":"[7:46:01.617 PM]: Creating new connection object"}
{"level":"INFO","message":"[7:46:01.622 PM]: Creating Connection[id: 78e3f850-3641-4398-bf7b-1b7c5724cd6b] with host: fya14544.snowflakecomputing.com, account: fya14544, accessUrl: https://fya14544.snowflakecomputing.com, user: EPIC_DEV, role: EPIC_DEV_ROLE, database: TEST_DEVELOPMENT_ENVIROMENT, schema: DEV_SCHEMA, warehouse: , proxy was not configured, password is provided, region: undefined, authenticator: SNOWFLAKE, ocsp mode: FAIL_OPEN, os: darwin, os version: 25.4.0"}
{"level":"INFO","message":"[7:46:01.622 PM]: Connection[id: 78e3f850-3641-4398-bf7b-1b7c5724cd6b] additional details: passcode in password is provided, passcode is not provided, private key is not provided, application: undefined, client name: snowflake-sdk, client version: 2.4.0, retry timeout: 300, private key path: undefined, private key pass is not provided, client store temporary credential: false, browser response timeout: 120000"}
{"level":"INFO","message":"[7:46:01.622 PM]: Connection[id: 78e3f850-3641-4398-bf7b-1b7c5724cd6b] - connection object created successfully."}
{"level":"INFO","message":"[7:46:01.623 PM]: Connection[id: 78e3f850-3641-4398-bf7b-1b7c5724cd6b] - async connecting. Associated Snowflake domain: GLOBAL"}
{"level":"INFO","message":"[7:46:01.623 PM]: Trying to initialize Easy Logging"}
{"level":"INFO","message":"[7:46:01.636 PM]: No client config detected."}
{"level":"INFO","message":"[7:46:01.637 PM]: No config file path found. Client config will not be used."}
{"level":"INFO","message":"[7:46:01.637 PM]: Easy Logging is disabled as no config has been found"}
{"level":"INFO","message":"[7:46:01.637 PM]: Connection[id: 78e3f850-3641-4398-bf7b-1b7c5724cd6b] - authentication successful using: SNOWFLAKE"}
{"level":"INFO","message":"[7:46:02.918 PM]: Connection[id: 78e3f850-3641-4398-bf7b-1b7c5724cd6b] - connection established successfully after 1294.81 milliseconds"}
{"level":"INFO","message":"[9:17:02.655 AM]: Creating new connection object"}
{"level":"INFO","message":"[9:17:02.660 AM]: Creating Connection[id: c04915c9-13f3-4d5a-8cf0-7be5446202a7] with host: fya14544.snowflakecomputing.com, account: fya14544, accessUrl: https://fya14544.snowflakecomputing.com, user: EPIC_DEV, role: EPIC_DEV_ROLE, database: TEST_DEVELOPMENT_ENVIROMENT, schema: DEV_SCHEMA, warehouse: , proxy was not configured, password is provided, region: undefined, authenticator: SNOWFLAKE, ocsp mode: FAIL_OPEN, os: darwin, os version: 25.4.0"}
{"level":"INFO","message":"[9:17:02.660 AM]: Connection[id: c04915c9-13f3-4d5a-8cf0-7be5446202a7] additional details: passcode in password is provided, passcode is not provided, private key is not provided, application: undefined, client name: snowflake-sdk, client version: 2.4.0, retry timeout: 300, private key path: undefined, private key pass is not provided, client store temporary credential: false, browser response timeout: 120000"}
{"level":"INFO","message":"[9:17:02.660 AM]: Connection[id: c04915c9-13f3-4d5a-8cf0-7be5446202a7] - connection object created successfully."}
{"level":"INFO","message":"[9:17:02.660 AM]: Connection[id: c04915c9-13f3-4d5a-8cf0-7be5446202a7] - async connecting. Associated Snowflake domain: GLOBAL"}
{"level":"INFO","message":"[9:17:02.660 AM]: Trying to initialize Easy Logging"}
{"level":"INFO","message":"[9:17:02.664 AM]: No client config detected."}
{"level":"INFO","message":"[9:17:02.664 AM]: No config file path found. Client config will not be used."}
{"level":"INFO","message":"[9:17:02.664 AM]: Easy Logging is disabled as no config has been found"}
{"level":"INFO","message":"[9:17:02.664 AM]: Connection[id: c04915c9-13f3-4d5a-8cf0-7be5446202a7] - authentication successful using: SNOWFLAKE"}
{"level":"INFO","message":"[9:17:03.318 AM]: Connection[id: c04915c9-13f3-4d5a-8cf0-7be5446202a7] - connection established successfully after 657.99 milliseconds"}
{"level":"INFO","message":"[10:10:47.892 AM]: Creating new connection object"}
{"level":"INFO","message":"[10:10:47.896 AM]: Creating Connection[id: d194e31e-f365-4209-879c-aa4f0d704744] with host: fya14544.snowflakecomputing.com, account: fya14544, accessUrl: https://fya14544.snowflakecomputing.com, user: EPIC_DEV, role: EPIC_DEV_ROLE, database: TEST_DEVELOPMENT_ENVIROMENT, schema: DEV_SCHEMA, warehouse: , proxy was not configured, password is provided, region: undefined, authenticator: SNOWFLAKE, ocsp mode: FAIL_OPEN, os: darwin, os version: 25.4.0"}
{"level":"INFO","message":"[10:10:47.897 AM]: Connection[id: d194e31e-f365-4209-879c-aa4f0d704744] additional details: passcode in password is provided, passcode is not provided, private key is not provided, application: undefined, client name: snowflake-sdk, client version: 2.4.0, retry timeout: 300, private key path: undefined, private key pass is not provided, client store temporary credential: false, browser response timeout: 120000"}
{"level":"INFO","message":"[10:10:47.897 AM]: Connection[id: d194e31e-f365-4209-879c-aa4f0d704744] - connection object created successfully."}
{"level":"INFO","message":"[10:10:47.897 AM]: Connection[id: d194e31e-f365-4209-879c-aa4f0d704744] - async connecting. Associated Snowflake domain: GLOBAL"}
{"level":"INFO","message":"[10:10:47.897 AM]: Trying to initialize Easy Logging"}
{"level":"INFO","message":"[10:10:47.898 AM]: No client config detected."}
{"level":"INFO","message":"[10:10:47.899 AM]: No config file path found. Client config will not be used."}
{"level":"INFO","message":"[10:10:47.899 AM]: Easy Logging is disabled as no config has been found"}
{"level":"INFO","message":"[10:10:47.899 AM]: Connection[id: d194e31e-f365-4209-879c-aa4f0d704744] - authentication successful using: SNOWFLAKE"}
{"level":"INFO","message":"[10:10:48.556 AM]: Connection[id: d194e31e-f365-4209-879c-aa4f0d704744] - connection established successfully after 659 milliseconds"}
{"level":"INFO","message":"[10:41:06.963 AM]: Creating new connection object"}
{"level":"INFO","message":"[10:41:06.968 AM]: Creating Connection[id: f081540f-731d-4c1f-ae31-a2fa63d42143] with host: fya14544.snowflakecomputing.com, account: fya14544, accessUrl: https://fya14544.snowflakecomputing.com, user: EPIC_DEV, role: EPIC_DEV_ROLE, database: TEST_DEVELOPMENT_ENVIROMENT, schema: DEV_SCHEMA, warehouse: , proxy was not configured, password is provided, region: undefined, authenticator: SNOWFLAKE, ocsp mode: FAIL_OPEN, os: darwin, os version: 25.4.0"}
{"level":"INFO","message":"[10:41:06.968 AM]: Connection[id: f081540f-731d-4c1f-ae31-a2fa63d42143] additional details: passcode in password is provided, passcode is not provided, private key is not provided, application: undefined, client name: snowflake-sdk, client version: 2.4.0, retry timeout: 300, private key path: undefined, private key pass is not provided, client store temporary credential: false, browser response timeout: 120000"}
{"level":"INFO","message":"[10:41:06.968 AM]: Connection[id: f081540f-731d-4c1f-ae31-a2fa63d42143] - connection object created successfully."}
{"level":"INFO","message":"[10:41:06.968 AM]: Connection[id: f081540f-731d-4c1f-ae31-a2fa63d42143] - async connecting. Associated Snowflake domain: GLOBAL"}
{"level":"INFO","message":"[10:41:06.968 AM]: Trying to initialize Easy Logging"}
{"level":"INFO","message":"[10:41:06.973 AM]: No client config detected."}
{"level":"INFO","message":"[10:41:06.973 AM]: No config file path found. Client config will not be used."}
{"level":"INFO","message":"[10:41:06.973 AM]: Easy Logging is disabled as no config has been found"}
{"level":"INFO","message":"[10:41:06.973 AM]: Connection[id: f081540f-731d-4c1f-ae31-a2fa63d42143] - authentication successful using: SNOWFLAKE"}
{"level":"INFO","message":"[10:41:07.820 AM]: Connection[id: f081540f-731d-4c1f-ae31-a2fa63d42143] - connection established successfully after 851.89 milliseconds"}
{"level":"INFO","message":"[10:46:04.447 AM]: Creating new connection object"}
{"level":"INFO","message":"[10:46:04.453 AM]: Creating Connection[id: 6b70efa9-8251-490b-9499-eb27cbc79054] with host: fya14544.snowflakecomputing.com, account: fya14544, accessUrl: https://fya14544.snowflakecomputing.com, user: EPIC_DEV, role: EPIC_DEV_ROLE, database: TEST_DEVELOPMENT_ENVIROMENT, schema: DEV_SCHEMA, warehouse: , proxy was not configured, password is provided, region: undefined, authenticator: SNOWFLAKE, ocsp mode: FAIL_OPEN, os: darwin, os version: 25.4.0"}
{"level":"INFO","message":"[10:46:04.453 AM]: Connection[id: 6b70efa9-8251-490b-9499-eb27cbc79054] additional details: passcode in password is provided, passcode is not provided, private key is not provided, application: undefined, client name: snowflake-sdk, client version: 2.4.0, retry timeout: 300, private key path: undefined, private key pass is not provided, client store temporary credential: false, browser response timeout: 120000"}
{"level":"INFO","message":"[10:46:04.453 AM]: Connection[id: 6b70efa9-8251-490b-9499-eb27cbc79054] - connection object created successfully."}
{"level":"INFO","message":"[10:46:04.456 AM]: Connection[id: 6b70efa9-8251-490b-9499-eb27cbc79054] - async connecting. Associated Snowflake domain: GLOBAL"}
{"level":"INFO","message":"[10:46:04.457 AM]: Trying to initialize Easy Logging"}
{"level":"INFO","message":"[10:46:04.467 AM]: No client config detected."}
{"level":"INFO","message":"[10:46:04.467 AM]: No config file path found. Client config will not be used."}
{"level":"INFO","message":"[10:46:04.467 AM]: Easy Logging is disabled as no config has been found"}
{"level":"INFO","message":"[10:46:04.467 AM]: Connection[id: 6b70efa9-8251-490b-9499-eb27cbc79054] - authentication successful using: SNOWFLAKE"}
{"level":"INFO","message":"[10:46:05.189 AM]: Connection[id: 6b70efa9-8251-490b-9499-eb27cbc79054] - connection established successfully after 733.44 milliseconds"}
{"level":"INFO","message":"[11:01:33.052 AM]: Creating new connection object"}
{"level":"INFO","message":"[11:01:33.056 AM]: Creating Connection[id: 33e7927d-938c-4936-bc80-f03df2affe2c] with host: fya14544.snowflakecomputing.com, account: fya14544, accessUrl: https://fya14544.snowflakecomputing.com, user: EPIC_DEV, role: EPIC_DEV_ROLE, database: TEST_DEVELOPMENT_ENVIROMENT, schema: DEV_SCHEMA, warehouse: , proxy was not configured, password is provided, region: undefined, authenticator: SNOWFLAKE, ocsp mode: FAIL_OPEN, os: darwin, os version: 25.4.0"}
{"level":"INFO","message":"[11:01:33.056 AM]: Connection[id: 33e7927d-938c-4936-bc80-f03df2affe2c] additional details: passcode in password is provided, passcode is not provided, private key is not provided, application: undefined, client name: snowflake-sdk, client version: 2.4.0, retry timeout: 300, private key path: undefined, private key pass is not provided, client store temporary credential: false, browser response timeout: 120000"}
{"level":"INFO","message":"[11:01:33.057 AM]: Connection[id: 33e7927d-938c-4936-bc80-f03df2affe2c] - connection object created successfully."}
{"level":"INFO","message":"[11:01:33.057 AM]: Connection[id: 33e7927d-938c-4936-bc80-f03df2affe2c] - async connecting. Associated Snowflake domain: GLOBAL"}
{"level":"INFO","message":"[11:01:33.057 AM]: Trying to initialize Easy Logging"}
{"level":"INFO","message":"[11:01:33.058 AM]: No client config detected."}
{"level":"INFO","message":"[11:01:33.058 AM]: No config file path found. Client config will not be used."}
{"level":"INFO","message":"[11:01:33.058 AM]: Easy Logging is disabled as no config has been found"}
{"level":"INFO","message":"[11:01:33.058 AM]: Connection[id: 33e7927d-938c-4936-bc80-f03df2affe2c] - authentication successful using: SNOWFLAKE"}
{"level":"INFO","message":"[11:01:34.445 AM]: Connection[id: 33e7927d-938c-4936-bc80-f03df2affe2c] - connection established successfully after 1387.9 milliseconds"}
{"level":"INFO","message":"[1:43:03.088 PM]: Creating new connection object"}
{"level":"INFO","message":"[1:43:03.094 PM]: Creating Connection[id: e741b0b6-416f-4ec5-b35b-b21f422170a5] with host: fya14544.snowflakecomputing.com, account: fya14544, accessUrl: https://fya14544.snowflakecomputing.com, user: EPIC_DEV, role: EPIC_DEV_ROLE, database: TEST_DEVELOPMENT_ENVIROMENT, schema: DEV_SCHEMA, warehouse: , proxy was not configured, password is provided, region: undefined, authenticator: SNOWFLAKE, ocsp mode: FAIL_OPEN, os: darwin, os version: 25.4.0"}
{"level":"INFO","message":"[1:43:03.094 PM]: Connection[id: e741b0b6-416f-4ec5-b35b-b21f422170a5] additional details: passcode in password is provided, passcode is not provided, private key is not provided, application: undefined, client name: snowflake-sdk, client version: 2.4.0, retry timeout: 300, private key path: undefined, private key pass is not provided, client store temporary credential: false, browser response timeout: 120000"}
{"level":"INFO","message":"[1:43:03.094 PM]: Connection[id: e741b0b6-416f-4ec5-b35b-b21f422170a5] - connection object created successfully."}
{"level":"INFO","message":"[1:43:03.094 PM]: Connection[id: e741b0b6-416f-4ec5-b35b-b21f422170a5] - async connecting. Associated Snowflake domain: GLOBAL"}
{"level":"INFO","message":"[1:43:03.094 PM]: Trying to initialize Easy Logging"}
{"level":"INFO","message":"[1:43:03.096 PM]: No client config detected."}
{"level":"INFO","message":"[1:43:03.096 PM]: No config file path found. Client config will not be used."}
{"level":"INFO","message":"[1:43:03.096 PM]: Easy Logging is disabled as no config has been found"}
{"level":"INFO","message":"[1:43:03.096 PM]: Connection[id: e741b0b6-416f-4ec5-b35b-b21f422170a5] - authentication successful using: SNOWFLAKE"}
{"level":"INFO","message":"[1:43:04.597 PM]: Connection[id: e741b0b6-416f-4ec5-b35b-b21f422170a5] - connection established successfully after 1502.5 milliseconds"}
{"level":"INFO","message":"[1:50:50.853 PM]: Creating new connection object"}
{"level":"INFO","message":"[1:50:50.858 PM]: Creating Connection[id: 11d306bf-2d06-429d-a5bf-d344b7ba8d5b] with host: fya14544.snowflakecomputing.com, account: fya14544, accessUrl: https://fya14544.snowflakecomputing.com, user: EPIC_DEV, role: EPIC_DEV_ROLE, database: TEST_DEVELOPMENT_ENVIROMENT, schema: DEV_SCHEMA, warehouse: , proxy was not configured, password is provided, region: undefined, authenticator: SNOWFLAKE, ocsp mode: FAIL_OPEN, os: darwin, os version: 25.4.0"}
{"level":"INFO","message":"[1:50:50.858 PM]: Connection[id: 11d306bf-2d06-429d-a5bf-d344b7ba8d5b] additional details: passcode in password is provided, passcode is not provided, private key is not provided, application: undefined, client name: snowflake-sdk, client version: 2.4.0, retry timeout: 300, private key path: undefined, private key pass is not provided, client store temporary credential: false, browser response timeout: 120000"}
{"level":"INFO","message":"[1:50:50.858 PM]: Connection[id: 11d306bf-2d06-429d-a5bf-d344b7ba8d5b] - connection object created successfully."}
{"level":"INFO","message":"[1:50:50.859 PM]: Connection[id: 11d306bf-2d06-429d-a5bf-d344b7ba8d5b] - async connecting. Associated Snowflake domain: GLOBAL"}
{"level":"INFO","message":"[1:50:50.859 PM]: Trying to initialize Easy Logging"}
{"level":"INFO","message":"[1:50:50.860 PM]: No client config detected."}
{"level":"INFO","message":"[1:50:50.860 PM]: No config file path found. Client config will not be used."}
{"level":"INFO","message":"[1:50:50.860 PM]: Easy Logging is disabled as no config has been found"}
{"level":"INFO","message":"[1:50:50.860 PM]: Connection[id: 11d306bf-2d06-429d-a5bf-d344b7ba8d5b] - authentication successful using: SNOWFLAKE"}
{"level":"INFO","message":"[1:50:51.524 PM]: Connection[id: 11d306bf-2d06-429d-a5bf-d344b7ba8d5b] - connection established successfully after 665.31 milliseconds"}
{"level":"INFO","message":"[7:12:42.358 PM]: Creating new connection object"}
{"level":"INFO","message":"[7:12:42.363 PM]: Creating Connection[id: 826804f5-15c0-47bd-87c9-186d1fee814d] with host: fya14544.snowflakecomputing.com, account: fya14544, accessUrl: https://fya14544.snowflakecomputing.com, user: EPIC_DEV, role: EPIC_DEV_ROLE, database: TEST_DEVELOPMENT_ENVIROMENT, schema: DEV_SCHEMA, warehouse: , proxy was not configured, password is provided, region: undefined, authenticator: SNOWFLAKE, ocsp mode: FAIL_OPEN, os: darwin, os version: 25.4.0"}
{"level":"INFO","message":"[7:12:42.364 PM]: Connection[id: 826804f5-15c0-47bd-87c9-186d1fee814d] additional details: passcode in password is provided, passcode is not provided, private key is not provided, application: undefined, client name: snowflake-sdk, client version: 2.4.0, retry timeout: 300, private key path: undefined, private key pass is not provided, client store temporary credential: false, browser response timeout: 120000"}
{"level":"INFO","message":"[7:12:42.364 PM]: Connection[id: 826804f5-15c0-47bd-87c9-186d1fee814d] - connection object created successfully."}
{"level":"INFO","message":"[7:12:42.364 PM]: Connection[id: 826804f5-15c0-47bd-87c9-186d1fee814d] - async connecting. Associated Snowflake domain: GLOBAL"}
{"level":"INFO","message":"[7:12:42.364 PM]: Trying to initialize Easy Logging"}
{"level":"INFO","message":"[7:12:42.375 PM]: No client config detected."}
{"level":"INFO","message":"[7:12:42.375 PM]: No config file path found. Client config will not be used."}
{"level":"INFO","message":"[7:12:42.375 PM]: Easy Logging is disabled as no config has been found"}
{"level":"INFO","message":"[7:12:42.376 PM]: Connection[id: 826804f5-15c0-47bd-87c9-186d1fee814d] - authentication successful using: SNOWFLAKE"}
{"level":"INFO","message":"[7:12:43.118 PM]: Connection[id: 826804f5-15c0-47bd-87c9-186d1fee814d] - connection established successfully after 754.57 milliseconds"}
{"level":"INFO","message":"[7:21:47.148 PM]: Creating new connection object"}
{"level":"INFO","message":"[7:21:47.154 PM]: Creating Connection[id: e0d2e279-2271-4322-96e9-d73e2dd8e198] with host: fya14544.snowflakecomputing.com, account: fya14544, accessUrl: https://fya14544.snowflakecomputing.com, user: EPIC_DEV, role: EPIC_DEV_ROLE, database: TEST_DEVELOPMENT_ENVIROMENT, schema: DEV_SCHEMA, warehouse: , proxy was not configured, password is provided, region: undefined, authenticator: SNOWFLAKE, ocsp mode: FAIL_OPEN, os: darwin, os version: 25.4.0"}
{"level":"INFO","message":"[7:21:47.154 PM]: Connection[id: e0d2e279-2271-4322-96e9-d73e2dd8e198] additional details: passcode in password is provided, passcode is not provided, private key is not provided, application: undefined, client name: snowflake-sdk, client version: 2.4.0, retry timeout: 300, private key path: undefined, private key pass is not provided, client store temporary credential: false, browser response timeout: 120000"}
{"level":"INFO","message":"[7:21:47.154 PM]: Connection[id: e0d2e279-2271-4322-96e9-d73e2dd8e198] - connection object created successfully."}
{"level":"INFO","message":"[7:21:47.154 PM]: Connection[id: e0d2e279-2271-4322-96e9-d73e2dd8e198] - async connecting. Associated Snowflake domain: GLOBAL"}
{"level":"INFO","message":"[7:21:47.154 PM]: Trying to initialize Easy Logging"}
{"level":"INFO","message":"[7:21:47.156 PM]: No client config detected."}
{"level":"INFO","message":"[7:21:47.156 PM]: No config file path found. Client config will not be used."}
{"level":"INFO","message":"[7:21:47.156 PM]: Easy Logging is disabled as no config has been found"}
{"level":"INFO","message":"[7:21:47.156 PM]: Connection[id: e0d2e279-2271-4322-96e9-d73e2dd8e198] - authentication successful using: SNOWFLAKE"}
{"level":"INFO","message":"[7:21:47.885 PM]: Connection[id: e0d2e279-2271-4322-96e9-d73e2dd8e198] - connection established successfully after 730.74 milliseconds"}
{"level":"INFO","message":"[8:27:02.206 PM]: Creating new connection object"}
{"level":"INFO","message":"[8:27:02.211 PM]: Creating Connection[id: fbc13238-2ded-4b1d-b627-449413c5bf04] with host: fya14544.snowflakecomputing.com, account: fya14544, accessUrl: https://fya14544.snowflakecomputing.com, user: EPIC_DEV, role: EPIC_DEV_ROLE, database: TEST_DEVELOPMENT_ENVIROMENT, schema: DEV_SCHEMA, warehouse: , proxy was not configured, password is provided, region: undefined, authenticator: SNOWFLAKE, ocsp mode: FAIL_OPEN, os: darwin, os version: 25.4.0"}
{"level":"INFO","message":"[8:27:02.211 PM]: Connection[id: fbc13238-2ded-4b1d-b627-449413c5bf04] additional details: passcode in password is provided, passcode is not provided, private key is not provided, application: undefined, client name: snowflake-sdk, client version: 2.4.0, retry timeout: 300, private key path: undefined, private key pass is not provided, client store temporary credential: false, browser response timeout: 120000"}
{"level":"INFO","message":"[8:27:02.211 PM]: Connection[id: fbc13238-2ded-4b1d-b627-449413c5bf04] - connection object created successfully."}
{"level":"INFO","message":"[8:27:02.211 PM]: Connection[id: fbc13238-2ded-4b1d-b627-449413c5bf04] - async connecting. Associated Snowflake domain: GLOBAL"}
{"level":"INFO","message":"[8:27:02.211 PM]: Trying to initialize Easy Logging"}
{"level":"INFO","message":"[8:27:02.230 PM]: No client config detected."}
{"level":"INFO","message":"[8:27:02.230 PM]: No config file path found. Client config will not be used."}
{"level":"INFO","message":"[8:27:02.230 PM]: Easy Logging is disabled as no config has been found"}
{"level":"INFO","message":"[8:27:02.230 PM]: Connection[id: fbc13238-2ded-4b1d-b627-449413c5bf04] - authentication successful using: SNOWFLAKE"}
{"level":"INFO","message":"[8:27:02.891 PM]: Connection[id: fbc13238-2ded-4b1d-b627-449413c5bf04] - connection established successfully after 680.24 milliseconds"}
{"level":"INFO","message":"[2:23:47.037 PM]: Creating new connection object"}
{"level":"INFO","message":"[2:23:47.042 PM]: Creating Connection[id: e7b48c72-feb9-4617-8f7d-273d6d7743b6] with host: fya14544.snowflakecomputing.com, account: fya14544, accessUrl: https://fya14544.snowflakecomputing.com, user: EPIC_DEV, role: EPIC_DEV_ROLE, database: TEST_DEVELOPMENT_ENVIROMENT, schema: DEV_SCHEMA, warehouse: , proxy was not configured, password is provided, region: undefined, authenticator: SNOWFLAKE, ocsp mode: FAIL_OPEN, os: darwin, os version: 25.4.0"}
{"level":"INFO","message":"[2:23:47.042 PM]: Connection[id: e7b48c72-feb9-4617-8f7d-273d6d7743b6] additional details: passcode in password is provided, passcode is not provided, private key is not provided, application: undefined, client name: snowflake-sdk, client version: 2.4.0, retry timeout: 300, private key path: undefined, private key pass is not provided, client store temporary credential: false, browser response timeout: 120000"}
{"level":"INFO","message":"[2:23:47.042 PM]: Connection[id: e7b48c72-feb9-4617-8f7d-273d6d7743b6] - connection object created successfully."}
{"level":"INFO","message":"[2:23:47.042 PM]: Connection[id: e7b48c72-feb9-4617-8f7d-273d6d7743b6] - async connecting. Associated Snowflake domain: GLOBAL"}
{"level":"INFO","message":"[2:23:47.043 PM]: Trying to initialize Easy Logging"}
{"level":"INFO","message":"[2:23:47.063 PM]: No client config detected."}
{"level":"INFO","message":"[2:23:47.063 PM]: No config file path found. Client config will not be used."}
{"level":"INFO","message":"[2:23:47.063 PM]: Easy Logging is disabled as no config has been found"}
{"level":"INFO","message":"[2:23:47.063 PM]: Connection[id: e7b48c72-feb9-4617-8f7d-273d6d7743b6] - authentication successful using: SNOWFLAKE"}
{"level":"INFO","message":"[2:23:47.835 PM]: Connection[id: e7b48c72-feb9-4617-8f7d-273d6d7743b6] - connection established successfully after 792.34 milliseconds"}
{"level":"INFO","message":"[7:22:56.781 PM]: Creating new connection object"}
{"level":"INFO","message":"[7:22:56.786 PM]: Creating Connection[id: a7df8445-b6e4-427f-bb90-08e72e75ee4b] with host: fya14544.snowflakecomputing.com, account: fya14544, accessUrl: https://fya14544.snowflakecomputing.com, user: EPIC_DEV, role: EPIC_DEV_ROLE, database: TEST_DEVELOPMENT_ENVIROMENT, schema: DEV_SCHEMA, warehouse: , proxy was not configured, password is provided, region: undefined, authenticator: SNOWFLAKE, ocsp mode: FAIL_OPEN, os: darwin, os version: 25.4.0"}
{"level":"INFO","message":"[7:22:56.786 PM]: Connection[id: a7df8445-b6e4-427f-bb90-08e72e75ee4b] additional details: passcode in password is provided, passcode is not provided, private key is not provided, application: undefined, client name: snowflake-sdk, client version: 2.4.0, retry timeout: 300, private key path: undefined, private key pass is not provided, client store temporary credential: false, browser response timeout: 120000"}
{"level":"INFO","message":"[7:22:56.786 PM]: Connection[id: a7df8445-b6e4-427f-bb90-08e72e75ee4b] - connection object created successfully."}
{"level":"INFO","message":"[7:22:56.786 PM]: Connection[id: a7df8445-b6e4-427f-bb90-08e72e75ee4b] - async connecting. Associated Snowflake domain: GLOBAL"}
{"level":"INFO","message":"[7:22:56.787 PM]: Trying to initialize Easy Logging"}
{"level":"INFO","message":"[7:22:56.800 PM]: No client config detected."}
{"level":"INFO","message":"[7:22:56.801 PM]: No config file path found. Client config will not be used."}
{"level":"INFO","message":"[7:22:56.801 PM]: Easy Logging is disabled as no config has been found"}
{"level":"INFO","message":"[7:22:56.801 PM]: Connection[id: a7df8445-b6e4-427f-bb90-08e72e75ee4b] - authentication successful using: SNOWFLAKE"}
{"level":"INFO","message":"[7:22:58.070 PM]: Connection[id: a7df8445-b6e4-427f-bb90-08e72e75ee4b] - connection established successfully after 1283.29 milliseconds"}
{"level":"INFO","message":"[10:05:53.112 AM]: Creating new connection object"}
{"level":"INFO","message":"[10:05:53.117 AM]: Creating Connection[id: 9efcdd61-8d1a-488a-9ed5-a25dcfaf5ee6] with host: fya14544.snowflakecomputing.com, account: fya14544, accessUrl: https://fya14544.snowflakecomputing.com, user: EPIC_DEV, role: EPIC_DEV_ROLE, database: TEST_DEVELOPMENT_ENVIROMENT, schema: DEV_SCHEMA, warehouse: , proxy was not configured, password is provided, region: undefined, authenticator: SNOWFLAKE, ocsp mode: FAIL_OPEN, os: darwin, os version: 25.4.0"}
{"level":"INFO","message":"[10:05:53.117 AM]: Connection[id: 9efcdd61-8d1a-488a-9ed5-a25dcfaf5ee6] additional details: passcode in password is provided, passcode is not provided, private key is not provided, application: undefined, client name: snowflake-sdk, client version: 2.4.0, retry timeout: 300, private key path: undefined, private key pass is not provided, client store temporary credential: false, browser response timeout: 120000"}
{"level":"INFO","message":"[10:05:53.117 AM]: Connection[id: 9efcdd61-8d1a-488a-9ed5-a25dcfaf5ee6] - connection object created successfully."}
{"level":"INFO","message":"[10:05:53.118 AM]: Connection[id: 9efcdd61-8d1a-488a-9ed5-a25dcfaf5ee6] - async connecting. Associated Snowflake domain: GLOBAL"}
{"level":"INFO","message":"[10:05:53.118 AM]: Trying to initialize Easy Logging"}
{"level":"INFO","message":"[10:05:53.147 AM]: No client config detected."}
{"level":"INFO","message":"[10:05:53.147 AM]: No config file path found. Client config will not be used."}
{"level":"INFO","message":"[10:05:53.147 AM]: Easy Logging is disabled as no config has been found"}
{"level":"INFO","message":"[10:05:53.147 AM]: Connection[id: 9efcdd61-8d1a-488a-9ed5-a25dcfaf5ee6] - authentication successful using: SNOWFLAKE"}
{"level":"INFO","message":"[10:05:54.374 AM]: Connection[id: 9efcdd61-8d1a-488a-9ed5-a25dcfaf5ee6] - connection established successfully after 1256.54 milliseconds"}
{"level":"INFO","message":"[2:02:18.379 PM]: Creating new connection object"}
{"level":"INFO","message":"[2:02:18.383 PM]: Creating Connection[id: a3016e93-45a6-44d9-a3d6-127ba055bf9f] with host: fya14544.snowflakecomputing.com, account: fya14544, accessUrl: https://fya14544.snowflakecomputing.com, user: EPIC_DEV, role: EPIC_DEV_ROLE, database: TEST_DEVELOPMENT_ENVIROMENT, schema: DEV_SCHEMA, warehouse: , proxy was not configured, password is provided, region: undefined, authenticator: SNOWFLAKE, ocsp mode: FAIL_OPEN, os: darwin, os version: 25.4.0"}
{"level":"INFO","message":"[2:02:18.384 PM]: Connection[id: a3016e93-45a6-44d9-a3d6-127ba055bf9f] additional details: passcode in password is provided, passcode is not provided, private key is not provided, application: undefined, client name: snowflake-sdk, client version: 2.4.0, retry timeout: 300, private key path: undefined, private key pass is not provided, client store temporary credential: false, browser response timeout: 120000"}
{"level":"INFO","message":"[2:02:18.384 PM]: Connection[id: a3016e93-45a6-44d9-a3d6-127ba055bf9f] - connection object created successfully."}
{"level":"INFO","message":"[2:02:18.384 PM]: Connection[id: a3016e93-45a6-44d9-a3d6-127ba055bf9f] - async connecting. Associated Snowflake domain: GLOBAL"}
{"level":"INFO","message":"[2:02:18.384 PM]: Trying to initialize Easy Logging"}
{"level":"INFO","message":"[2:02:18.397 PM]: No client config detected."}
{"level":"INFO","message":"[2:02:18.397 PM]: No config file path found. Client config will not be used."}
{"level":"INFO","message":"[2:02:18.397 PM]: Easy Logging is disabled as no config has been found"}
{"level":"INFO","message":"[2:02:18.397 PM]: Connection[id: a3016e93-45a6-44d9-a3d6-127ba055bf9f] - authentication successful using: SNOWFLAKE"}
{"level":"INFO","message":"[2:02:19.204 PM]: Connection[id: a3016e93-45a6-44d9-a3d6-127ba055bf9f] - connection established successfully after 820.42 milliseconds"}
{"level":"INFO","message":"[2:06:25.609 PM]: Creating new connection object"}
{"level":"INFO","message":"[2:06:25.613 PM]: Creating Connection[id: b63a00e7-00be-41eb-82de-61fdfa294fd5] with host: fya14544.snowflakecomputing.com, account: fya14544, accessUrl: https://fya14544.snowflakecomputing.com, user: EPIC_DEV, role: EPIC_DEV_ROLE, database: TEST_DEVELOPMENT_ENVIROMENT, schema: DEV_SCHEMA, warehouse: , proxy was not configured, password is provided, region: undefined, authenticator: SNOWFLAKE, ocsp mode: FAIL_OPEN, os: darwin, os version: 25.4.0"}
{"level":"INFO","message":"[2:06:25.614 PM]: Connection[id: b63a00e7-00be-41eb-82de-61fdfa294fd5] additional details: passcode in password is provided, passcode is not provided, private key is not provided, application: undefined, client name: snowflake-sdk, client version: 2.4.0, retry timeout: 300, private key path: undefined, private key pass is not provided, client store temporary credential: false, browser response timeout: 120000"}
{"level":"INFO","message":"[2:06:25.614 PM]: Connection[id: b63a00e7-00be-41eb-82de-61fdfa294fd5] - connection object created successfully."}
{"level":"INFO","message":"[2:06:25.614 PM]: Connection[id: b63a00e7-00be-41eb-82de-61fdfa294fd5] - async connecting. Associated Snowflake domain: GLOBAL"}
{"level":"INFO","message":"[2:06:25.614 PM]: Trying to initialize Easy Logging"}
{"level":"INFO","message":"[2:06:25.626 PM]: No client config detected."}
{"level":"INFO","message":"[2:06:25.626 PM]: No config file path found. Client config will not be used."}
{"level":"INFO","message":"[2:06:25.626 PM]: Easy Logging is disabled as no config has been found"}
{"level":"INFO","message":"[2:06:25.626 PM]: Connection[id: b63a00e7-00be-41eb-82de-61fdfa294fd5] - authentication successful using: SNOWFLAKE"}
{"level":"INFO","message":"[2:06:26.370 PM]: Connection[id: b63a00e7-00be-41eb-82de-61fdfa294fd5] - connection established successfully after 756.47 milliseconds"}
{"level":"INFO","message":"[2:21:06.360 PM]: Creating new connection object"}
{"level":"INFO","message":"[2:21:06.365 PM]: Creating Connection[id: 6e253b1b-ea2a-4c15-b0e7-f258b9982f84] with host: fya14544.snowflakecomputing.com, account: fya14544, accessUrl: https://fya14544.snowflakecomputing.com, user: EPIC_DEV, role: EPIC_DEV_ROLE, database: TEST_DEVELOPMENT_ENVIROMENT, schema: DEV_SCHEMA, warehouse: , proxy was not configured, password is provided, region: undefined, authenticator: SNOWFLAKE, ocsp mode: FAIL_OPEN, os: darwin, os version: 25.4.0"}
{"level":"INFO","message":"[2:21:06.366 PM]: Connection[id: 6e253b1b-ea2a-4c15-b0e7-f258b9982f84] additional details: passcode in password is provided, passcode is not provided, private key is not provided, application: undefined, client name: snowflake-sdk, client version: 2.4.0, retry timeout: 300, private key path: undefined, private key pass is not provided, client store temporary credential: false, browser response timeout: 120000"}
{"level":"INFO","message":"[2:21:06.366 PM]: Connection[id: 6e253b1b-ea2a-4c15-b0e7-f258b9982f84] - connection object created successfully."}
{"level":"INFO","message":"[2:21:06.366 PM]: Connection[id: 6e253b1b-ea2a-4c15-b0e7-f258b9982f84] - async connecting. Associated Snowflake domain: GLOBAL"}
{"level":"INFO","message":"[2:21:06.366 PM]: Trying to initialize Easy Logging"}
{"level":"INFO","message":"[2:21:06.380 PM]: No client config detected."}
{"level":"INFO","message":"[2:21:06.380 PM]: No config file path found. Client config will not be used."}
{"level":"INFO","message":"[2:21:06.380 PM]: Easy Logging is disabled as no config has been found"}
{"level":"INFO","message":"[2:21:06.380 PM]: Connection[id: 6e253b1b-ea2a-4c15-b0e7-f258b9982f84] - authentication successful using: SNOWFLAKE"}
{"level":"INFO","message":"[2:21:06.967 PM]: Connection[id: 6e253b1b-ea2a-4c15-b0e7-f258b9982f84] - connection established successfully after 600.86 milliseconds"}
{"level":"INFO","message":"[3:38:52.585 PM]: Creating new connection object"}
{"level":"INFO","message":"[3:38:52.590 PM]: Creating Connection[id: 790ee3ff-0a61-47cf-af65-10bc4ba1dc09] with host: fya14544.snowflakecomputing.com, account: fya14544, accessUrl: https://fya14544.snowflakecomputing.com, user: EPIC_DEV, role: EPIC_DEV_ROLE, database: TEST_DEVELOPMENT_ENVIROMENT, schema: DEV_SCHEMA, warehouse: , proxy was not configured, password is provided, region: undefined, authenticator: SNOWFLAKE, ocsp mode: FAIL_OPEN, os: darwin, os version: 25.4.0"}
{"level":"INFO","message":"[3:38:52.591 PM]: Connection[id: 790ee3ff-0a61-47cf-af65-10bc4ba1dc09] additional details: passcode in password is provided, passcode is not provided, private key is not provided, application: undefined, client name: snowflake-sdk, client version: 2.4.0, retry timeout: 300, private key path: undefined, private key pass is not provided, client store temporary credential: false, browser response timeout: 120000"}
{"level":"INFO","message":"[3:38:52.591 PM]: Connection[id: 790ee3ff-0a61-47cf-af65-10bc4ba1dc09] - connection object created successfully."}
{"level":"INFO","message":"[3:38:52.591 PM]: Connection[id: 790ee3ff-0a61-47cf-af65-10bc4ba1dc09] - async connecting. Associated Snowflake domain: GLOBAL"}
{"level":"INFO","message":"[3:38:52.591 PM]: Trying to initialize Easy Logging"}
{"level":"INFO","message":"[3:38:52.605 PM]: No client config detected."}
{"level":"INFO","message":"[3:38:52.605 PM]: No config file path found. Client config will not be used."}
{"level":"INFO","message":"[3:38:52.605 PM]: Easy Logging is disabled as no config has been found"}
{"level":"INFO","message":"[3:38:52.605 PM]: Connection[id: 790ee3ff-0a61-47cf-af65-10bc4ba1dc09] - authentication successful using: SNOWFLAKE"}
{"level":"INFO","message":"[3:38:53.377 PM]: Connection[id: 790ee3ff-0a61-47cf-af65-10bc4ba1dc09] - connection established successfully after 786.2 milliseconds"}
{"level":"INFO","message":"[4:16:02.447 PM]: Creating new connection object"}
{"level":"INFO","message":"[4:16:02.452 PM]: Creating Connection[id: f4cc422e-a626-4ea9-9e9d-3dda25ba396c] with host: fya14544.snowflakecomputing.com, account: fya14544, accessUrl: https://fya14544.snowflakecomputing.com, user: EPIC_DEV, role: EPIC_DEV_ROLE, database: TEST_DEVELOPMENT_ENVIROMENT, schema: DEV_SCHEMA, warehouse: , proxy was not configured, password is provided, region: undefined, authenticator: SNOWFLAKE, ocsp mode: FAIL_OPEN, os: darwin, os version: 25.4.0"}
{"level":"INFO","message":"[4:16:02.452 PM]: Connection[id: f4cc422e-a626-4ea9-9e9d-3dda25ba396c] additional details: passcode in password is provided, passcode is not provided, private key is not provided, application: undefined, client name: snowflake-sdk, client version: 2.4.0, retry timeout: 300, private key path: undefined, private key pass is not provided, client store temporary credential: false, browser response timeout: 120000"}
{"level":"INFO","message":"[4:16:02.452 PM]: Connection[id: f4cc422e-a626-4ea9-9e9d-3dda25ba396c] - connection object created successfully."}
{"level":"INFO","message":"[4:16:02.452 PM]: Connection[id: f4cc422e-a626-4ea9-9e9d-3dda25ba396c] - async connecting. Associated Snowflake domain: GLOBAL"}
{"level":"INFO","message":"[4:16:02.452 PM]: Trying to initialize Easy Logging"}
{"level":"INFO","message":"[4:16:02.453 PM]: No client config detected."}
{"level":"INFO","message":"[4:16:02.453 PM]: No config file path found. Client config will not be used."}
{"level":"INFO","message":"[4:16:02.453 PM]: Easy Logging is disabled as no config has been found"}
{"level":"INFO","message":"[4:16:02.453 PM]: Connection[id: f4cc422e-a626-4ea9-9e9d-3dda25ba396c] - authentication successful using: SNOWFLAKE"}
{"level":"INFO","message":"[4:16:03.124 PM]: Connection[id: f4cc422e-a626-4ea9-9e9d-3dda25ba396c] - connection established successfully after 671.41 milliseconds"}
{"level":"INFO","message":"[4:26:28.781 PM]: Creating new connection object"}
{"level":"INFO","message":"[4:26:28.786 PM]: Creating Connection[id: e82064c1-a1d2-49bc-bf53-91c345508d71] with host: fya14544.snowflakecomputing.com, account: fya14544, accessUrl: https://fya14544.snowflakecomputing.com, user: EPIC_DEV, role: EPIC_DEV_ROLE, database: TEST_DEVELOPMENT_ENVIROMENT, schema: DEV_SCHEMA, warehouse: , proxy was not configured, password is provided, region: undefined, authenticator: SNOWFLAKE, ocsp mode: FAIL_OPEN, os: darwin, os version: 25.4.0"}
{"level":"INFO","message":"[4:26:28.786 PM]: Connection[id: e82064c1-a1d2-49bc-bf53-91c345508d71] additional details: passcode in password is provided, passcode is not provided, private key is not provided, application: undefined, client name: snowflake-sdk, client version: 2.4.0, retry timeout: 300, private key path: undefined, private key pass is not provided, client store temporary credential: false, browser response timeout: 120000"}
{"level":"INFO","message":"[4:26:28.786 PM]: Connection[id: e82064c1-a1d2-49bc-bf53-91c345508d71] - connection object created successfully."}
{"level":"INFO","message":"[4:26:28.786 PM]: Connection[id: e82064c1-a1d2-49bc-bf53-91c345508d71] - async connecting. Associated Snowflake domain: GLOBAL"}
{"level":"INFO","message":"[4:26:28.787 PM]: Trying to initialize Easy Logging"}
{"level":"INFO","message":"[4:26:28.790 PM]: No client config detected."}
{"level":"INFO","message":"[4:26:28.790 PM]: No config file path found. Client config will not be used."}
{"level":"INFO","message":"[4:26:28.790 PM]: Easy Logging is disabled as no config has been found"}
{"level":"INFO","message":"[4:26:28.790 PM]: Connection[id: e82064c1-a1d2-49bc-bf53-91c345508d71] - authentication successful using: SNOWFLAKE"}
{"level":"INFO","message":"[4:26:29.501 PM]: Connection[id: e82064c1-a1d2-49bc-bf53-91c345508d71] - connection established successfully after 714.98 milliseconds"}
{"level":"INFO","message":"[5:42:09.754 PM]: Creating new connection object"}
{"level":"INFO","message":"[5:42:09.758 PM]: Creating Connection[id: 400e8d5c-4ed4-4de0-9392-d3d7b706c011] with host: fya14544.snowflakecomputing.com, account: fya14544, accessUrl: https://fya14544.snowflakecomputing.com, user: EPIC_DEV, role: EPIC_DEV_ROLE, database: TEST_DEVELOPMENT_ENVIROMENT, schema: DEV_SCHEMA, warehouse: , proxy was not configured, password is provided, region: undefined, authenticator: SNOWFLAKE, ocsp mode: FAIL_OPEN, os: darwin, os version: 25.4.0"}
{"level":"INFO","message":"[5:42:09.759 PM]: Connection[id: 400e8d5c-4ed4-4de0-9392-d3d7b706c011] additional details: passcode in password is provided, passcode is not provided, private key is not provided, application: undefined, client name: snowflake-sdk, client version: 2.4.0, retry timeout: 300, private key path: undefined, private key pass is not provided, client store temporary credential: false, browser response timeout: 120000"}
{"level":"INFO","message":"[5:42:09.759 PM]: Connection[id: 400e8d5c-4ed4-4de0-9392-d3d7b706c011] - connection object created successfully."}
{"level":"INFO","message":"[5:42:09.759 PM]: Connection[id: 400e8d5c-4ed4-4de0-9392-d3d7b706c011] - async connecting. Associated Snowflake domain: GLOBAL"}
{"level":"INFO","message":"[5:42:09.759 PM]: Trying to initialize Easy Logging"}
{"level":"INFO","message":"[5:42:09.760 PM]: No client config detected."}
{"level":"INFO","message":"[5:42:09.760 PM]: No config file path found. Client config will not be used."}
{"level":"INFO","message":"[5:42:09.760 PM]: Easy Logging is disabled as no config has been found"}
{"level":"INFO","message":"[5:42:09.760 PM]: Connection[id: 400e8d5c-4ed4-4de0-9392-d3d7b706c011] - authentication successful using: SNOWFLAKE"}
{"level":"INFO","message":"[5:42:10.439 PM]: Connection[id: 400e8d5c-4ed4-4de0-9392-d3d7b706c011] - connection established successfully after 680.2 milliseconds"}
{"level":"INFO","message":"[5:42:32.899 PM]: Creating new connection object"}
{"level":"INFO","message":"[5:42:32.903 PM]: Creating Connection[id: 39bb5f59-6b18-42c7-bfe7-0080d7d0819c] with host: fya14544.snowflakecomputing.com, account: fya14544, accessUrl: https://fya14544.snowflakecomputing.com, user: EPIC_DEV, role: EPIC_DEV_ROLE, database: TEST_DEVELOPMENT_ENVIROMENT, schema: DEV_SCHEMA, warehouse: , proxy was not configured, password is provided, region: undefined, authenticator: SNOWFLAKE, ocsp mode: FAIL_OPEN, os: darwin, os version: 25.4.0"}
{"level":"INFO","message":"[5:42:32.903 PM]: Connection[id: 39bb5f59-6b18-42c7-bfe7-0080d7d0819c] additional details: passcode in password is provided, passcode is not provided, private key is not provided, application: undefined, client name: snowflake-sdk, client version: 2.4.0, retry timeout: 300, private key path: undefined, private key pass is not provided, client store temporary credential: false, browser response timeout: 120000"}
{"level":"INFO","message":"[5:42:32.903 PM]: Connection[id: 39bb5f59-6b18-42c7-bfe7-0080d7d0819c] - connection object created successfully."}
{"level":"INFO","message":"[5:42:32.903 PM]: Connection[id: 39bb5f59-6b18-42c7-bfe7-0080d7d0819c] - async connecting. Associated Snowflake domain: GLOBAL"}
{"level":"INFO","message":"[5:42:32.903 PM]: Trying to initialize Easy Logging"}
{"level":"INFO","message":"[5:42:32.904 PM]: No client config detected."}
{"level":"INFO","message":"[5:42:32.904 PM]: No config file path found. Client config will not be used."}
{"level":"INFO","message":"[5:42:32.904 PM]: Easy Logging is disabled as no config has been found"}
{"level":"INFO","message":"[5:42:32.904 PM]: Connection[id: 39bb5f59-6b18-42c7-bfe7-0080d7d0819c] - authentication successful using: SNOWFLAKE"}
{"level":"INFO","message":"[5:42:33.993 PM]: Connection[id: 39bb5f59-6b18-42c7-bfe7-0080d7d0819c] - connection established successfully after 1089.39 milliseconds"}
{"level":"INFO","message":"[6:23:05.989 PM]: Creating new connection object"}
{"level":"INFO","message":"[6:23:05.993 PM]: Creating Connection[id: 408ff9f5-9838-4604-9430-a2f9856fc920] with host: fya14544.snowflakecomputing.com, account: fya14544, accessUrl: https://fya14544.snowflakecomputing.com, user: EPIC_DEV, role: EPIC_DEV_ROLE, database: TEST_DEVELOPMENT_ENVIROMENT, schema: DEV_SCHEMA, warehouse: , proxy was not configured, password is provided, region: undefined, authenticator: SNOWFLAKE, ocsp mode: FAIL_OPEN, os: darwin, os version: 25.4.0"}
{"level":"INFO","message":"[6:23:05.993 PM]: Connection[id: 408ff9f5-9838-4604-9430-a2f9856fc920] additional details: passcode in password is provided, passcode is not provided, private key is not provided, application: undefined, client name: snowflake-sdk, client version: 2.4.0, retry timeout: 300, private key path: undefined, private key pass is not provided, client store temporary credential: false, browser response timeout: 120000"}
{"level":"INFO","message":"[6:23:05.993 PM]: Connection[id: 408ff9f5-9838-4604-9430-a2f9856fc920] - connection object created successfully."}
{"level":"INFO","message":"[6:23:05.993 PM]: Connection[id: 408ff9f5-9838-4604-9430-a2f9856fc920] - async connecting. Associated Snowflake domain: GLOBAL"}
{"level":"INFO","message":"[6:23:05.994 PM]: Trying to initialize Easy Logging"}
{"level":"INFO","message":"[6:23:05.995 PM]: No client config detected."}
{"level":"INFO","message":"[6:23:05.995 PM]: No config file path found. Client config will not be used."}
{"level":"INFO","message":"[6:23:05.995 PM]: Easy Logging is disabled as no config has been found"}
{"level":"INFO","message":"[6:23:05.995 PM]: Connection[id: 408ff9f5-9838-4604-9430-a2f9856fc920] - authentication successful using: SNOWFLAKE"}
{"level":"INFO","message":"[6:23:06.838 PM]: Connection[id: 408ff9f5-9838-4604-9430-a2f9856fc920] - connection established successfully after 844.04 milliseconds"}
{"level":"INFO","message":"[6:23:29.047 PM]: Creating new connection object"}
{"level":"INFO","message":"[6:23:29.051 PM]: Creating Connection[id: 255cc34b-07dc-494f-a6d0-4d7657e5c6de] with host: fya14544.snowflakecomputing.com, account: fya14544, accessUrl: https://fya14544.snowflakecomputing.com, user: EPIC_DEV, role: EPIC_DEV_ROLE, database: TEST_DEVELOPMENT_ENVIROMENT, schema: DEV_SCHEMA, warehouse: , proxy was not configured, password is provided, region: undefined, authenticator: SNOWFLAKE, ocsp mode: FAIL_OPEN, os: darwin, os version: 25.4.0"}
{"level":"INFO","message":"[6:23:29.051 PM]: Connection[id: 255cc34b-07dc-494f-a6d0-4d7657e5c6de] additional details: passcode in password is provided, passcode is not provided, private key is not provided, application: undefined, client name: snowflake-sdk, client version: 2.4.0, retry timeout: 300, private key path: undefined, private key pass is not provided, client store temporary credential: false, browser response timeout: 120000"}
{"level":"INFO","message":"[6:23:29.051 PM]: Connection[id: 255cc34b-07dc-494f-a6d0-4d7657e5c6de] - connection object created successfully."}
{"level":"INFO","message":"[6:23:29.051 PM]: Connection[id: 255cc34b-07dc-494f-a6d0-4d7657e5c6de] - async connecting. Associated Snowflake domain: GLOBAL"}
{"level":"INFO","message":"[6:23:29.051 PM]: Trying to initialize Easy Logging"}
{"level":"INFO","message":"[6:23:29.053 PM]: No client config detected."}
{"level":"INFO","message":"[6:23:29.053 PM]: No config file path found. Client config will not be used."}
{"level":"INFO","message":"[6:23:29.053 PM]: Easy Logging is disabled as no config has been found"}
{"level":"INFO","message":"[6:23:29.053 PM]: Connection[id: 255cc34b-07dc-494f-a6d0-4d7657e5c6de] - authentication successful using: SNOWFLAKE"}
{"level":"INFO","message":"[6:23:29.815 PM]: Connection[id: 255cc34b-07dc-494f-a6d0-4d7657e5c6de] - connection established successfully after 763.97 milliseconds"}
{"level":"INFO","message":"[6:27:16.106 PM]: Creating new connection object"}
{"level":"INFO","message":"[6:27:16.111 PM]: Creating Connection[id: 58fe836e-39e4-45db-8d9c-a322ff14eb6c] with host: fya14544.snowflakecomputing.com, account: fya14544, accessUrl: https://fya14544.snowflakecomputing.com, user: EPIC_DEV, role: EPIC_DEV_ROLE, database: TEST_DEVELOPMENT_ENVIROMENT, schema: DEV_SCHEMA, warehouse: , proxy was not configured, password is provided, region: undefined, authenticator: SNOWFLAKE, ocsp mode: FAIL_OPEN, os: darwin, os version: 25.4.0"}
{"level":"INFO","message":"[6:27:16.111 PM]: Connection[id: 58fe836e-39e4-45db-8d9c-a322ff14eb6c] additional details: passcode in password is provided, passcode is not provided, private key is not provided, application: undefined, client name: snowflake-sdk, client version: 2.4.0, retry timeout: 300, private key path: undefined, private key pass is not provided, client store temporary credential: false, browser response timeout: 120000"}
{"level":"INFO","message":"[6:27:16.111 PM]: Connection[id: 58fe836e-39e4-45db-8d9c-a322ff14eb6c] - connection object created successfully."}
{"level":"INFO","message":"[6:27:16.112 PM]: Connection[id: 58fe836e-39e4-45db-8d9c-a322ff14eb6c] - async connecting. Associated Snowflake domain: GLOBAL"}
{"level":"INFO","message":"[6:27:16.112 PM]: Trying to initialize Easy Logging"}
{"level":"INFO","message":"[6:27:16.113 PM]: No client config detected."}
{"level":"INFO","message":"[6:27:16.113 PM]: No config file path found. Client config will not be used."}
{"level":"INFO","message":"[6:27:16.113 PM]: Easy Logging is disabled as no config has been found"}
{"level":"INFO","message":"[6:27:16.113 PM]: Connection[id: 58fe836e-39e4-45db-8d9c-a322ff14eb6c] - authentication successful using: SNOWFLAKE"}
{"level":"INFO","message":"[6:27:16.986 PM]: Connection[id: 58fe836e-39e4-45db-8d9c-a322ff14eb6c] - connection established successfully after 874.51 milliseconds"}
{"level":"INFO","message":"[6:27:37.150 PM]: Creating new connection object"}
{"level":"INFO","message":"[6:27:37.154 PM]: Creating Connection[id: 65fb109c-4f18-4b09-8aad-21c829e6603c] with host: fya14544.snowflakecomputing.com, account: fya14544, accessUrl: https://fya14544.snowflakecomputing.com, user: EPIC_DEV, role: EPIC_DEV_ROLE, database: TEST_DEVELOPMENT_ENVIROMENT, schema: DEV_SCHEMA, warehouse: , proxy was not configured, password is provided, region: undefined, authenticator: SNOWFLAKE, ocsp mode: FAIL_OPEN, os: darwin, os version: 25.4.0"}
{"level":"INFO","message":"[6:27:37.154 PM]: Connection[id: 65fb109c-4f18-4b09-8aad-21c829e6603c] additional details: passcode in password is provided, passcode is not provided, private key is not provided, application: undefined, client name: snowflake-sdk, client version: 2.4.0, retry timeout: 300, private key path: undefined, private key pass is not provided, client store temporary credential: false, browser response timeout: 120000"}
{"level":"INFO","message":"[6:27:37.154 PM]: Connection[id: 65fb109c-4f18-4b09-8aad-21c829e6603c] - connection object created successfully."}
{"level":"INFO","message":"[6:27:37.154 PM]: Connection[id: 65fb109c-4f18-4b09-8aad-21c829e6603c] - async connecting. Associated Snowflake domain: GLOBAL"}
{"level":"INFO","message":"[6:27:37.155 PM]: Trying to initialize Easy Logging"}
{"level":"INFO","message":"[6:27:37.156 PM]: No client config detected."}
{"level":"INFO","message":"[6:27:37.156 PM]: No config file path found. Client config will not be used."}
{"level":"INFO","message":"[6:27:37.156 PM]: Easy Logging is disabled as no config has been found"}
{"level":"INFO","message":"[6:27:37.156 PM]: Connection[id: 65fb109c-4f18-4b09-8aad-21c829e6603c] - authentication successful using: SNOWFLAKE"}
{"level":"INFO","message":"[6:27:37.845 PM]: Connection[id: 65fb109c-4f18-4b09-8aad-21c829e6603c] - connection established successfully after 690.16 milliseconds"}
{"level":"INFO","message":"[6:59:31.533 PM]: Creating new connection object"}
{"level":"INFO","message":"[6:59:31.537 PM]: Creating Connection[id: 1d2693fd-7e5c-498b-8a47-d81552860eeb] with host: fya14544.snowflakecomputing.com, account: fya14544, accessUrl: https://fya14544.snowflakecomputing.com, user: EPIC_DEV, role: EPIC_DEV_ROLE, database: TEST_DEVELOPMENT_ENVIROMENT, schema: DEV_SCHEMA, warehouse: , proxy was not configured, password is provided, region: undefined, authenticator: SNOWFLAKE, ocsp mode: FAIL_OPEN, os: darwin, os version: 25.4.0"}
{"level":"INFO","message":"[6:59:31.538 PM]: Connection[id: 1d2693fd-7e5c-498b-8a47-d81552860eeb] additional details: passcode in password is provided, passcode is not provided, private key is not provided, application: undefined, client name: snowflake-sdk, client version: 2.4.0, retry timeout: 300, private key path: undefined, private key pass is not provided, client store temporary credential: false, browser response timeout: 120000"}
{"level":"INFO","message":"[6:59:31.538 PM]: Connection[id: 1d2693fd-7e5c-498b-8a47-d81552860eeb] - connection object created successfully."}
{"level":"INFO","message":"[6:59:31.538 PM]: Connection[id: 1d2693fd-7e5c-498b-8a47-d81552860eeb] - async connecting. Associated Snowflake domain: GLOBAL"}
{"level":"INFO","message":"[6:59:31.538 PM]: Trying to initialize Easy Logging"}
{"level":"INFO","message":"[6:59:31.539 PM]: No client config detected."}
{"level":"INFO","message":"[6:59:31.539 PM]: No config file path found. Client config will not be used."}
{"level":"INFO","message":"[6:59:31.539 PM]: Easy Logging is disabled as no config has been found"}
{"level":"INFO","message":"[6:59:31.539 PM]: Connection[id: 1d2693fd-7e5c-498b-8a47-d81552860eeb] - authentication successful using: SNOWFLAKE"}
{"level":"INFO","message":"[6:59:32.275 PM]: Connection[id: 1d2693fd-7e5c-498b-8a47-d81552860eeb] - connection established successfully after 737.3 milliseconds"}
{"level":"INFO","message":"[8:18:26.934 PM]: Creating new connection object"}
{"level":"INFO","message":"[8:18:26.938 PM]: Creating Connection[id: 0cfe8338-cda0-408c-bb63-281b8fc4de3c] with host: fya14544.snowflakecomputing.com, account: fya14544, accessUrl: https://fya14544.snowflakecomputing.com, user: EPIC_DEV, role: EPIC_DEV_ROLE, database: TEST_DEVELOPMENT_ENVIROMENT, schema: DEV_SCHEMA, warehouse: , proxy was not configured, password is provided, region: undefined, authenticator: SNOWFLAKE, ocsp mode: FAIL_OPEN, os: darwin, os version: 25.4.0"}
{"level":"INFO","message":"[8:18:26.938 PM]: Connection[id: 0cfe8338-cda0-408c-bb63-281b8fc4de3c] additional details: passcode in password is provided, passcode is not provided, private key is not provided, application: undefined, client name: snowflake-sdk, client version: 2.4.0, retry timeout: 300, private key path: undefined, private key pass is not provided, client store temporary credential: false, browser response timeout: 120000"}
{"level":"INFO","message":"[8:18:26.938 PM]: Connection[id: 0cfe8338-cda0-408c-bb63-281b8fc4de3c] - connection object created successfully."}
{"level":"INFO","message":"[8:18:26.939 PM]: Connection[id: 0cfe8338-cda0-408c-bb63-281b8fc4de3c] - async connecting. Associated Snowflake domain: GLOBAL"}
{"level":"INFO","message":"[8:18:26.939 PM]: Trying to initialize Easy Logging"}
{"level":"INFO","message":"[8:18:26.939 PM]: No client config detected."}
{"level":"INFO","message":"[8:18:26.940 PM]: No config file path found. Client config will not be used."}
{"level":"INFO","message":"[8:18:26.940 PM]: Easy Logging is disabled as no config has been found"}
{"level":"INFO","message":"[8:18:26.940 PM]: Connection[id: 0cfe8338-cda0-408c-bb63-281b8fc4de3c] - authentication successful using: SNOWFLAKE"}
{"level":"INFO","message":"[8:18:27.825 PM]: Connection[id: 0cfe8338-cda0-408c-bb63-281b8fc4de3c] - connection established successfully after 886.7 milliseconds"}
{"level":"INFO","message":"[9:02:20.919 PM]: Creating new connection object"}
{"level":"INFO","message":"[9:02:20.924 PM]: Creating Connection[id: 26ce44e8-3406-4d89-8737-61c58a6310c1] with host: fya14544.snowflakecomputing.com, account: fya14544, accessUrl: https://fya14544.snowflakecomputing.com, user: EPIC_DEV, role: EPIC_DEV_ROLE, database: TEST_DEVELOPMENT_ENVIROMENT, schema: DEV_SCHEMA, warehouse: , proxy was not configured, password is provided, region: undefined, authenticator: SNOWFLAKE, ocsp mode: FAIL_OPEN, os: darwin, os version: 25.4.0"}
{"level":"INFO","message":"[9:02:20.924 PM]: Connection[id: 26ce44e8-3406-4d89-8737-61c58a6310c1] additional details: passcode in password is provided, passcode is not provided, private key is not provided, application: undefined, client name: snowflake-sdk, client version: 2.4.0, retry timeout: 300, private key path: undefined, private key pass is not provided, client store temporary credential: false, browser response timeout: 120000"}
{"level":"INFO","message":"[9:02:20.924 PM]: Connection[id: 26ce44e8-3406-4d89-8737-61c58a6310c1] - connection object created successfully."}
{"level":"INFO","message":"[9:02:20.924 PM]: Connection[id: 26ce44e8-3406-4d89-8737-61c58a6310c1] - async connecting. Associated Snowflake domain: GLOBAL"}
{"level":"INFO","message":"[9:02:20.924 PM]: Trying to initialize Easy Logging"}
{"level":"INFO","message":"[9:02:20.943 PM]: No client config detected."}
{"level":"INFO","message":"[9:02:20.944 PM]: No config file path found. Client config will not be used."}
{"level":"INFO","message":"[9:02:20.944 PM]: Easy Logging is disabled as no config has been found"}
{"level":"INFO","message":"[9:02:20.944 PM]: Connection[id: 26ce44e8-3406-4d89-8737-61c58a6310c1] - authentication successful using: SNOWFLAKE"}
{"level":"INFO","message":"[9:02:21.746 PM]: Connection[id: 26ce44e8-3406-4d89-8737-61c58a6310c1] - connection established successfully after 821.56 milliseconds"}
{"level":"INFO","message":"[9:06:58.162 PM]: Creating new connection object"}
{"level":"INFO","message":"[9:06:58.165 PM]: Creating Connection[id: 2d61347d-04cd-4f0b-8442-c9e1f6545639] with host: fya14544.snowflakecomputing.com, account: fya14544, accessUrl: https://fya14544.snowflakecomputing.com, user: EPIC_DEV, role: EPIC_DEV_ROLE, database: TEST_DEVELOPMENT_ENVIROMENT, schema: DEV_SCHEMA, warehouse: , proxy was not configured, password is provided, region: undefined, authenticator: SNOWFLAKE, ocsp mode: FAIL_OPEN, os: darwin, os version: 25.4.0"}
{"level":"INFO","message":"[9:06:58.166 PM]: Connection[id: 2d61347d-04cd-4f0b-8442-c9e1f6545639] additional details: passcode in password is provided, passcode is not provided, private key is not provided, application: undefined, client name: snowflake-sdk, client version: 2.4.0, retry timeout: 300, private key path: undefined, private key pass is not provided, client store temporary credential: false, browser response timeout: 120000"}
{"level":"INFO","message":"[9:06:58.166 PM]: Connection[id: 2d61347d-04cd-4f0b-8442-c9e1f6545639] - connection object created successfully."}
{"level":"INFO","message":"[9:06:58.166 PM]: Connection[id: 2d61347d-04cd-4f0b-8442-c9e1f6545639] - async connecting. Associated Snowflake domain: GLOBAL"}
{"level":"INFO","message":"[9:06:58.166 PM]: Trying to initialize Easy Logging"}
{"level":"INFO","message":"[9:06:58.167 PM]: No client config detected."}
{"level":"INFO","message":"[9:06:58.167 PM]: No config file path found. Client config will not be used."}
{"level":"INFO","message":"[9:06:58.167 PM]: Easy Logging is disabled as no config has been found"}
{"level":"INFO","message":"[9:06:58.167 PM]: Connection[id: 2d61347d-04cd-4f0b-8442-c9e1f6545639] - authentication successful using: SNOWFLAKE"}
{"level":"INFO","message":"[9:06:58.856 PM]: Connection[id: 2d61347d-04cd-4f0b-8442-c9e1f6545639] - connection established successfully after 690.48 milliseconds"}
{"level":"INFO","message":"[7:30:03.264 AM]: Creating new connection object"}
{"level":"INFO","message":"[7:30:03.268 AM]: Creating Connection[id: a11da5dd-2399-40cf-ae8d-d82c4b5b1ebb] with host: fya14544.snowflakecomputing.com, account: fya14544, accessUrl: https://fya14544.snowflakecomputing.com, user: EPIC_DEV, role: EPIC_DEV_ROLE, database: TEST_DEVELOPMENT_ENVIROMENT, schema: DEV_SCHEMA, warehouse: , proxy was not configured, password is provided, region: undefined, authenticator: SNOWFLAKE, ocsp mode: FAIL_OPEN, os: darwin, os version: 25.4.0"}
{"level":"INFO","message":"[7:30:03.269 AM]: Connection[id: a11da5dd-2399-40cf-ae8d-d82c4b5b1ebb] additional details: passcode in password is provided, passcode is not provided, private key is not provided, application: undefined, client name: snowflake-sdk, client version: 2.4.0, retry timeout: 300, private key path: undefined, private key pass is not provided, client store temporary credential: false, browser response timeout: 120000"}
{"level":"INFO","message":"[7:30:03.269 AM]: Connection[id: a11da5dd-2399-40cf-ae8d-d82c4b5b1ebb] - connection object created successfully."}
{"level":"INFO","message":"[7:30:03.269 AM]: Connection[id: a11da5dd-2399-40cf-ae8d-d82c4b5b1ebb] - async connecting. Associated Snowflake domain: GLOBAL"}
{"level":"INFO","message":"[7:30:03.269 AM]: Trying to initialize Easy Logging"}
{"level":"INFO","message":"[7:30:03.293 AM]: No client config detected."}
{"level":"INFO","message":"[7:30:03.293 AM]: No config file path found. Client config will not be used."}
{"level":"INFO","message":"[7:30:03.293 AM]: Easy Logging is disabled as no config has been found"}
{"level":"INFO","message":"[7:30:03.293 AM]: Connection[id: a11da5dd-2399-40cf-ae8d-d82c4b5b1ebb] - authentication successful using: SNOWFLAKE"}
{"level":"INFO","message":"[7:30:04.738 AM]: Connection[id: a11da5dd-2399-40cf-ae8d-d82c4b5b1ebb] - connection established successfully after 1469.26 milliseconds"}
{"level":"INFO","message":"[7:48:48.189 AM]: Creating new connection object"}
{"level":"INFO","message":"[7:48:48.195 AM]: Creating Connection[id: 86b4ed69-6a42-42e3-98cc-e4dddf4a9559] with host: fya14544.snowflakecomputing.com, account: fya14544, accessUrl: https://fya14544.snowflakecomputing.com, user: EPIC_DEV, role: EPIC_DEV_ROLE, database: TEST_DEVELOPMENT_ENVIROMENT, schema: DEV_SCHEMA, warehouse: , proxy was not configured, password is provided, region: undefined, authenticator: SNOWFLAKE, ocsp mode: FAIL_OPEN, os: darwin, os version: 25.4.0"}
{"level":"INFO","message":"[7:48:48.195 AM]: Connection[id: 86b4ed69-6a42-42e3-98cc-e4dddf4a9559] additional details: passcode in password is provided, passcode is not provided, private key is not provided, application: undefined, client name: snowflake-sdk, client version: 2.4.0, retry timeout: 300, private key path: undefined, private key pass is not provided, client store temporary credential: false, browser response timeout: 120000"}
{"level":"INFO","message":"[7:48:48.195 AM]: Connection[id: 86b4ed69-6a42-42e3-98cc-e4dddf4a9559] - connection object created successfully."}
{"level":"INFO","message":"[7:48:48.195 AM]: Connection[id: 86b4ed69-6a42-42e3-98cc-e4dddf4a9559] - async connecting. Associated Snowflake domain: GLOBAL"}
{"level":"INFO","message":"[7:48:48.196 AM]: Trying to initialize Easy Logging"}
{"level":"INFO","message":"[7:48:48.201 AM]: No client config detected."}
{"level":"INFO","message":"[7:48:48.201 AM]: No config file path found. Client config will not be used."}
{"level":"INFO","message":"[7:48:48.201 AM]: Easy Logging is disabled as no config has been found"}
{"level":"INFO","message":"[7:48:48.202 AM]: Connection[id: 86b4ed69-6a42-42e3-98cc-e4dddf4a9559] - authentication successful using: SNOWFLAKE"}
{"level":"INFO","message":"[7:48:48.822 AM]: Connection[id: 86b4ed69-6a42-42e3-98cc-e4dddf4a9559] - connection established successfully after 626.32 milliseconds"}
{"level":"INFO","message":"[8:29:51.128 AM]: Creating new connection object"}
{"level":"INFO","message":"[8:29:51.132 AM]: Creating Connection[id: 91402293-89ff-41ce-97a4-5a039fc5d181] with host: fya14544.snowflakecomputing.com, account: fya14544, accessUrl: https://fya14544.snowflakecomputing.com, user: EPIC_DEV, role: EPIC_DEV_ROLE, database: TEST_DEVELOPMENT_ENVIROMENT, schema: DEV_SCHEMA, warehouse: , proxy was not configured, password is provided, region: undefined, authenticator: SNOWFLAKE, ocsp mode: FAIL_OPEN, os: darwin, os version: 25.4.0"}
{"level":"INFO","message":"[8:29:51.132 AM]: Connection[id: 91402293-89ff-41ce-97a4-5a039fc5d181] additional details: passcode in password is provided, passcode is not provided, private key is not provided, application: undefined, client name: snowflake-sdk, client version: 2.4.0, retry timeout: 300, private key path: undefined, private key pass is not provided, client store temporary credential: false, browser response timeout: 120000"}
{"level":"INFO","message":"[8:29:51.133 AM]: Connection[id: 91402293-89ff-41ce-97a4-5a039fc5d181] - connection object created successfully."}
{"level":"INFO","message":"[8:29:51.133 AM]: Connection[id: 91402293-89ff-41ce-97a4-5a039fc5d181] - async connecting. Associated Snowflake domain: GLOBAL"}
{"level":"INFO","message":"[8:29:51.133 AM]: Trying to initialize Easy Logging"}
{"level":"INFO","message":"[8:29:51.134 AM]: No client config detected."}
{"level":"INFO","message":"[8:29:51.134 AM]: No config file path found. Client config will not be used."}
{"level":"INFO","message":"[8:29:51.134 AM]: Easy Logging is disabled as no config has been found"}
{"level":"INFO","message":"[8:29:51.134 AM]: Connection[id: 91402293-89ff-41ce-97a4-5a039fc5d181] - authentication successful using: SNOWFLAKE"}
{"level":"INFO","message":"[8:29:51.958 AM]: Connection[id: 91402293-89ff-41ce-97a4-5a039fc5d181] - connection established successfully after 825.52 milliseconds"}
{"level":"INFO","message":"[1:08:42.495 PM]: Creating new connection object"}
{"level":"INFO","message":"[1:08:42.500 PM]: Creating Connection[id: 05c62566-d6ca-4636-8802-3fd1adf8961a] with host: fya14544.snowflakecomputing.com, account: fya14544, accessUrl: https://fya14544.snowflakecomputing.com, user: EPIC_DEV, role: EPIC_DEV_ROLE, database: TEST_DEVELOPMENT_ENVIROMENT, schema: DEV_SCHEMA, warehouse: , proxy was not configured, password is provided, region: undefined, authenticator: SNOWFLAKE, ocsp mode: FAIL_OPEN, os: darwin, os version: 25.4.0"}
{"level":"INFO","message":"[1:08:42.500 PM]: Connection[id: 05c62566-d6ca-4636-8802-3fd1adf8961a] additional details: passcode in password is provided, passcode is not provided, private key is not provided, application: undefined, client name: snowflake-sdk, client version: 2.4.0, retry timeout: 300, private key path: undefined, private key pass is not provided, client store temporary credential: false, browser response timeout: 120000"}
{"level":"INFO","message":"[1:08:42.501 PM]: Connection[id: 05c62566-d6ca-4636-8802-3fd1adf8961a] - connection object created successfully."}
{"level":"INFO","message":"[1:08:42.501 PM]: Connection[id: 05c62566-d6ca-4636-8802-3fd1adf8961a] - async connecting. Associated Snowflake domain: GLOBAL"}
{"level":"INFO","message":"[1:08:42.501 PM]: Trying to initialize Easy Logging"}
{"level":"INFO","message":"[1:08:42.521 PM]: No client config detected."}
{"level":"INFO","message":"[1:08:42.521 PM]: No config file path found. Client config will not be used."}
{"level":"INFO","message":"[1:08:42.521 PM]: Easy Logging is disabled as no config has been found"}
{"level":"INFO","message":"[1:08:42.521 PM]: Connection[id: 05c62566-d6ca-4636-8802-3fd1adf8961a] - authentication successful using: SNOWFLAKE"}
{"level":"INFO","message":"[1:08:43.167 PM]: Connection[id: 05c62566-d6ca-4636-8802-3fd1adf8961a] - connection established successfully after 666.53 milliseconds"}
{"level":"INFO","message":"[1:32:26.665 PM]: Creating new connection object"}
{"level":"INFO","message":"[1:32:26.669 PM]: Creating Connection[id: bd2ce4af-d05a-4386-8b9e-923c69661e8a] with host: fya14544.snowflakecomputing.com, account: fya14544, accessUrl: https://fya14544.snowflakecomputing.com, user: EPIC_DEV, role: EPIC_DEV_ROLE, database: TEST_DEVELOPMENT_ENVIROMENT, schema: DEV_SCHEMA, warehouse: , proxy was not configured, password is provided, region: undefined, authenticator: SNOWFLAKE, ocsp mode: FAIL_OPEN, os: darwin, os version: 25.4.0"}
{"level":"INFO","message":"[1:32:26.669 PM]: Connection[id: bd2ce4af-d05a-4386-8b9e-923c69661e8a] additional details: passcode in password is provided, passcode is not provided, private key is not provided, application: undefined, client name: snowflake-sdk, client version: 2.4.0, retry timeout: 300, private key path: undefined, private key pass is not provided, client store temporary credential: false, browser response timeout: 120000"}
{"level":"INFO","message":"[1:32:26.669 PM]: Connection[id: bd2ce4af-d05a-4386-8b9e-923c69661e8a] - connection object created successfully."}
{"level":"INFO","message":"[1:32:26.669 PM]: Connection[id: bd2ce4af-d05a-4386-8b9e-923c69661e8a] - async connecting. Associated Snowflake domain: GLOBAL"}
{"level":"INFO","message":"[1:32:26.669 PM]: Trying to initialize Easy Logging"}
{"level":"INFO","message":"[1:32:26.670 PM]: No client config detected."}
{"level":"INFO","message":"[1:32:26.670 PM]: No config file path found. Client config will not be used."}
{"level":"INFO","message":"[1:32:26.670 PM]: Easy Logging is disabled as no config has been found"}
{"level":"INFO","message":"[1:32:26.670 PM]: Connection[id: bd2ce4af-d05a-4386-8b9e-923c69661e8a] - authentication successful using: SNOWFLAKE"}
{"level":"INFO","message":"[1:32:27.450 PM]: Connection[id: bd2ce4af-d05a-4386-8b9e-923c69661e8a] - connection established successfully after 781.28 milliseconds"}
{"level":"INFO","message":"[2:08:17.906 PM]: Creating new connection object"}
{"level":"INFO","message":"[2:08:17.910 PM]: Creating Connection[id: 6d8d880c-1b2a-45d2-bb6c-bfecf22a26a3] with host: fya14544.snowflakecomputing.com, account: fya14544, accessUrl: https://fya14544.snowflakecomputing.com, user: EPIC_DEV, role: EPIC_DEV_ROLE, database: TEST_DEVELOPMENT_ENVIROMENT, schema: DEV_SCHEMA, warehouse: , proxy was not configured, password is provided, region: undefined, authenticator: SNOWFLAKE, ocsp mode: FAIL_OPEN, os: darwin, os version: 25.4.0"}
{"level":"INFO","message":"[2:08:17.910 PM]: Connection[id: 6d8d880c-1b2a-45d2-bb6c-bfecf22a26a3] additional details: passcode in password is provided, passcode is not provided, private key is not provided, application: undefined, client name: snowflake-sdk, client version: 2.4.0, retry timeout: 300, private key path: undefined, private key pass is not provided, client store temporary credential: false, browser response timeout: 120000"}
{"level":"INFO","message":"[2:08:17.910 PM]: Connection[id: 6d8d880c-1b2a-45d2-bb6c-bfecf22a26a3] - connection object created successfully."}
{"level":"INFO","message":"[2:08:17.910 PM]: Connection[id: 6d8d880c-1b2a-45d2-bb6c-bfecf22a26a3] - async connecting. Associated Snowflake domain: GLOBAL"}
{"level":"INFO","message":"[2:08:17.910 PM]: Trying to initialize Easy Logging"}
{"level":"INFO","message":"[2:08:17.911 PM]: No client config detected."}
{"level":"INFO","message":"[2:08:17.911 PM]: No config file path found. Client config will not be used."}
{"level":"INFO","message":"[2:08:17.911 PM]: Easy Logging is disabled as no config has been found"}
{"level":"INFO","message":"[2:08:17.911 PM]: Connection[id: 6d8d880c-1b2a-45d2-bb6c-bfecf22a26a3] - authentication successful using: SNOWFLAKE"}
{"level":"INFO","message":"[2:08:18.613 PM]: Connection[id: 6d8d880c-1b2a-45d2-bb6c-bfecf22a26a3] - connection established successfully after 702.4 milliseconds"}
{"level":"INFO","message":"[8:13:36.273 PM]: Creating new connection object"}
{"level":"INFO","message":"[8:13:36.277 PM]: Creating Connection[id: 768109d3-2d62-48aa-9880-8c8929be4a91] with host: fya14544.snowflakecomputing.com, account: fya14544, accessUrl: https://fya14544.snowflakecomputing.com, user: EPIC_DEV, role: EPIC_DEV_ROLE, database: TEST_DEVELOPMENT_ENVIROMENT, schema: DEV_SCHEMA, warehouse: , proxy was not configured, password is provided, region: undefined, authenticator: SNOWFLAKE, ocsp mode: FAIL_OPEN, os: darwin, os version: 25.4.0"}
{"level":"INFO","message":"[8:13:36.277 PM]: Connection[id: 768109d3-2d62-48aa-9880-8c8929be4a91] additional details: passcode in password is provided, passcode is not provided, private key is not provided, application: undefined, client name: snowflake-sdk, client version: 2.4.0, retry timeout: 300, private key path: undefined, private key pass is not provided, client store temporary credential: false, browser response timeout: 120000"}
{"level":"INFO","message":"[8:13:36.277 PM]: Connection[id: 768109d3-2d62-48aa-9880-8c8929be4a91] - connection object created successfully."}
{"level":"INFO","message":"[8:13:36.277 PM]: Connection[id: 768109d3-2d62-48aa-9880-8c8929be4a91] - async connecting. Associated Snowflake domain: GLOBAL"}
{"level":"INFO","message":"[8:13:36.278 PM]: Trying to initialize Easy Logging"}
{"level":"INFO","message":"[8:13:36.302 PM]: No client config detected."}
{"level":"INFO","message":"[8:13:36.302 PM]: No config file path found. Client config will not be used."}
{"level":"INFO","message":"[8:13:36.302 PM]: Easy Logging is disabled as no config has been found"}
{"level":"INFO","message":"[8:13:36.302 PM]: Connection[id: 768109d3-2d62-48aa-9880-8c8929be4a91] - authentication successful using: SNOWFLAKE"}
{"level":"INFO","message":"[8:13:36.994 PM]: Connection[id: 768109d3-2d62-48aa-9880-8c8929be4a91] - connection established successfully after 716.08 milliseconds"}
{"level":"INFO","message":"[9:00:47.385 PM]: Creating new connection object"}
{"level":"INFO","message":"[9:00:47.389 PM]: Creating Connection[id: 84a8c911-1d86-472b-83b2-84578342ecc3] with host: fya14544.snowflakecomputing.com, account: fya14544, accessUrl: https://fya14544.snowflakecomputing.com, user: EPIC_DEV, role: EPIC_DEV_ROLE, database: TEST_DEVELOPMENT_ENVIROMENT, schema: DEV_SCHEMA, warehouse: , proxy was not configured, password is provided, region: undefined, authenticator: SNOWFLAKE, ocsp mode: FAIL_OPEN, os: darwin, os version: 25.4.0"}
{"level":"INFO","message":"[9:00:47.389 PM]: Connection[id: 84a8c911-1d86-472b-83b2-84578342ecc3] additional details: passcode in password is provided, passcode is not provided, private key is not provided, application: undefined, client name: snowflake-sdk, client version: 2.4.0, retry timeout: 300, private key path: undefined, private key pass is not provided, client store temporary credential: false, browser response timeout: 120000"}
{"level":"INFO","message":"[9:00:47.389 PM]: Connection[id: 84a8c911-1d86-472b-83b2-84578342ecc3] - connection object created successfully."}
{"level":"INFO","message":"[9:00:47.389 PM]: Connection[id: 84a8c911-1d86-472b-83b2-84578342ecc3] - async connecting. Associated Snowflake domain: GLOBAL"}
{"level":"INFO","message":"[9:00:47.390 PM]: Trying to initialize Easy Logging"}
{"level":"INFO","message":"[9:00:47.406 PM]: No client config detected."}
{"level":"INFO","message":"[9:00:47.406 PM]: No config file path found. Client config will not be used."}
{"level":"INFO","message":"[9:00:47.407 PM]: Easy Logging is disabled as no config has been found"}
{"level":"INFO","message":"[9:00:47.407 PM]: Connection[id: 84a8c911-1d86-472b-83b2-84578342ecc3] - authentication successful using: SNOWFLAKE"}
{"level":"INFO","message":"[9:00:48.118 PM]: Connection[id: 84a8c911-1d86-472b-83b2-84578342ecc3] - connection established successfully after 728.06 milliseconds"}
{"level":"INFO","message":"[7:39:48.675 AM]: Creating new connection object"}
{"level":"INFO","message":"[7:39:48.680 AM]: Creating Connection[id: b7874f48-b0bc-4bb5-92fc-96a6b8ebe2c1] with host: fya14544.snowflakecomputing.com, account: fya14544, accessUrl: https://fya14544.snowflakecomputing.com, user: EPIC_DEV, role: EPIC_DEV_ROLE, database: TEST_DEVELOPMENT_ENVIROMENT, schema: DEV_SCHEMA, warehouse: , proxy was not configured, password is provided, region: undefined, authenticator: SNOWFLAKE, ocsp mode: FAIL_OPEN, os: darwin, os version: 25.4.0"}
{"level":"INFO","message":"[7:39:48.680 AM]: Connection[id: b7874f48-b0bc-4bb5-92fc-96a6b8ebe2c1] additional details: passcode in password is provided, passcode is not provided, private key is not provided, application: undefined, client name: snowflake-sdk, client version: 2.4.0, retry timeout: 300, private key path: undefined, private key pass is not provided, client store temporary credential: false, browser response timeout: 120000"}
{"level":"INFO","message":"[7:39:48.680 AM]: Connection[id: b7874f48-b0bc-4bb5-92fc-96a6b8ebe2c1] - connection object created successfully."}
{"level":"INFO","message":"[7:39:48.681 AM]: Connection[id: b7874f48-b0bc-4bb5-92fc-96a6b8ebe2c1] - async connecting. Associated Snowflake domain: GLOBAL"}
{"level":"INFO","message":"[7:39:48.681 AM]: Trying to initialize Easy Logging"}
{"level":"INFO","message":"[7:39:48.682 AM]: No client config detected."}
{"level":"INFO","message":"[7:39:48.682 AM]: No config file path found. Client config will not be used."}
{"level":"INFO","message":"[7:39:48.682 AM]: Easy Logging is disabled as no config has been found"}
{"level":"INFO","message":"[7:39:48.682 AM]: Connection[id: b7874f48-b0bc-4bb5-92fc-96a6b8ebe2c1] - authentication successful using: SNOWFLAKE"}
{"level":"INFO","message":"[7:39:49.664 AM]: Connection[id: b7874f48-b0bc-4bb5-92fc-96a6b8ebe2c1] - connection established successfully after 983.4 milliseconds"}
{"level":"INFO","message":"[10:39:24.077 AM]: Creating new connection object"}
{"level":"INFO","message":"[10:39:24.081 AM]: Creating Connection[id: e5211648-7f7c-4586-bef4-6cd17507031f] with host: fya14544.snowflakecomputing.com, account: fya14544, accessUrl: https://fya14544.snowflakecomputing.com, user: EPIC_DEV, role: EPIC_DEV_ROLE, database: TEST_DEVELOPMENT_ENVIROMENT, schema: DEV_SCHEMA, warehouse: , proxy was not configured, password is provided, region: undefined, authenticator: SNOWFLAKE, ocsp mode: FAIL_OPEN, os: darwin, os version: 25.4.0"}
{"level":"INFO","message":"[10:39:24.081 AM]: Connection[id: e5211648-7f7c-4586-bef4-6cd17507031f] additional details: passcode in password is provided, passcode is not provided, private key is not provided, application: undefined, client name: snowflake-sdk, client version: 2.4.0, retry timeout: 300, private key path: undefined, private key pass is not provided, client store temporary credential: false, browser response timeout: 120000"}
{"level":"INFO","message":"[10:39:24.081 AM]: Connection[id: e5211648-7f7c-4586-bef4-6cd17507031f] - connection object created successfully."}
{"level":"INFO","message":"[10:39:24.081 AM]: Connection[id: e5211648-7f7c-4586-bef4-6cd17507031f] - async connecting. Associated Snowflake domain: GLOBAL"}
{"level":"INFO","message":"[10:39:24.081 AM]: Trying to initialize Easy Logging"}
{"level":"INFO","message":"[10:39:24.082 AM]: No client config detected."}
{"level":"INFO","message":"[10:39:24.082 AM]: No config file path found. Client config will not be used."}
{"level":"INFO","message":"[10:39:24.082 AM]: Easy Logging is disabled as no config has been found"}
{"level":"INFO","message":"[10:39:24.082 AM]: Connection[id: e5211648-7f7c-4586-bef4-6cd17507031f] - authentication successful using: SNOWFLAKE"}
{"level":"INFO","message":"[10:39:25.979 AM]: Connection[id: e5211648-7f7c-4586-bef4-6cd17507031f] - connection established successfully after 1897.32 milliseconds"}
{"level":"INFO","message":"[11:07:10.167 AM]: Creating new connection object"}
{"level":"INFO","message":"[11:07:10.172 AM]: Creating Connection[id: 82e8fcf2-8150-4742-be3a-ea54f503916c] with host: fya14544.snowflakecomputing.com, account: fya14544, accessUrl: https://fya14544.snowflakecomputing.com, user: EPIC_DEV, role: EPIC_DEV_ROLE, database: TEST_DEVELOPMENT_ENVIROMENT, schema: DEV_SCHEMA, warehouse: , proxy was not configured, password is provided, region: undefined, authenticator: SNOWFLAKE, ocsp mode: FAIL_OPEN, os: darwin, os version: 25.4.0"}
{"level":"INFO","message":"[11:07:10.173 AM]: Connection[id: 82e8fcf2-8150-4742-be3a-ea54f503916c] additional details: passcode in password is provided, passcode is not provided, private key is not provided, application: undefined, client name: snowflake-sdk, client version: 2.4.0, retry timeout: 300, private key path: undefined, private key pass is not provided, client store temporary credential: false, browser response timeout: 120000"}
{"level":"INFO","message":"[11:07:10.173 AM]: Connection[id: 82e8fcf2-8150-4742-be3a-ea54f503916c] - connection object created successfully."}
{"level":"INFO","message":"[11:07:10.173 AM]: Connection[id: 82e8fcf2-8150-4742-be3a-ea54f503916c] - async connecting. Associated Snowflake domain: GLOBAL"}
{"level":"INFO","message":"[11:07:10.173 AM]: Trying to initialize Easy Logging"}
{"level":"INFO","message":"[11:07:10.179 AM]: No client config detected."}
{"level":"INFO","message":"[11:07:10.179 AM]: No config file path found. Client config will not be used."}
{"level":"INFO","message":"[11:07:10.179 AM]: Easy Logging is disabled as no config has been found"}
{"level":"INFO","message":"[11:07:10.180 AM]: Connection[id: 82e8fcf2-8150-4742-be3a-ea54f503916c] - authentication successful using: SNOWFLAKE"}
{"level":"INFO","message":"[11:07:11.086 AM]: Connection[id: 82e8fcf2-8150-4742-be3a-ea54f503916c] - connection established successfully after 913.44 milliseconds"}
{"level":"INFO","message":"[11:17:15.461 AM]: Creating new connection object"}
{"level":"INFO","message":"[11:17:15.467 AM]: Creating Connection[id: 2773201e-9fac-443d-8dd4-3b79a3178def] with host: fya14544.snowflakecomputing.com, account: fya14544, accessUrl: https://fya14544.snowflakecomputing.com, user: EPIC_DEV, role: EPIC_DEV_ROLE, database: TEST_DEVELOPMENT_ENVIROMENT, schema: DEV_SCHEMA, warehouse: , proxy was not configured, password is provided, region: undefined, authenticator: SNOWFLAKE, ocsp mode: FAIL_OPEN, os: darwin, os version: 25.4.0"}
{"level":"INFO","message":"[11:17:15.467 AM]: Connection[id: 2773201e-9fac-443d-8dd4-3b79a3178def] additional details: passcode in password is provided, passcode is not provided, private key is not provided, application: undefined, client name: snowflake-sdk, client version: 2.4.0, retry timeout: 300, private key path: undefined, private key pass is not provided, client store temporary credential: false, browser response timeout: 120000"}
{"level":"INFO","message":"[11:17:15.467 AM]: Connection[id: 2773201e-9fac-443d-8dd4-3b79a3178def] - connection object created successfully."}
{"level":"INFO","message":"[11:17:15.467 AM]: Connection[id: 2773201e-9fac-443d-8dd4-3b79a3178def] - async connecting. Associated Snowflake domain: GLOBAL"}
{"level":"INFO","message":"[11:17:15.467 AM]: Trying to initialize Easy Logging"}
{"level":"INFO","message":"[11:17:15.468 AM]: No client config detected."}
{"level":"INFO","message":"[11:17:15.468 AM]: No config file path found. Client config will not be used."}
{"level":"INFO","message":"[11:17:15.468 AM]: Easy Logging is disabled as no config has been found"}
{"level":"INFO","message":"[11:17:15.468 AM]: Connection[id: 2773201e-9fac-443d-8dd4-3b79a3178def] - authentication successful using: SNOWFLAKE"}
{"level":"INFO","message":"[11:17:16.076 AM]: Connection[id: 2773201e-9fac-443d-8dd4-3b79a3178def] - connection established successfully after 608.94 milliseconds"}
{"level":"INFO","message":"[4:37:37.329 PM]: Creating new connection object"}
{"level":"INFO","message":"[4:37:37.334 PM]: Creating Connection[id: a9fb0f53-2803-4d6f-9f35-561893e660c6] with host: fya14544.snowflakecomputing.com, account: fya14544, accessUrl: https://fya14544.snowflakecomputing.com, user: EPIC_DEV, role: EPIC_DEV_ROLE, database: TEST_DEVELOPMENT_ENVIROMENT, schema: DEV_SCHEMA, warehouse: , proxy was not configured, password is provided, region: undefined, authenticator: SNOWFLAKE, ocsp mode: FAIL_OPEN, os: darwin, os version: 25.4.0"}
{"level":"INFO","message":"[4:37:37.335 PM]: Connection[id: a9fb0f53-2803-4d6f-9f35-561893e660c6] additional details: passcode in password is provided, passcode is not provided, private key is not provided, application: undefined, client name: snowflake-sdk, client version: 2.4.0, retry timeout: 300, private key path: undefined, private key pass is not provided, client store temporary credential: false, browser response timeout: 120000"}
{"level":"INFO","message":"[4:37:37.335 PM]: Connection[id: a9fb0f53-2803-4d6f-9f35-561893e660c6] - connection object created successfully."}
{"level":"INFO","message":"[4:37:37.335 PM]: Connection[id: a9fb0f53-2803-4d6f-9f35-561893e660c6] - async connecting. Associated Snowflake domain: GLOBAL"}
{"level":"INFO","message":"[4:37:37.335 PM]: Trying to initialize Easy Logging"}
{"level":"INFO","message":"[4:37:37.341 PM]: No client config detected."}
{"level":"INFO","message":"[4:37:37.341 PM]: No config file path found. Client config will not be used."}
{"level":"INFO","message":"[4:37:37.341 PM]: Easy Logging is disabled as no config has been found"}
{"level":"INFO","message":"[4:37:37.341 PM]: Connection[id: a9fb0f53-2803-4d6f-9f35-561893e660c6] - authentication successful using: SNOWFLAKE"}
{"level":"INFO","message":"[4:37:38.316 PM]: Connection[id: a9fb0f53-2803-4d6f-9f35-561893e660c6] - connection established successfully after 981.37 milliseconds"}
{"level":"INFO","message":"[3:29:21.462 PM]: Creating new connection object"}
{"level":"INFO","message":"[3:29:21.467 PM]: Creating Connection[id: 2bcec14c-7656-4a87-b1c8-65775430ffb3] with host: fya14544.snowflakecomputing.com, account: fya14544, accessUrl: https://fya14544.snowflakecomputing.com, user: EPIC_DEV, role: EPIC_DEV_ROLE, database: TEST_DEVELOPMENT_ENVIROMENT, schema: DEV_SCHEMA, warehouse: , proxy was not configured, password is provided, region: undefined, authenticator: SNOWFLAKE, ocsp mode: FAIL_OPEN, os: darwin, os version: 25.4.0"}
{"level":"INFO","message":"[3:29:21.468 PM]: Connection[id: 2bcec14c-7656-4a87-b1c8-65775430ffb3] additional details: passcode in password is provided, passcode is not provided, private key is not provided, application: undefined, client name: snowflake-sdk, client version: 2.4.0, retry timeout: 300, private key path: undefined, private key pass is not provided, client store temporary credential: false, browser response timeout: 120000"}
{"level":"INFO","message":"[3:29:21.468 PM]: Connection[id: 2bcec14c-7656-4a87-b1c8-65775430ffb3] - connection object created successfully."}
{"level":"INFO","message":"[3:29:21.468 PM]: Connection[id: 2bcec14c-7656-4a87-b1c8-65775430ffb3] - async connecting. Associated Snowflake domain: GLOBAL"}
{"level":"INFO","message":"[3:29:21.468 PM]: Trying to initialize Easy Logging"}
{"level":"INFO","message":"[3:29:21.492 PM]: No client config detected."}
{"level":"INFO","message":"[3:29:21.492 PM]: No config file path found. Client config will not be used."}
{"level":"INFO","message":"[3:29:21.492 PM]: Easy Logging is disabled as no config has been found"}
{"level":"INFO","message":"[3:29:21.492 PM]: Connection[id: 2bcec14c-7656-4a87-b1c8-65775430ffb3] - authentication successful using: SNOWFLAKE"}
{"level":"INFO","message":"[3:29:22.612 PM]: Connection[id: 2bcec14c-7656-4a87-b1c8-65775430ffb3] - connection established successfully after 1144.5 milliseconds"}
{"level":"INFO","message":"[9:02:57.595 AM]: Creating new connection object"}
{"level":"INFO","message":"[9:02:57.600 AM]: Creating Connection[id: 85625d91-0578-41ac-8cc6-42a0aec2392e] with host: fya14544.snowflakecomputing.com, account: fya14544, accessUrl: https://fya14544.snowflakecomputing.com, user: EPIC_DEV, role: EPIC_DEV_ROLE, database: TEST_DEVELOPMENT_ENVIROMENT, schema: DEV_SCHEMA, warehouse: , proxy was not configured, password is provided, region: undefined, authenticator: SNOWFLAKE, ocsp mode: FAIL_OPEN, os: darwin, os version: 25.4.0"}
{"level":"INFO","message":"[9:02:57.601 AM]: Connection[id: 85625d91-0578-41ac-8cc6-42a0aec2392e] additional details: passcode in password is provided, passcode is not provided, private key is not provided, application: undefined, client name: snowflake-sdk, client version: 2.4.0, retry timeout: 300, private key path: undefined, private key pass is not provided, client store temporary credential: false, browser response timeout: 120000"}
{"level":"INFO","message":"[9:02:57.601 AM]: Connection[id: 85625d91-0578-41ac-8cc6-42a0aec2392e] - connection object created successfully."}
{"level":"INFO","message":"[9:02:57.601 AM]: Connection[id: 85625d91-0578-41ac-8cc6-42a0aec2392e] - async connecting. Associated Snowflake domain: GLOBAL"}
{"level":"INFO","message":"[9:02:57.601 AM]: Trying to initialize Easy Logging"}
{"level":"INFO","message":"[9:02:57.620 AM]: No client config detected."}
{"level":"INFO","message":"[9:02:57.621 AM]: No config file path found. Client config will not be used."}
{"level":"INFO","message":"[9:02:57.621 AM]: Easy Logging is disabled as no config has been found"}
{"level":"INFO","message":"[9:02:57.621 AM]: Connection[id: 85625d91-0578-41ac-8cc6-42a0aec2392e] - authentication successful using: SNOWFLAKE"}
{"level":"INFO","message":"[9:02:58.782 AM]: Connection[id: 85625d91-0578-41ac-8cc6-42a0aec2392e] - connection established successfully after 1181.46 milliseconds"}
{"level":"INFO","message":"[1:57:58.912 PM]: Creating new connection object"}
{"level":"INFO","message":"[1:57:58.917 PM]: Creating Connection[id: f7dced95-66bf-46ca-b259-7e368e2a5d8a] with host: fya14544.snowflakecomputing.com, account: fya14544, accessUrl: https://fya14544.snowflakecomputing.com, user: EPIC_DEV, role: EPIC_DEV_ROLE, database: TEST_DEVELOPMENT_ENVIROMENT, schema: DEV_SCHEMA, warehouse: , proxy was not configured, password is provided, region: undefined, authenticator: SNOWFLAKE, ocsp mode: FAIL_OPEN, os: darwin, os version: 25.4.0"}
{"level":"INFO","message":"[1:57:58.917 PM]: Connection[id: f7dced95-66bf-46ca-b259-7e368e2a5d8a] additional details: passcode in password is provided, passcode is not provided, private key is not provided, application: undefined, client name: snowflake-sdk, client version: 2.4.0, retry timeout: 300, private key path: undefined, private key pass is not provided, client store temporary credential: false, browser response timeout: 120000"}
{"level":"INFO","message":"[1:57:58.917 PM]: Connection[id: f7dced95-66bf-46ca-b259-7e368e2a5d8a] - connection object created successfully."}
{"level":"INFO","message":"[1:57:58.917 PM]: Connection[id: f7dced95-66bf-46ca-b259-7e368e2a5d8a] - async connecting. Associated Snowflake domain: GLOBAL"}
{"level":"INFO","message":"[1:57:58.918 PM]: Trying to initialize Easy Logging"}
{"level":"INFO","message":"[1:57:58.925 PM]: No client config detected."}
{"level":"INFO","message":"[1:57:58.925 PM]: No config file path found. Client config will not be used."}
{"level":"INFO","message":"[1:57:58.925 PM]: Easy Logging is disabled as no config has been found"}
{"level":"INFO","message":"[1:57:58.925 PM]: Connection[id: f7dced95-66bf-46ca-b259-7e368e2a5d8a] - authentication successful using: SNOWFLAKE"}
{"level":"INFO","message":"[1:57:59.472 PM]: Connection[id: f7dced95-66bf-46ca-b259-7e368e2a5d8a] - connection established successfully after 554.43 milliseconds"}
{"level":"INFO","message":"[5:40:50.521 PM]: Creating new connection object"}
{"level":"INFO","message":"[5:40:50.527 PM]: Creating Connection[id: 11103842-56d0-41d4-a5bf-9bf7de2cd278] with host: fya14544.snowflakecomputing.com, account: fya14544, accessUrl: https://fya14544.snowflakecomputing.com, user: EPIC_DEV, role: EPIC_DEV_ROLE, database: TEST_DEVELOPMENT_ENVIROMENT, schema: DEV_SCHEMA, warehouse: , proxy was not configured, password is provided, region: undefined, authenticator: SNOWFLAKE, ocsp mode: FAIL_OPEN, os: darwin, os version: 25.4.0"}
{"level":"INFO","message":"[5:40:50.527 PM]: Connection[id: 11103842-56d0-41d4-a5bf-9bf7de2cd278] additional details: passcode in password is provided, passcode is not provided, private key is not provided, application: undefined, client name: snowflake-sdk, client version: 2.4.0, retry timeout: 300, private key path: undefined, private key pass is not provided, client store temporary credential: false, browser response timeout: 120000"}
{"level":"INFO","message":"[5:40:50.527 PM]: Connection[id: 11103842-56d0-41d4-a5bf-9bf7de2cd278] - connection object created successfully."}
{"level":"INFO","message":"[5:40:50.527 PM]: Connection[id: 11103842-56d0-41d4-a5bf-9bf7de2cd278] - async connecting. Associated Snowflake domain: GLOBAL"}
{"level":"INFO","message":"[5:40:50.527 PM]: Trying to initialize Easy Logging"}
{"level":"INFO","message":"[5:40:50.533 PM]: No client config detected."}
{"level":"INFO","message":"[5:40:50.534 PM]: No config file path found. Client config will not be used."}
{"level":"INFO","message":"[5:40:50.534 PM]: Easy Logging is disabled as no config has been found"}
{"level":"INFO","message":"[5:40:50.534 PM]: Connection[id: 11103842-56d0-41d4-a5bf-9bf7de2cd278] - authentication successful using: SNOWFLAKE"}
{"level":"INFO","message":"[5:40:51.127 PM]: Connection[id: 11103842-56d0-41d4-a5bf-9bf7de2cd278] - connection established successfully after 599.81 milliseconds"}
{"level":"INFO","message":"[5:41:17.894 PM]: Creating new connection object"}
{"level":"INFO","message":"[5:41:17.899 PM]: Creating Connection[id: 59346be0-14e2-452d-9dba-99e0256aa748] with host: fya14544.snowflakecomputing.com, account: fya14544, accessUrl: https://fya14544.snowflakecomputing.com, user: EPIC_DEV, role: EPIC_DEV_ROLE, database: TEST_DEVELOPMENT_ENVIROMENT, schema: DEV_SCHEMA, warehouse: , proxy was not configured, password is provided, region: undefined, authenticator: SNOWFLAKE, ocsp mode: FAIL_OPEN, os: darwin, os version: 25.4.0"}
{"level":"INFO","message":"[5:41:17.900 PM]: Connection[id: 59346be0-14e2-452d-9dba-99e0256aa748] additional details: passcode in password is provided, passcode is not provided, private key is not provided, application: undefined, client name: snowflake-sdk, client version: 2.4.0, retry timeout: 300, private key path: undefined, private key pass is not provided, client store temporary credential: false, browser response timeout: 120000"}
{"level":"INFO","message":"[5:41:17.900 PM]: Connection[id: 59346be0-14e2-452d-9dba-99e0256aa748] - connection object created successfully."}
{"level":"INFO","message":"[5:41:17.900 PM]: Connection[id: 59346be0-14e2-452d-9dba-99e0256aa748] - async connecting. Associated Snowflake domain: GLOBAL"}
{"level":"INFO","message":"[5:41:17.900 PM]: Trying to initialize Easy Logging"}
{"level":"INFO","message":"[5:41:17.921 PM]: No client config detected."}
{"level":"INFO","message":"[5:41:17.922 PM]: No config file path found. Client config will not be used."}
{"level":"INFO","message":"[5:41:17.922 PM]: Easy Logging is disabled as no config has been found"}
{"level":"INFO","message":"[5:41:17.922 PM]: Connection[id: 59346be0-14e2-452d-9dba-99e0256aa748] - authentication successful using: SNOWFLAKE"}
{"level":"INFO","message":"[5:41:18.649 PM]: Connection[id: 59346be0-14e2-452d-9dba-99e0256aa748] - connection established successfully after 748.81 milliseconds"}
{"level":"INFO","message":"[5:48:54.247 PM]: Creating new connection object"}
{"level":"INFO","message":"[5:48:54.252 PM]: Creating Connection[id: cb784a6a-9049-4a81-bea9-f959e38663d6] with host: fya14544.snowflakecomputing.com, account: fya14544, accessUrl: https://fya14544.snowflakecomputing.com, user: EPIC_DEV, role: EPIC_DEV_ROLE, database: TEST_DEVELOPMENT_ENVIROMENT, schema: DEV_SCHEMA, warehouse: , proxy was not configured, password is provided, region: undefined, authenticator: SNOWFLAKE, ocsp mode: FAIL_OPEN, os: darwin, os version: 25.4.0"}
{"level":"INFO","message":"[5:48:54.253 PM]: Connection[id: cb784a6a-9049-4a81-bea9-f959e38663d6] additional details: passcode in password is provided, passcode is not provided, private key is not provided, application: undefined, client name: snowflake-sdk, client version: 2.4.0, retry timeout: 300, private key path: undefined, private key pass is not provided, client store temporary credential: false, browser response timeout: 120000"}
{"level":"INFO","message":"[5:48:54.253 PM]: Connection[id: cb784a6a-9049-4a81-bea9-f959e38663d6] - connection object created successfully."}
{"level":"INFO","message":"[5:48:54.253 PM]: Connection[id: cb784a6a-9049-4a81-bea9-f959e38663d6] - async connecting. Associated Snowflake domain: GLOBAL"}
{"level":"INFO","message":"[5:48:54.253 PM]: Trying to initialize Easy Logging"}
{"level":"INFO","message":"[5:48:54.280 PM]: No client config detected."}
{"level":"INFO","message":"[5:48:54.280 PM]: No config file path found. Client config will not be used."}
{"level":"INFO","message":"[5:48:54.280 PM]: Easy Logging is disabled as no config has been found"}
{"level":"INFO","message":"[5:48:54.280 PM]: Connection[id: cb784a6a-9049-4a81-bea9-f959e38663d6] - authentication successful using: SNOWFLAKE"}
{"level":"INFO","message":"[5:48:54.973 PM]: Connection[id: cb784a6a-9049-4a81-bea9-f959e38663d6] - connection established successfully after 719.78 milliseconds"}
{"level":"INFO","message":"[6:07:57.542 PM]: Creating new connection object"}
{"level":"INFO","message":"[6:07:57.547 PM]: Creating Connection[id: 89d64dd4-ba57-4915-97e6-0f7707bc48ec] with host: fya14544.snowflakecomputing.com, account: fya14544, accessUrl: https://fya14544.snowflakecomputing.com, user: EPIC_DEV, role: EPIC_DEV_ROLE, database: TEST_DEVELOPMENT_ENVIROMENT, schema: DEV_SCHEMA, warehouse: , proxy was not configured, password is provided, region: undefined, authenticator: SNOWFLAKE, ocsp mode: FAIL_OPEN, os: darwin, os version: 25.4.0"}
{"level":"INFO","message":"[6:07:57.547 PM]: Connection[id: 89d64dd4-ba57-4915-97e6-0f7707bc48ec] additional details: passcode in password is provided, passcode is not provided, private key is not provided, application: undefined, client name: snowflake-sdk, client version: 2.4.0, retry timeout: 300, private key path: undefined, private key pass is not provided, client store temporary credential: false, browser response timeout: 120000"}
{"level":"INFO","message":"[6:07:57.547 PM]: Connection[id: 89d64dd4-ba57-4915-97e6-0f7707bc48ec] - connection object created successfully."}
{"level":"INFO","message":"[6:07:57.547 PM]: Connection[id: 89d64dd4-ba57-4915-97e6-0f7707bc48ec] - async connecting. Associated Snowflake domain: GLOBAL"}
{"level":"INFO","message":"[6:07:57.547 PM]: Trying to initialize Easy Logging"}
{"level":"INFO","message":"[6:07:57.566 PM]: No client config detected."}
{"level":"INFO","message":"[6:07:57.566 PM]: No config file path found. Client config will not be used."}
{"level":"INFO","message":"[6:07:57.566 PM]: Easy Logging is disabled as no config has been found"}
{"level":"INFO","message":"[6:07:57.566 PM]: Connection[id: 89d64dd4-ba57-4915-97e6-0f7707bc48ec] - authentication successful using: SNOWFLAKE"}
{"level":"INFO","message":"[6:07:58.227 PM]: Connection[id: 89d64dd4-ba57-4915-97e6-0f7707bc48ec] - connection established successfully after 680.16 milliseconds"}
{"level":"INFO","message":"[6:13:17.377 PM]: Creating new connection object"}
{"level":"INFO","message":"[6:13:17.382 PM]: Creating Connection[id: edc3c6c8-5ac3-4b06-9af6-b62dea0246fd] with host: fya14544.snowflakecomputing.com, account: fya14544, accessUrl: https://fya14544.snowflakecomputing.com, user: EPIC_DEV, role: EPIC_DEV_ROLE, database: TEST_DEVELOPMENT_ENVIROMENT, schema: DEV_SCHEMA, warehouse: , proxy was not configured, password is provided, region: undefined, authenticator: SNOWFLAKE, ocsp mode: FAIL_OPEN, os: darwin, os version: 25.4.0"}
{"level":"INFO","message":"[6:13:17.382 PM]: Connection[id: edc3c6c8-5ac3-4b06-9af6-b62dea0246fd] additional details: passcode in password is provided, passcode is not provided, private key is not provided, application: undefined, client name: snowflake-sdk, client version: 2.4.0, retry timeout: 300, private key path: undefined, private key pass is not provided, client store temporary credential: false, browser response timeout: 120000"}
{"level":"INFO","message":"[6:13:17.382 PM]: Connection[id: edc3c6c8-5ac3-4b06-9af6-b62dea0246fd] - connection object created successfully."}
{"level":"INFO","message":"[6:13:17.382 PM]: Connection[id: edc3c6c8-5ac3-4b06-9af6-b62dea0246fd] - async connecting. Associated Snowflake domain: GLOBAL"}
{"level":"INFO","message":"[6:13:17.383 PM]: Trying to initialize Easy Logging"}
{"level":"INFO","message":"[6:13:17.407 PM]: No client config detected."}
{"level":"INFO","message":"[6:13:17.407 PM]: No config file path found. Client config will not be used."}
{"level":"INFO","message":"[6:13:17.407 PM]: Easy Logging is disabled as no config has been found"}
{"level":"INFO","message":"[6:13:17.408 PM]: Connection[id: edc3c6c8-5ac3-4b06-9af6-b62dea0246fd] - authentication successful using: SNOWFLAKE"}
{"level":"INFO","message":"[6:13:18.016 PM]: Connection[id: edc3c6c8-5ac3-4b06-9af6-b62dea0246fd] - connection established successfully after 633.25 milliseconds"}
{"level":"INFO","message":"[6:17:33.955 PM]: Creating new connection object"}
{"level":"INFO","message":"[6:17:33.958 PM]: Creating Connection[id: 58c5d329-12af-4476-bbb8-8e352a22a58b] with host: fya14544.snowflakecomputing.com, account: fya14544, accessUrl: https://fya14544.snowflakecomputing.com, user: EPIC_DEV, role: EPIC_DEV_ROLE, database: TEST_DEVELOPMENT_ENVIROMENT, schema: DEV_SCHEMA, warehouse: , proxy was not configured, password is provided, region: undefined, authenticator: SNOWFLAKE, ocsp mode: FAIL_OPEN, os: darwin, os version: 25.4.0"}
{"level":"INFO","message":"[6:17:33.958 PM]: Connection[id: 58c5d329-12af-4476-bbb8-8e352a22a58b] additional details: passcode in password is provided, passcode is not provided, private key is not provided, application: undefined, client name: snowflake-sdk, client version: 2.4.0, retry timeout: 300, private key path: undefined, private key pass is not provided, client store temporary credential: false, browser response timeout: 120000"}
{"level":"INFO","message":"[6:17:33.958 PM]: Connection[id: 58c5d329-12af-4476-bbb8-8e352a22a58b] - connection object created successfully."}
{"level":"INFO","message":"[6:17:33.959 PM]: Connection[id: 58c5d329-12af-4476-bbb8-8e352a22a58b] - async connecting. Associated Snowflake domain: GLOBAL"}
{"level":"INFO","message":"[6:17:33.959 PM]: Trying to initialize Easy Logging"}
{"level":"INFO","message":"[6:17:33.960 PM]: No client config detected."}
{"level":"INFO","message":"[6:17:33.960 PM]: No config file path found. Client config will not be used."}
{"level":"INFO","message":"[6:17:33.960 PM]: Easy Logging is disabled as no config has been found"}
{"level":"INFO","message":"[6:17:33.961 PM]: Connection[id: 58c5d329-12af-4476-bbb8-8e352a22a58b] - authentication successful using: SNOWFLAKE"}
{"level":"INFO","message":"[6:17:34.637 PM]: Connection[id: 58c5d329-12af-4476-bbb8-8e352a22a58b] - connection established successfully after 677.94 milliseconds"}
{"level":"INFO","message":"[6:21:39.982 PM]: Creating new connection object"}
{"level":"INFO","message":"[6:21:39.985 PM]: Creating Connection[id: 1d21f465-b627-4d49-8ab8-b4c0f11c2387] with host: fya14544.snowflakecomputing.com, account: fya14544, accessUrl: https://fya14544.snowflakecomputing.com, user: EPIC_DEV, role: EPIC_DEV_ROLE, database: TEST_DEVELOPMENT_ENVIROMENT, schema: DEV_SCHEMA, warehouse: , proxy was not configured, password is provided, region: undefined, authenticator: SNOWFLAKE, ocsp mode: FAIL_OPEN, os: darwin, os version: 25.4.0"}
{"level":"INFO","message":"[6:21:39.985 PM]: Connection[id: 1d21f465-b627-4d49-8ab8-b4c0f11c2387] additional details: passcode in password is provided, passcode is not provided, private key is not provided, application: undefined, client name: snowflake-sdk, client version: 2.4.0, retry timeout: 300, private key path: undefined, private key pass is not provided, client store temporary credential: false, browser response timeout: 120000"}
{"level":"INFO","message":"[6:21:39.985 PM]: Connection[id: 1d21f465-b627-4d49-8ab8-b4c0f11c2387] - connection object created successfully."}
{"level":"INFO","message":"[6:21:39.986 PM]: Connection[id: 1d21f465-b627-4d49-8ab8-b4c0f11c2387] - async connecting. Associated Snowflake domain: GLOBAL"}
{"level":"INFO","message":"[6:21:39.986 PM]: Trying to initialize Easy Logging"}
{"level":"INFO","message":"[6:21:39.987 PM]: No client config detected."}
{"level":"INFO","message":"[6:21:39.987 PM]: No config file path found. Client config will not be used."}
{"level":"INFO","message":"[6:21:39.987 PM]: Easy Logging is disabled as no config has been found"}
{"level":"INFO","message":"[6:21:39.988 PM]: Connection[id: 1d21f465-b627-4d49-8ab8-b4c0f11c2387] - authentication successful using: SNOWFLAKE"}
{"level":"INFO","message":"[6:21:40.532 PM]: Connection[id: 1d21f465-b627-4d49-8ab8-b4c0f11c2387] - connection established successfully after 546.48 milliseconds"}
{"level":"INFO","message":"[6:25:29.222 PM]: Creating new connection object"}
{"level":"INFO","message":"[6:25:29.224 PM]: Creating Connection[id: 800a9176-0dee-4234-b80d-5b54ed24464a] with host: fya14544.snowflakecomputing.com, account: fya14544, accessUrl: https://fya14544.snowflakecomputing.com, user: EPIC_DEV, role: EPIC_DEV_ROLE, database: TEST_DEVELOPMENT_ENVIROMENT, schema: DEV_SCHEMA, warehouse: , proxy was not configured, password is provided, region: undefined, authenticator: SNOWFLAKE, ocsp mode: FAIL_OPEN, os: darwin, os version: 25.4.0"}
{"level":"INFO","message":"[6:25:29.224 PM]: Connection[id: 800a9176-0dee-4234-b80d-5b54ed24464a] additional details: passcode in password is provided, passcode is not provided, private key is not provided, application: undefined, client name: snowflake-sdk, client version: 2.4.0, retry timeout: 300, private key path: undefined, private key pass is not provided, client store temporary credential: false, browser response timeout: 120000"}
{"level":"INFO","message":"[6:25:29.224 PM]: Connection[id: 800a9176-0dee-4234-b80d-5b54ed24464a] - connection object created successfully."}
{"level":"INFO","message":"[6:25:29.225 PM]: Connection[id: 800a9176-0dee-4234-b80d-5b54ed24464a] - async connecting. Associated Snowflake domain: GLOBAL"}
{"level":"INFO","message":"[6:25:29.225 PM]: Trying to initialize Easy Logging"}
{"level":"INFO","message":"[6:25:29.227 PM]: No client config detected."}
{"level":"INFO","message":"[6:25:29.227 PM]: No config file path found. Client config will not be used."}
{"level":"INFO","message":"[6:25:29.227 PM]: Easy Logging is disabled as no config has been found"}
{"level":"INFO","message":"[6:25:29.227 PM]: Connection[id: 800a9176-0dee-4234-b80d-5b54ed24464a] - authentication successful using: SNOWFLAKE"}
{"level":"INFO","message":"[6:25:30.024 PM]: Connection[id: 800a9176-0dee-4234-b80d-5b54ed24464a] - connection established successfully after 799.15 milliseconds"}
{"level":"INFO","message":"[6:32:29.846 PM]: Creating new connection object"}
{"level":"INFO","message":"[6:32:29.852 PM]: Creating Connection[id: 588f00f8-f1db-4f71-83f5-50a66281f146] with host: fya14544.snowflakecomputing.com, account: fya14544, accessUrl: https://fya14544.snowflakecomputing.com, user: EPIC_DEV, role: EPIC_DEV_ROLE, database: TEST_DEVELOPMENT_ENVIROMENT, schema: DEV_SCHEMA, warehouse: , proxy was not configured, password is provided, region: undefined, authenticator: SNOWFLAKE, ocsp mode: FAIL_OPEN, os: darwin, os version: 25.4.0"}
{"level":"INFO","message":"[6:32:29.852 PM]: Connection[id: 588f00f8-f1db-4f71-83f5-50a66281f146] additional details: passcode in password is provided, passcode is not provided, private key is not provided, application: undefined, client name: snowflake-sdk, client version: 2.4.0, retry timeout: 300, private key path: undefined, private key pass is not provided, client store temporary credential: false, browser response timeout: 120000"}
{"level":"INFO","message":"[6:32:29.852 PM]: Connection[id: 588f00f8-f1db-4f71-83f5-50a66281f146] - connection object created successfully."}
{"level":"INFO","message":"[6:32:29.852 PM]: Connection[id: 588f00f8-f1db-4f71-83f5-50a66281f146] - async connecting. Associated Snowflake domain: GLOBAL"}
{"level":"INFO","message":"[6:32:29.852 PM]: Trying to initialize Easy Logging"}
{"level":"INFO","message":"[6:32:29.868 PM]: No client config detected."}
{"level":"INFO","message":"[6:32:29.868 PM]: No config file path found. Client config will not be used."}
{"level":"INFO","message":"[6:32:29.868 PM]: Easy Logging is disabled as no config has been found"}
{"level":"INFO","message":"[6:32:29.868 PM]: Connection[id: 588f00f8-f1db-4f71-83f5-50a66281f146] - authentication successful using: SNOWFLAKE"}
{"level":"INFO","message":"[6:32:30.579 PM]: Connection[id: 588f00f8-f1db-4f71-83f5-50a66281f146] - connection established successfully after 727.2 milliseconds"}
{"level":"INFO","message":"[6:56:20.744 PM]: Creating new connection object"}
{"level":"INFO","message":"[6:56:20.747 PM]: Creating Connection[id: 720adbd4-3c1c-45f7-b620-ac236f0c5dc2] with host: fya14544.snowflakecomputing.com, account: fya14544, accessUrl: https://fya14544.snowflakecomputing.com, user: EPIC_DEV, role: EPIC_DEV_ROLE, database: TEST_DEVELOPMENT_ENVIROMENT, schema: DEV_SCHEMA, warehouse: , proxy was not configured, password is provided, region: undefined, authenticator: SNOWFLAKE, ocsp mode: FAIL_OPEN, os: darwin, os version: 25.4.0"}
{"level":"INFO","message":"[6:56:20.747 PM]: Connection[id: 720adbd4-3c1c-45f7-b620-ac236f0c5dc2] additional details: passcode in password is provided, passcode is not provided, private key is not provided, application: undefined, client name: snowflake-sdk, client version: 2.4.0, retry timeout: 300, private key path: undefined, private key pass is not provided, client store temporary credential: false, browser response timeout: 120000"}
{"level":"INFO","message":"[6:56:20.747 PM]: Connection[id: 720adbd4-3c1c-45f7-b620-ac236f0c5dc2] - connection object created successfully."}
{"level":"INFO","message":"[6:56:20.748 PM]: Connection[id: 720adbd4-3c1c-45f7-b620-ac236f0c5dc2] - async connecting. Associated Snowflake domain: GLOBAL"}
{"level":"INFO","message":"[6:56:20.748 PM]: Trying to initialize Easy Logging"}
{"level":"INFO","message":"[6:56:20.749 PM]: No client config detected."}
{"level":"INFO","message":"[6:56:20.749 PM]: No config file path found. Client config will not be used."}
{"level":"INFO","message":"[6:56:20.749 PM]: Easy Logging is disabled as no config has been found"}
{"level":"INFO","message":"[6:56:20.749 PM]: Connection[id: 720adbd4-3c1c-45f7-b620-ac236f0c5dc2] - authentication successful using: SNOWFLAKE"}
{"level":"INFO","message":"[6:56:21.428 PM]: Connection[id: 720adbd4-3c1c-45f7-b620-ac236f0c5dc2] - connection established successfully after 679.8 milliseconds"}
{"level":"INFO","message":"[6:56:36.361 PM]: Creating new connection object"}
{"level":"INFO","message":"[6:56:36.366 PM]: Creating Connection[id: 468f4746-5ca6-40b2-ac8c-88c08d217403] with host: fya14544.snowflakecomputing.com, account: fya14544, accessUrl: https://fya14544.snowflakecomputing.com, user: EPIC_DEV, role: EPIC_DEV_ROLE, database: TEST_DEVELOPMENT_ENVIROMENT, schema: DEV_SCHEMA, warehouse: , proxy was not configured, password is provided, region: undefined, authenticator: SNOWFLAKE, ocsp mode: FAIL_OPEN, os: darwin, os version: 25.4.0"}
{"level":"INFO","message":"[6:56:36.367 PM]: Connection[id: 468f4746-5ca6-40b2-ac8c-88c08d217403] additional details: passcode in password is provided, passcode is not provided, private key is not provided, application: undefined, client name: snowflake-sdk, client version: 2.4.0, retry timeout: 300, private key path: undefined, private key pass is not provided, client store temporary credential: false, browser response timeout: 120000"}
{"level":"INFO","message":"[6:56:36.367 PM]: Connection[id: 468f4746-5ca6-40b2-ac8c-88c08d217403] - connection object created successfully."}
{"level":"INFO","message":"[6:56:36.367 PM]: Connection[id: 468f4746-5ca6-40b2-ac8c-88c08d217403] - async connecting. Associated Snowflake domain: GLOBAL"}
{"level":"INFO","message":"[6:56:36.367 PM]: Trying to initialize Easy Logging"}
{"level":"INFO","message":"[6:56:36.391 PM]: No client config detected."}
{"level":"INFO","message":"[6:56:36.391 PM]: No config file path found. Client config will not be used."}
{"level":"INFO","message":"[6:56:36.391 PM]: Easy Logging is disabled as no config has been found"}
{"level":"INFO","message":"[6:56:36.391 PM]: Connection[id: 468f4746-5ca6-40b2-ac8c-88c08d217403] - authentication successful using: SNOWFLAKE"}
{"level":"INFO","message":"[6:56:37.048 PM]: Connection[id: 468f4746-5ca6-40b2-ac8c-88c08d217403] - connection established successfully after 681.07 milliseconds"}
{"level":"INFO","message":"[8:08:12.729 PM]: Creating new connection object"}
{"level":"INFO","message":"[8:08:12.732 PM]: Creating Connection[id: ebc0a610-af9a-4d93-bb76-9236adb766b7] with host: fya14544.snowflakecomputing.com, account: fya14544, accessUrl: https://fya14544.snowflakecomputing.com, user: EPIC_DEV, role: EPIC_DEV_ROLE, database: TEST_DEVELOPMENT_ENVIROMENT, schema: DEV_SCHEMA, warehouse: , proxy was not configured, password is provided, region: undefined, authenticator: SNOWFLAKE, ocsp mode: FAIL_OPEN, os: darwin, os version: 25.4.0"}
{"level":"INFO","message":"[8:08:12.733 PM]: Connection[id: ebc0a610-af9a-4d93-bb76-9236adb766b7] additional details: passcode in password is provided, passcode is not provided, private key is not provided, application: undefined, client name: snowflake-sdk, client version: 2.4.0, retry timeout: 300, private key path: undefined, private key pass is not provided, client store temporary credential: false, browser response timeout: 120000"}
{"level":"INFO","message":"[8:08:12.733 PM]: Connection[id: ebc0a610-af9a-4d93-bb76-9236adb766b7] - connection object created successfully."}
{"level":"INFO","message":"[8:08:12.733 PM]: Connection[id: ebc0a610-af9a-4d93-bb76-9236adb766b7] - async connecting. Associated Snowflake domain: GLOBAL"}
{"level":"INFO","message":"[8:08:12.734 PM]: Trying to initialize Easy Logging"}
{"level":"INFO","message":"[8:08:12.735 PM]: No client config detected."}
{"level":"INFO","message":"[8:08:12.735 PM]: No config file path found. Client config will not be used."}
{"level":"INFO","message":"[8:08:12.735 PM]: Easy Logging is disabled as no config has been found"}
{"level":"INFO","message":"[8:08:12.735 PM]: Connection[id: ebc0a610-af9a-4d93-bb76-9236adb766b7] - authentication successful using: SNOWFLAKE"}
{"level":"INFO","message":"[8:08:13.430 PM]: Connection[id: ebc0a610-af9a-4d93-bb76-9236adb766b7] - connection established successfully after 696.86 milliseconds"}
{"level":"INFO","message":"[8:56:29.886 PM]: Creating new connection object"}
{"level":"INFO","message":"[8:56:29.891 PM]: Creating Connection[id: dd4419f9-379e-4a4e-a6ad-ace70914770d] with host: fya14544.snowflakecomputing.com, account: fya14544, accessUrl: https://fya14544.snowflakecomputing.com, user: EPIC_DEV, role: EPIC_DEV_ROLE, database: TEST_DEVELOPMENT_ENVIROMENT, schema: DEV_SCHEMA, warehouse: , proxy was not configured, password is provided, region: undefined, authenticator: SNOWFLAKE, ocsp mode: FAIL_OPEN, os: darwin, os version: 25.4.0"}
{"level":"INFO","message":"[8:56:29.891 PM]: Connection[id: dd4419f9-379e-4a4e-a6ad-ace70914770d] additional details: passcode in password is provided, passcode is not provided, private key is not provided, application: undefined, client name: snowflake-sdk, client version: 2.4.0, retry timeout: 300, private key path: undefined, private key pass is not provided, client store temporary credential: false, browser response timeout: 120000"}
{"level":"INFO","message":"[8:56:29.891 PM]: Connection[id: dd4419f9-379e-4a4e-a6ad-ace70914770d] - connection object created successfully."}
{"level":"INFO","message":"[8:56:29.891 PM]: Connection[id: dd4419f9-379e-4a4e-a6ad-ace70914770d] - async connecting. Associated Snowflake domain: GLOBAL"}
{"level":"INFO","message":"[8:56:29.891 PM]: Trying to initialize Easy Logging"}
{"level":"INFO","message":"[8:56:29.909 PM]: No client config detected."}
{"level":"INFO","message":"[8:56:29.909 PM]: No config file path found. Client config will not be used."}
{"level":"INFO","message":"[8:56:29.909 PM]: Easy Logging is disabled as no config has been found"}
{"level":"INFO","message":"[8:56:29.909 PM]: Connection[id: dd4419f9-379e-4a4e-a6ad-ace70914770d] - authentication successful using: SNOWFLAKE"}
{"level":"INFO","message":"[8:56:30.523 PM]: Connection[id: dd4419f9-379e-4a4e-a6ad-ace70914770d] - connection established successfully after 631.64 milliseconds"}
{"level":"INFO","message":"[8:59:03.748 PM]: Creating new connection object"}
{"level":"INFO","message":"[8:59:03.754 PM]: Creating Connection[id: 8c69be73-2740-43ad-9789-fb10656c098c] with host: fya14544.snowflakecomputing.com, account: fya14544, accessUrl: https://fya14544.snowflakecomputing.com, user: EPIC_DEV, role: EPIC_DEV_ROLE, database: TEST_DEVELOPMENT_ENVIROMENT, schema: DEV_SCHEMA, warehouse: , proxy was not configured, password is provided, region: undefined, authenticator: SNOWFLAKE, ocsp mode: FAIL_OPEN, os: darwin, os version: 25.4.0"}
{"level":"INFO","message":"[8:59:03.754 PM]: Connection[id: 8c69be73-2740-43ad-9789-fb10656c098c] additional details: passcode in password is provided, passcode is not provided, private key is not provided, application: undefined, client name: snowflake-sdk, client version: 2.4.0, retry timeout: 300, private key path: undefined, private key pass is not provided, client store temporary credential: false, browser response timeout: 120000"}
{"level":"INFO","message":"[8:59:03.754 PM]: Connection[id: 8c69be73-2740-43ad-9789-fb10656c098c] - connection object created successfully."}
{"level":"INFO","message":"[8:59:03.754 PM]: Connection[id: 8c69be73-2740-43ad-9789-fb10656c098c] - async connecting. Associated Snowflake domain: GLOBAL"}
{"level":"INFO","message":"[8:59:03.755 PM]: Trying to initialize Easy Logging"}
{"level":"INFO","message":"[8:59:03.774 PM]: No client config detected."}
{"level":"INFO","message":"[8:59:03.774 PM]: No config file path found. Client config will not be used."}
{"level":"INFO","message":"[8:59:03.774 PM]: Easy Logging is disabled as no config has been found"}
{"level":"INFO","message":"[8:59:03.774 PM]: Connection[id: 8c69be73-2740-43ad-9789-fb10656c098c] - authentication successful using: SNOWFLAKE"}
{"level":"INFO","message":"[8:59:04.435 PM]: Connection[id: 8c69be73-2740-43ad-9789-fb10656c098c] - connection established successfully after 680.15 milliseconds"}
{"level":"INFO","message":"[9:02:25.451 PM]: Creating new connection object"}
{"level":"INFO","message":"[9:02:25.457 PM]: Creating Connection[id: e7fe4463-2b6f-475d-b098-4f704218eb93] with host: fya14544.snowflakecomputing.com, account: fya14544, accessUrl: https://fya14544.snowflakecomputing.com, user: EPIC_DEV, role: EPIC_DEV_ROLE, database: TEST_DEVELOPMENT_ENVIROMENT, schema: DEV_SCHEMA, warehouse: , proxy was not configured, password is provided, region: undefined, authenticator: SNOWFLAKE, ocsp mode: FAIL_OPEN, os: darwin, os version: 25.4.0"}
{"level":"INFO","message":"[9:02:25.457 PM]: Connection[id: e7fe4463-2b6f-475d-b098-4f704218eb93] additional details: passcode in password is provided, passcode is not provided, private key is not provided, application: undefined, client name: snowflake-sdk, client version: 2.4.0, retry timeout: 300, private key path: undefined, private key pass is not provided, client store temporary credential: false, browser response timeout: 120000"}
{"level":"INFO","message":"[9:02:25.457 PM]: Connection[id: e7fe4463-2b6f-475d-b098-4f704218eb93] - connection object created successfully."}
{"level":"INFO","message":"[9:02:25.457 PM]: Connection[id: e7fe4463-2b6f-475d-b098-4f704218eb93] - async connecting. Associated Snowflake domain: GLOBAL"}
{"level":"INFO","message":"[9:02:25.457 PM]: Trying to initialize Easy Logging"}
{"level":"INFO","message":"[9:02:25.474 PM]: No client config detected."}
{"level":"INFO","message":"[9:02:25.474 PM]: No config file path found. Client config will not be used."}
{"level":"INFO","message":"[9:02:25.474 PM]: Easy Logging is disabled as no config has been found"}
{"level":"INFO","message":"[9:02:25.474 PM]: Connection[id: e7fe4463-2b6f-475d-b098-4f704218eb93] - authentication successful using: SNOWFLAKE"}
{"level":"INFO","message":"[9:02:26.067 PM]: Connection[id: e7fe4463-2b6f-475d-b098-4f704218eb93] - connection established successfully after 609.32 milliseconds"}
{"level":"INFO","message":"[9:05:11.580 PM]: Creating new connection object"}
{"level":"INFO","message":"[9:05:11.585 PM]: Creating Connection[id: 6ea72da6-c455-4721-b21c-7fb015b07c2e] with host: fya14544.snowflakecomputing.com, account: fya14544, accessUrl: https://fya14544.snowflakecomputing.com, user: EPIC_DEV, role: EPIC_DEV_ROLE, database: TEST_DEVELOPMENT_ENVIROMENT, schema: DEV_SCHEMA, warehouse: , proxy was not configured, password is provided, region: undefined, authenticator: SNOWFLAKE, ocsp mode: FAIL_OPEN, os: darwin, os version: 25.4.0"}
{"level":"INFO","message":"[9:05:11.585 PM]: Connection[id: 6ea72da6-c455-4721-b21c-7fb015b07c2e] additional details: passcode in password is provided, passcode is not provided, private key is not provided, application: undefined, client name: snowflake-sdk, client version: 2.4.0, retry timeout: 300, private key path: undefined, private key pass is not provided, client store temporary credential: false, browser response timeout: 120000"}
{"level":"INFO","message":"[9:05:11.585 PM]: Connection[id: 6ea72da6-c455-4721-b21c-7fb015b07c2e] - connection object created successfully."}
{"level":"INFO","message":"[9:05:11.586 PM]: Connection[id: 6ea72da6-c455-4721-b21c-7fb015b07c2e] - async connecting. Associated Snowflake domain: GLOBAL"}
{"level":"INFO","message":"[9:05:11.586 PM]: Trying to initialize Easy Logging"}
{"level":"INFO","message":"[9:05:11.602 PM]: No client config detected."}
{"level":"INFO","message":"[9:05:11.602 PM]: No config file path found. Client config will not be used."}
{"level":"INFO","message":"[9:05:11.602 PM]: Easy Logging is disabled as no config has been found"}
{"level":"INFO","message":"[9:05:11.602 PM]: Connection[id: 6ea72da6-c455-4721-b21c-7fb015b07c2e] - authentication successful using: SNOWFLAKE"}
{"level":"INFO","message":"[9:05:12.262 PM]: Connection[id: 6ea72da6-c455-4721-b21c-7fb015b07c2e] - connection established successfully after 676.71 milliseconds"}
{"level":"INFO","message":"[9:05:29.067 PM]: Creating new connection object"}
{"level":"INFO","message":"[9:05:29.072 PM]: Creating Connection[id: 9aeaa641-b333-49e7-941f-d37c57450b67] with host: fya14544.snowflakecomputing.com, account: fya14544, accessUrl: https://fya14544.snowflakecomputing.com, user: EPIC_DEV, role: EPIC_DEV_ROLE, database: TEST_DEVELOPMENT_ENVIROMENT, schema: DEV_SCHEMA, warehouse: , proxy was not configured, password is provided, region: undefined, authenticator: SNOWFLAKE, ocsp mode: FAIL_OPEN, os: darwin, os version: 25.4.0"}
{"level":"INFO","message":"[9:05:29.072 PM]: Connection[id: 9aeaa641-b333-49e7-941f-d37c57450b67] additional details: passcode in password is provided, passcode is not provided, private key is not provided, application: undefined, client name: snowflake-sdk, client version: 2.4.0, retry timeout: 300, private key path: undefined, private key pass is not provided, client store temporary credential: false, browser response timeout: 120000"}
{"level":"INFO","message":"[9:05:29.073 PM]: Connection[id: 9aeaa641-b333-49e7-941f-d37c57450b67] - connection object created successfully."}
{"level":"INFO","message":"[9:05:29.073 PM]: Connection[id: 9aeaa641-b333-49e7-941f-d37c57450b67] - async connecting. Associated Snowflake domain: GLOBAL"}
{"level":"INFO","message":"[9:05:29.073 PM]: Trying to initialize Easy Logging"}
{"level":"INFO","message":"[9:05:29.093 PM]: No client config detected."}
{"level":"INFO","message":"[9:05:29.093 PM]: No config file path found. Client config will not be used."}
{"level":"INFO","message":"[9:05:29.093 PM]: Easy Logging is disabled as no config has been found"}
{"level":"INFO","message":"[9:05:29.093 PM]: Connection[id: 9aeaa641-b333-49e7-941f-d37c57450b67] - authentication successful using: SNOWFLAKE"}
{"level":"INFO","message":"[9:05:29.720 PM]: Connection[id: 9aeaa641-b333-49e7-941f-d37c57450b67] - connection established successfully after 647.09 milliseconds"}
{"level":"INFO","message":"[9:08:45.148 PM]: Creating new connection object"}
{"level":"INFO","message":"[9:08:45.154 PM]: Creating Connection[id: ee0e349a-eceb-4938-9707-cd0a0e2a4b28] with host: fya14544.snowflakecomputing.com, account: fya14544, accessUrl: https://fya14544.snowflakecomputing.com, user: EPIC_DEV, role: EPIC_DEV_ROLE, database: TEST_DEVELOPMENT_ENVIROMENT, schema: DEV_SCHEMA, warehouse: , proxy was not configured, password is provided, region: undefined, authenticator: SNOWFLAKE, ocsp mode: FAIL_OPEN, os: darwin, os version: 25.4.0"}
{"level":"INFO","message":"[9:08:45.154 PM]: Connection[id: ee0e349a-eceb-4938-9707-cd0a0e2a4b28] additional details: passcode in password is provided, passcode is not provided, private key is not provided, application: undefined, client name: snowflake-sdk, client version: 2.4.0, retry timeout: 300, private key path: undefined, private key pass is not provided, client store temporary credential: false, browser response timeout: 120000"}
{"level":"INFO","message":"[9:08:45.154 PM]: Connection[id: ee0e349a-eceb-4938-9707-cd0a0e2a4b28] - connection object created successfully."}
{"level":"INFO","message":"[9:08:45.155 PM]: Connection[id: ee0e349a-eceb-4938-9707-cd0a0e2a4b28] - async connecting. Associated Snowflake domain: GLOBAL"}
{"level":"INFO","message":"[9:08:45.155 PM]: Trying to initialize Easy Logging"}
{"level":"INFO","message":"[9:08:45.169 PM]: No client config detected."}
{"level":"INFO","message":"[9:08:45.169 PM]: No config file path found. Client config will not be used."}
{"level":"INFO","message":"[9:08:45.169 PM]: Easy Logging is disabled as no config has been found"}
{"level":"INFO","message":"[9:08:45.169 PM]: Connection[id: ee0e349a-eceb-4938-9707-cd0a0e2a4b28] - authentication successful using: SNOWFLAKE"}
{"level":"INFO","message":"[9:08:45.760 PM]: Connection[id: ee0e349a-eceb-4938-9707-cd0a0e2a4b28] - connection established successfully after 605.16 milliseconds"}
{"level":"INFO","message":"[9:13:46.324 PM]: Creating new connection object"}
{"level":"INFO","message":"[9:13:46.330 PM]: Creating Connection[id: 4d7f2cbf-ac74-4b5d-a596-5e3d34bc17bf] with host: fya14544.snowflakecomputing.com, account: fya14544, accessUrl: https://fya14544.snowflakecomputing.com, user: EPIC_DEV, role: EPIC_DEV_ROLE, database: TEST_DEVELOPMENT_ENVIROMENT, schema: DEV_SCHEMA, warehouse: , proxy was not configured, password is provided, region: undefined, authenticator: SNOWFLAKE, ocsp mode: FAIL_OPEN, os: darwin, os version: 25.4.0"}
{"level":"INFO","message":"[9:13:46.330 PM]: Connection[id: 4d7f2cbf-ac74-4b5d-a596-5e3d34bc17bf] additional details: passcode in password is provided, passcode is not provided, private key is not provided, application: undefined, client name: snowflake-sdk, client version: 2.4.0, retry timeout: 300, private key path: undefined, private key pass is not provided, client store temporary credential: false, browser response timeout: 120000"}
{"level":"INFO","message":"[9:13:46.330 PM]: Connection[id: 4d7f2cbf-ac74-4b5d-a596-5e3d34bc17bf] - connection object created successfully."}
{"level":"INFO","message":"[9:13:46.330 PM]: Connection[id: 4d7f2cbf-ac74-4b5d-a596-5e3d34bc17bf] - async connecting. Associated Snowflake domain: GLOBAL"}
{"level":"INFO","message":"[9:13:46.330 PM]: Trying to initialize Easy Logging"}
{"level":"INFO","message":"[9:13:46.345 PM]: No client config detected."}
{"level":"INFO","message":"[9:13:46.345 PM]: No config file path found. Client config will not be used."}
{"level":"INFO","message":"[9:13:46.345 PM]: Easy Logging is disabled as no config has been found"}
{"level":"INFO","message":"[9:13:46.345 PM]: Connection[id: 4d7f2cbf-ac74-4b5d-a596-5e3d34bc17bf] - authentication successful using: SNOWFLAKE"}
{"level":"INFO","message":"[9:13:46.936 PM]: Connection[id: 4d7f2cbf-ac74-4b5d-a596-5e3d34bc17bf] - connection established successfully after 605.95 milliseconds"}
{"level":"INFO","message":"[9:18:20.108 PM]: Creating new connection object"}
{"level":"INFO","message":"[9:18:20.118 PM]: Creating Connection[id: 1d9e3325-ff92-439c-b804-07db9b1c7ddf] with host: fya14544.snowflakecomputing.com, account: fya14544, accessUrl: https://fya14544.snowflakecomputing.com, user: EPIC_DEV, role: EPIC_DEV_ROLE, database: TEST_DEVELOPMENT_ENVIROMENT, schema: DEV_SCHEMA, warehouse: , proxy was not configured, password is provided, region: undefined, authenticator: SNOWFLAKE, ocsp mode: FAIL_OPEN, os: darwin, os version: 25.4.0"}
{"level":"INFO","message":"[9:18:20.119 PM]: Connection[id: 1d9e3325-ff92-439c-b804-07db9b1c7ddf] additional details: passcode in password is provided, passcode is not provided, private key is not provided, application: undefined, client name: snowflake-sdk, client version: 2.4.0, retry timeout: 300, private key path: undefined, private key pass is not provided, client store temporary credential: false, browser response timeout: 120000"}
{"level":"INFO","message":"[9:18:20.119 PM]: Connection[id: 1d9e3325-ff92-439c-b804-07db9b1c7ddf] - connection object created successfully."}
{"level":"INFO","message":"[9:18:20.119 PM]: Connection[id: 1d9e3325-ff92-439c-b804-07db9b1c7ddf] - async connecting. Associated Snowflake domain: GLOBAL"}
{"level":"INFO","message":"[9:18:20.119 PM]: Trying to initialize Easy Logging"}
{"level":"INFO","message":"[9:18:20.134 PM]: No client config detected."}
{"level":"INFO","message":"[9:18:20.134 PM]: No config file path found. Client config will not be used."}
{"level":"INFO","message":"[9:18:20.134 PM]: Easy Logging is disabled as no config has been found"}
{"level":"INFO","message":"[9:18:20.134 PM]: Connection[id: 1d9e3325-ff92-439c-b804-07db9b1c7ddf] - authentication successful using: SNOWFLAKE"}
{"level":"INFO","message":"[9:18:20.854 PM]: Connection[id: 1d9e3325-ff92-439c-b804-07db9b1c7ddf] - connection established successfully after 735.16 milliseconds"}
{"level":"INFO","message":"[9:20:19.959 PM]: Creating new connection object"}
{"level":"INFO","message":"[9:20:19.962 PM]: Creating Connection[id: 75a80103-d2d8-4177-af3b-b7928423b377] with host: fya14544.snowflakecomputing.com, account: fya14544, accessUrl: https://fya14544.snowflakecomputing.com, user: EPIC_DEV, role: EPIC_DEV_ROLE, database: TEST_DEVELOPMENT_ENVIROMENT, schema: DEV_SCHEMA, warehouse: , proxy was not configured, password is provided, region: undefined, authenticator: SNOWFLAKE, ocsp mode: FAIL_OPEN, os: darwin, os version: 25.4.0"}
{"level":"INFO","message":"[9:20:19.962 PM]: Connection[id: 75a80103-d2d8-4177-af3b-b7928423b377] additional details: passcode in password is provided, passcode is not provided, private key is not provided, application: undefined, client name: snowflake-sdk, client version: 2.4.0, retry timeout: 300, private key path: undefined, private key pass is not provided, client store temporary credential: false, browser response timeout: 120000"}
{"level":"INFO","message":"[9:20:19.962 PM]: Connection[id: 75a80103-d2d8-4177-af3b-b7928423b377] - connection object created successfully."}
{"level":"INFO","message":"[9:20:19.963 PM]: Connection[id: 75a80103-d2d8-4177-af3b-b7928423b377] - async connecting. Associated Snowflake domain: GLOBAL"}
{"level":"INFO","message":"[9:20:19.964 PM]: Trying to initialize Easy Logging"}
{"level":"INFO","message":"[9:20:19.966 PM]: No client config detected."}
{"level":"INFO","message":"[9:20:19.966 PM]: No config file path found. Client config will not be used."}
{"level":"INFO","message":"[9:20:19.966 PM]: Easy Logging is disabled as no config has been found"}
{"level":"INFO","message":"[9:20:19.966 PM]: Connection[id: 75a80103-d2d8-4177-af3b-b7928423b377] - authentication successful using: SNOWFLAKE"}
{"level":"INFO","message":"[9:20:20.654 PM]: Connection[id: 75a80103-d2d8-4177-af3b-b7928423b377] - connection established successfully after 691.12 milliseconds"}
{"level":"INFO","message":"[9:27:20.710 PM]: Creating new connection object"}
{"level":"INFO","message":"[9:27:20.716 PM]: Creating Connection[id: e8ac9a4d-6512-4f48-b049-4be8c2762509] with host: fya14544.snowflakecomputing.com, account: fya14544, accessUrl: https://fya14544.snowflakecomputing.com, user: EPIC_DEV, role: EPIC_DEV_ROLE, database: TEST_DEVELOPMENT_ENVIROMENT, schema: DEV_SCHEMA, warehouse: , proxy was not configured, password is provided, region: undefined, authenticator: SNOWFLAKE, ocsp mode: FAIL_OPEN, os: darwin, os version: 25.4.0"}
{"level":"INFO","message":"[9:27:20.716 PM]: Connection[id: e8ac9a4d-6512-4f48-b049-4be8c2762509] additional details: passcode in password is provided, passcode is not provided, private key is not provided, application: undefined, client name: snowflake-sdk, client version: 2.4.0, retry timeout: 300, private key path: undefined, private key pass is not provided, client store temporary credential: false, browser response timeout: 120000"}
{"level":"INFO","message":"[9:27:20.716 PM]: Connection[id: e8ac9a4d-6512-4f48-b049-4be8c2762509] - connection object created successfully."}
{"level":"INFO","message":"[9:27:20.717 PM]: Connection[id: e8ac9a4d-6512-4f48-b049-4be8c2762509] - async connecting. Associated Snowflake domain: GLOBAL"}
{"level":"INFO","message":"[9:27:20.717 PM]: Trying to initialize Easy Logging"}
{"level":"INFO","message":"[9:27:20.734 PM]: No client config detected."}
{"level":"INFO","message":"[9:27:20.735 PM]: No config file path found. Client config will not be used."}
{"level":"INFO","message":"[9:27:20.735 PM]: Easy Logging is disabled as no config has been found"}
{"level":"INFO","message":"[9:27:20.735 PM]: Connection[id: e8ac9a4d-6512-4f48-b049-4be8c2762509] - authentication successful using: SNOWFLAKE"}
{"level":"INFO","message":"[9:27:21.353 PM]: Connection[id: e8ac9a4d-6512-4f48-b049-4be8c2762509] - connection established successfully after 636.41 milliseconds"}
{"level":"INFO","message":"[9:28:22.767 PM]: Creating new connection object"}
{"level":"INFO","message":"[9:28:22.770 PM]: Creating Connection[id: 09b79356-5528-42e2-bf9d-e1408d4144e4] with host: fya14544.snowflakecomputing.com, account: fya14544, accessUrl: https://fya14544.snowflakecomputing.com, user: EPIC_DEV, role: EPIC_DEV_ROLE, database: TEST_DEVELOPMENT_ENVIROMENT, schema: DEV_SCHEMA, warehouse: , proxy was not configured, password is provided, region: undefined, authenticator: SNOWFLAKE, ocsp mode: FAIL_OPEN, os: darwin, os version: 25.4.0"}
{"level":"INFO","message":"[9:28:22.770 PM]: Connection[id: 09b79356-5528-42e2-bf9d-e1408d4144e4] additional details: passcode in password is provided, passcode is not provided, private key is not provided, application: undefined, client name: snowflake-sdk, client version: 2.4.0, retry timeout: 300, private key path: undefined, private key pass is not provided, client store temporary credential: false, browser response timeout: 120000"}
{"level":"INFO","message":"[9:28:22.770 PM]: Connection[id: 09b79356-5528-42e2-bf9d-e1408d4144e4] - connection object created successfully."}
{"level":"INFO","message":"[9:28:22.771 PM]: Connection[id: 09b79356-5528-42e2-bf9d-e1408d4144e4] - async connecting. Associated Snowflake domain: GLOBAL"}
{"level":"INFO","message":"[9:28:22.771 PM]: Trying to initialize Easy Logging"}
{"level":"INFO","message":"[9:28:22.774 PM]: No client config detected."}
{"level":"INFO","message":"[9:28:22.775 PM]: No config file path found. Client config will not be used."}
{"level":"INFO","message":"[9:28:22.775 PM]: Easy Logging is disabled as no config has been found"}
{"level":"INFO","message":"[9:28:22.775 PM]: Connection[id: 09b79356-5528-42e2-bf9d-e1408d4144e4] - authentication successful using: SNOWFLAKE"}
{"level":"INFO","message":"[9:28:23.383 PM]: Connection[id: 09b79356-5528-42e2-bf9d-e1408d4144e4] - connection established successfully after 611.89 milliseconds"}
{"level":"INFO","message":"[3:02:13.424 PM]: Creating new connection object"}
{"level":"INFO","message":"[3:02:13.429 PM]: Creating Connection[id: be710234-6edf-43f1-8683-ff25c09357e7] with host: fya14544.snowflakecomputing.com, account: fya14544, accessUrl: https://fya14544.snowflakecomputing.com, user: EPIC_DEV, role: EPIC_DEV_ROLE, database: TEST_DEVELOPMENT_ENVIROMENT, schema: DEV_SCHEMA, warehouse: , proxy was not configured, password is provided, region: undefined, authenticator: SNOWFLAKE, ocsp mode: FAIL_OPEN, os: darwin, os version: 25.4.0"}
{"level":"INFO","message":"[3:02:13.430 PM]: Connection[id: be710234-6edf-43f1-8683-ff25c09357e7] additional details: passcode in password is provided, passcode is not provided, private key is not provided, application: undefined, client name: snowflake-sdk, client version: 2.4.0, retry timeout: 300, private key path: undefined, private key pass is not provided, client store temporary credential: false, browser response timeout: 120000"}
{"level":"INFO","message":"[3:02:13.430 PM]: Connection[id: be710234-6edf-43f1-8683-ff25c09357e7] - connection object created successfully."}
{"level":"INFO","message":"[3:02:13.430 PM]: Connection[id: be710234-6edf-43f1-8683-ff25c09357e7] - async connecting. Associated Snowflake domain: GLOBAL"}
{"level":"INFO","message":"[3:02:13.430 PM]: Trying to initialize Easy Logging"}
{"level":"INFO","message":"[3:02:13.432 PM]: No client config detected."}
{"level":"INFO","message":"[3:02:13.432 PM]: No config file path found. Client config will not be used."}
{"level":"INFO","message":"[3:02:13.432 PM]: Easy Logging is disabled as no config has been found"}
{"level":"INFO","message":"[3:02:13.432 PM]: Connection[id: be710234-6edf-43f1-8683-ff25c09357e7] - authentication successful using: SNOWFLAKE"}
{"level":"INFO","message":"[3:02:14.581 PM]: Connection[id: be710234-6edf-43f1-8683-ff25c09357e7] - connection established successfully after 1150.69 milliseconds"}
{"level":"INFO","message":"[3:18:14.545 PM]: Creating new connection object"}
{"level":"INFO","message":"[3:18:14.548 PM]: Creating Connection[id: 4d5793cb-38d2-4b8e-a10a-d5bb4515a2fb] with host: fya14544.snowflakecomputing.com, account: fya14544, accessUrl: https://fya14544.snowflakecomputing.com, user: EPIC_DEV, role: EPIC_DEV_ROLE, database: TEST_DEVELOPMENT_ENVIROMENT, schema: DEV_SCHEMA, warehouse: , proxy was not configured, password is provided, region: undefined, authenticator: SNOWFLAKE, ocsp mode: FAIL_OPEN, os: darwin, os version: 25.4.0"}
{"level":"INFO","message":"[3:18:14.548 PM]: Connection[id: 4d5793cb-38d2-4b8e-a10a-d5bb4515a2fb] additional details: passcode in password is provided, passcode is not provided, private key is not provided, application: undefined, client name: snowflake-sdk, client version: 2.4.0, retry timeout: 300, private key path: undefined, private key pass is not provided, client store temporary credential: false, browser response timeout: 120000"}
{"level":"INFO","message":"[3:18:14.548 PM]: Connection[id: 4d5793cb-38d2-4b8e-a10a-d5bb4515a2fb] - connection object created successfully."}
{"level":"INFO","message":"[3:18:14.548 PM]: Connection[id: 4d5793cb-38d2-4b8e-a10a-d5bb4515a2fb] - async connecting. Associated Snowflake domain: GLOBAL"}
{"level":"INFO","message":"[3:18:14.548 PM]: Trying to initialize Easy Logging"}
{"level":"INFO","message":"[3:18:14.549 PM]: No client config detected."}
{"level":"INFO","message":"[3:18:14.549 PM]: No config file path found. Client config will not be used."}
{"level":"INFO","message":"[3:18:14.549 PM]: Easy Logging is disabled as no config has been found"}
{"level":"INFO","message":"[3:18:14.549 PM]: Connection[id: 4d5793cb-38d2-4b8e-a10a-d5bb4515a2fb] - authentication successful using: SNOWFLAKE"}
{"level":"INFO","message":"[3:18:15.282 PM]: Connection[id: 4d5793cb-38d2-4b8e-a10a-d5bb4515a2fb] - connection established successfully after 733.3 milliseconds"}
{"level":"INFO","message":"[3:30:43.575 PM]: Creating new connection object"}
{"level":"INFO","message":"[3:30:43.579 PM]: Creating Connection[id: 38947c02-fb2b-4f27-9835-6664160d095c] with host: fya14544.snowflakecomputing.com, account: fya14544, accessUrl: https://fya14544.snowflakecomputing.com, user: EPIC_DEV, role: EPIC_DEV_ROLE, database: TEST_DEVELOPMENT_ENVIROMENT, schema: DEV_SCHEMA, warehouse: , proxy was not configured, password is provided, region: undefined, authenticator: SNOWFLAKE, ocsp mode: FAIL_OPEN, os: darwin, os version: 25.4.0"}
{"level":"INFO","message":"[3:30:43.579 PM]: Connection[id: 38947c02-fb2b-4f27-9835-6664160d095c] additional details: passcode in password is provided, passcode is not provided, private key is not provided, application: undefined, client name: snowflake-sdk, client version: 2.4.0, retry timeout: 300, private key path: undefined, private key pass is not provided, client store temporary credential: false, browser response timeout: 120000"}
{"level":"INFO","message":"[3:30:43.580 PM]: Connection[id: 38947c02-fb2b-4f27-9835-6664160d095c] - connection object created successfully."}
{"level":"INFO","message":"[3:30:43.580 PM]: Connection[id: 38947c02-fb2b-4f27-9835-6664160d095c] - async connecting. Associated Snowflake domain: GLOBAL"}
{"level":"INFO","message":"[3:30:43.580 PM]: Trying to initialize Easy Logging"}
{"level":"INFO","message":"[3:30:43.705 PM]: No client config detected."}
{"level":"INFO","message":"[3:30:43.705 PM]: No config file path found. Client config will not be used."}
{"level":"INFO","message":"[3:30:43.705 PM]: Easy Logging is disabled as no config has been found"}
{"level":"INFO","message":"[3:30:43.705 PM]: Connection[id: 38947c02-fb2b-4f27-9835-6664160d095c] - authentication successful using: SNOWFLAKE"}
{"level":"INFO","message":"[3:30:43.701 PM]: Creating new connection object"}
{"level":"INFO","message":"[3:30:43.703 PM]: Creating Connection[id: 7362c123-da98-4fa6-8beb-e5fbf3dde160] with host: fya14544.snowflakecomputing.com, account: fya14544, accessUrl: https://fya14544.snowflakecomputing.com, user: EPIC_DEV, role: EPIC_DEV_ROLE, database: TEST_DEVELOPMENT_ENVIROMENT, schema: DEV_SCHEMA, warehouse: , proxy was not configured, password is provided, region: undefined, authenticator: SNOWFLAKE, ocsp mode: FAIL_OPEN, os: darwin, os version: 25.4.0"}
{"level":"INFO","message":"[3:30:43.704 PM]: Connection[id: 7362c123-da98-4fa6-8beb-e5fbf3dde160] additional details: passcode in password is provided, passcode is not provided, private key is not provided, application: undefined, client name: snowflake-sdk, client version: 2.4.0, retry timeout: 300, private key path: undefined, private key pass is not provided, client store temporary credential: false, browser response timeout: 120000"}
{"level":"INFO","message":"[3:30:43.704 PM]: Connection[id: 7362c123-da98-4fa6-8beb-e5fbf3dde160] - connection object created successfully."}
{"level":"INFO","message":"[3:30:43.704 PM]: Connection[id: 7362c123-da98-4fa6-8beb-e5fbf3dde160] - async connecting. Associated Snowflake domain: GLOBAL"}
{"level":"INFO","message":"[3:30:43.704 PM]: Trying to initialize Easy Logging"}
{"level":"INFO","message":"[3:30:43.709 PM]: No client config detected."}
{"level":"INFO","message":"[3:30:43.709 PM]: No config file path found. Client config will not be used."}
{"level":"INFO","message":"[3:30:43.709 PM]: Easy Logging is disabled as no config has been found"}
{"level":"INFO","message":"[3:30:43.709 PM]: Connection[id: 7362c123-da98-4fa6-8beb-e5fbf3dde160] - authentication successful using: SNOWFLAKE"}
{"level":"INFO","message":"[3:30:44.473 PM]: Connection[id: 7362c123-da98-4fa6-8beb-e5fbf3dde160] - connection established successfully after 769.22 milliseconds"}
{"level":"INFO","message":"[3:30:44.620 PM]: Connection[id: 38947c02-fb2b-4f27-9835-6664160d095c] - connection established successfully after 1039.94 milliseconds"}
{"level":"INFO","message":"[3:41:23.949 PM]: Creating new connection object"}
{"level":"INFO","message":"[3:41:23.954 PM]: Creating Connection[id: 4cadfe8c-fa8c-4e6a-9547-17466a4e5b38] with host: fya14544.snowflakecomputing.com, account: fya14544, accessUrl: https://fya14544.snowflakecomputing.com, user: EPIC_DEV, role: EPIC_DEV_ROLE, database: TEST_DEVELOPMENT_ENVIROMENT, schema: DEV_SCHEMA, warehouse: , proxy was not configured, password is provided, region: undefined, authenticator: SNOWFLAKE, ocsp mode: FAIL_OPEN, os: darwin, os version: 25.4.0"}
{"level":"INFO","message":"[3:41:23.954 PM]: Connection[id: 4cadfe8c-fa8c-4e6a-9547-17466a4e5b38] additional details: passcode in password is provided, passcode is not provided, private key is not provided, application: undefined, client name: snowflake-sdk, client version: 2.4.0, retry timeout: 300, private key path: undefined, private key pass is not provided, client store temporary credential: false, browser response timeout: 120000"}
{"level":"INFO","message":"[3:41:23.954 PM]: Connection[id: 4cadfe8c-fa8c-4e6a-9547-17466a4e5b38] - connection object created successfully."}
{"level":"INFO","message":"[3:41:23.955 PM]: Connection[id: 4cadfe8c-fa8c-4e6a-9547-17466a4e5b38] - async connecting. Associated Snowflake domain: GLOBAL"}
{"level":"INFO","message":"[3:41:23.955 PM]: Trying to initialize Easy Logging"}
{"level":"INFO","message":"[3:41:23.969 PM]: No client config detected."}
{"level":"INFO","message":"[3:41:23.969 PM]: No config file path found. Client config will not be used."}
{"level":"INFO","message":"[3:41:23.969 PM]: Easy Logging is disabled as no config has been found"}
{"level":"INFO","message":"[3:41:23.969 PM]: Connection[id: 4cadfe8c-fa8c-4e6a-9547-17466a4e5b38] - authentication successful using: SNOWFLAKE"}
{"level":"INFO","message":"[3:41:24.608 PM]: Connection[id: 4cadfe8c-fa8c-4e6a-9547-17466a4e5b38] - connection established successfully after 653.8 milliseconds"}
{"level":"INFO","message":"[3:43:26.660 PM]: Creating new connection object"}
{"level":"INFO","message":"[3:43:26.666 PM]: Creating Connection[id: 1c719b8e-35cb-4a8e-b732-a2f6718b77ef] with host: fya14544.snowflakecomputing.com, account: fya14544, accessUrl: https://fya14544.snowflakecomputing.com, user: EPIC_DEV, role: EPIC_DEV_ROLE, database: TEST_DEVELOPMENT_ENVIROMENT, schema: DEV_SCHEMA, warehouse: , proxy was not configured, password is provided, region: undefined, authenticator: SNOWFLAKE, ocsp mode: FAIL_OPEN, os: darwin, os version: 25.4.0"}
{"level":"INFO","message":"[3:43:26.666 PM]: Connection[id: 1c719b8e-35cb-4a8e-b732-a2f6718b77ef] additional details: passcode in password is provided, passcode is not provided, private key is not provided, application: undefined, client name: snowflake-sdk, client version: 2.4.0, retry timeout: 300, private key path: undefined, private key pass is not provided, client store temporary credential: false, browser response timeout: 120000"}
{"level":"INFO","message":"[3:43:26.666 PM]: Connection[id: 1c719b8e-35cb-4a8e-b732-a2f6718b77ef] - connection object created successfully."}
{"level":"INFO","message":"[3:43:26.666 PM]: Connection[id: 1c719b8e-35cb-4a8e-b732-a2f6718b77ef] - async connecting. Associated Snowflake domain: GLOBAL"}
{"level":"INFO","message":"[3:43:26.666 PM]: Trying to initialize Easy Logging"}
{"level":"INFO","message":"[3:43:26.686 PM]: No client config detected."}
{"level":"INFO","message":"[3:43:26.686 PM]: No config file path found. Client config will not be used."}
{"level":"INFO","message":"[3:43:26.686 PM]: Easy Logging is disabled as no config has been found"}
{"level":"INFO","message":"[3:43:26.686 PM]: Connection[id: 1c719b8e-35cb-4a8e-b732-a2f6718b77ef] - authentication successful using: SNOWFLAKE"}
{"level":"INFO","message":"[3:43:27.412 PM]: Connection[id: 1c719b8e-35cb-4a8e-b732-a2f6718b77ef] - connection established successfully after 746.25 milliseconds"}
{"level":"INFO","message":"[4:41:58.606 PM]: Creating new connection object"}
{"level":"INFO","message":"[4:41:58.611 PM]: Creating Connection[id: 74ba69d9-d267-4d51-8978-b157d3379aae] with host: fya14544.snowflakecomputing.com, account: fya14544, accessUrl: https://fya14544.snowflakecomputing.com, user: EPIC_DEV, role: EPIC_DEV_ROLE, database: TEST_DEVELOPMENT_ENVIROMENT, schema: DEV_SCHEMA, warehouse: , proxy was not configured, password is provided, region: undefined, authenticator: SNOWFLAKE, ocsp mode: FAIL_OPEN, os: darwin, os version: 25.4.0"}
{"level":"INFO","message":"[4:41:58.612 PM]: Connection[id: 74ba69d9-d267-4d51-8978-b157d3379aae] additional details: passcode in password is provided, passcode is not provided, private key is not provided, application: undefined, client name: snowflake-sdk, client version: 2.4.0, retry timeout: 300, private key path: undefined, private key pass is not provided, client store temporary credential: false, browser response timeout: 120000"}
{"level":"INFO","message":"[4:41:58.612 PM]: Connection[id: 74ba69d9-d267-4d51-8978-b157d3379aae] - connection object created successfully."}
{"level":"INFO","message":"[4:41:58.612 PM]: Connection[id: 74ba69d9-d267-4d51-8978-b157d3379aae] - async connecting. Associated Snowflake domain: GLOBAL"}
{"level":"INFO","message":"[4:41:58.612 PM]: Trying to initialize Easy Logging"}
{"level":"INFO","message":"[4:41:58.625 PM]: No client config detected."}
{"level":"INFO","message":"[4:41:58.625 PM]: No config file path found. Client config will not be used."}
{"level":"INFO","message":"[4:41:58.625 PM]: Easy Logging is disabled as no config has been found"}
{"level":"INFO","message":"[4:41:58.625 PM]: Connection[id: 74ba69d9-d267-4d51-8978-b157d3379aae] - authentication successful using: SNOWFLAKE"}
{"level":"INFO","message":"[4:41:59.265 PM]: Connection[id: 74ba69d9-d267-4d51-8978-b157d3379aae] - connection established successfully after 653.47 milliseconds"}
{"level":"INFO","message":"[4:49:01.054 PM]: Creating new connection object"}
{"level":"INFO","message":"[4:49:01.056 PM]: Creating Connection[id: 8d3b777f-04d0-4a1f-a354-53fc5e17e567] with host: fya14544.snowflakecomputing.com, account: fya14544, accessUrl: https://fya14544.snowflakecomputing.com, user: EPIC_DEV, role: EPIC_DEV_ROLE, database: TEST_DEVELOPMENT_ENVIROMENT, schema: DEV_SCHEMA, warehouse: , proxy was not configured, password is provided, region: undefined, authenticator: SNOWFLAKE, ocsp mode: FAIL_OPEN, os: darwin, os version: 25.4.0"}
{"level":"INFO","message":"[4:49:01.056 PM]: Connection[id: 8d3b777f-04d0-4a1f-a354-53fc5e17e567] additional details: passcode in password is provided, passcode is not provided, private key is not provided, application: undefined, client name: snowflake-sdk, client version: 2.4.0, retry timeout: 300, private key path: undefined, private key pass is not provided, client store temporary credential: false, browser response timeout: 120000"}
{"level":"INFO","message":"[4:49:01.057 PM]: Connection[id: 8d3b777f-04d0-4a1f-a354-53fc5e17e567] - connection object created successfully."}
{"level":"INFO","message":"[4:49:01.057 PM]: Connection[id: 8d3b777f-04d0-4a1f-a354-53fc5e17e567] - async connecting. Associated Snowflake domain: GLOBAL"}
{"level":"INFO","message":"[4:49:01.057 PM]: Trying to initialize Easy Logging"}
{"level":"INFO","message":"[4:49:01.058 PM]: No client config detected."}
{"level":"INFO","message":"[4:49:01.058 PM]: No config file path found. Client config will not be used."}
{"level":"INFO","message":"[4:49:01.059 PM]: Easy Logging is disabled as no config has been found"}
{"level":"INFO","message":"[4:49:01.059 PM]: Connection[id: 8d3b777f-04d0-4a1f-a354-53fc5e17e567] - authentication successful using: SNOWFLAKE"}
{"level":"INFO","message":"[4:49:01.753 PM]: Connection[id: 8d3b777f-04d0-4a1f-a354-53fc5e17e567] - connection established successfully after 695.97 milliseconds"}
{"level":"INFO","message":"[4:49:48.055 PM]: Creating new connection object"}
{"level":"INFO","message":"[4:49:48.057 PM]: Creating Connection[id: 951606af-1737-41b7-80b5-c97fd314d969] with host: fya14544.snowflakecomputing.com, account: fya14544, accessUrl: https://fya14544.snowflakecomputing.com, user: EPIC_DEV, role: EPIC_DEV_ROLE, database: TEST_DEVELOPMENT_ENVIROMENT, schema: DEV_SCHEMA, warehouse: , proxy was not configured, password is provided, region: undefined, authenticator: SNOWFLAKE, ocsp mode: FAIL_OPEN, os: darwin, os version: 25.4.0"}
{"level":"INFO","message":"[4:49:48.057 PM]: Connection[id: 951606af-1737-41b7-80b5-c97fd314d969] additional details: passcode in password is provided, passcode is not provided, private key is not provided, application: undefined, client name: snowflake-sdk, client version: 2.4.0, retry timeout: 300, private key path: undefined, private key pass is not provided, client store temporary credential: false, browser response timeout: 120000"}
{"level":"INFO","message":"[4:49:48.057 PM]: Connection[id: 951606af-1737-41b7-80b5-c97fd314d969] - connection object created successfully."}
{"level":"INFO","message":"[4:49:48.057 PM]: Connection[id: 951606af-1737-41b7-80b5-c97fd314d969] - async connecting. Associated Snowflake domain: GLOBAL"}
{"level":"INFO","message":"[4:49:48.057 PM]: Trying to initialize Easy Logging"}
{"level":"INFO","message":"[4:49:48.061 PM]: No client config detected."}
{"level":"INFO","message":"[4:49:48.061 PM]: No config file path found. Client config will not be used."}
{"level":"INFO","message":"[4:49:48.061 PM]: Easy Logging is disabled as no config has been found"}
{"level":"INFO","message":"[4:49:48.061 PM]: Connection[id: 951606af-1737-41b7-80b5-c97fd314d969] - authentication successful using: SNOWFLAKE"}
{"level":"INFO","message":"[4:49:48.725 PM]: Connection[id: 951606af-1737-41b7-80b5-c97fd314d969] - connection established successfully after 668.28 milliseconds"}
{"level":"INFO","message":"[4:49:54.091 PM]: Creating new connection object"}
{"level":"INFO","message":"[4:49:54.095 PM]: Creating Connection[id: 2e34dad0-03a5-431f-8ae5-79f68fd9773f] with host: fya14544.snowflakecomputing.com, account: fya14544, accessUrl: https://fya14544.snowflakecomputing.com, user: EPIC_DEV, role: EPIC_DEV_ROLE, database: TEST_DEVELOPMENT_ENVIROMENT, schema: DEV_SCHEMA, warehouse: , proxy was not configured, password is provided, region: undefined, authenticator: SNOWFLAKE, ocsp mode: FAIL_OPEN, os: darwin, os version: 25.4.0"}
{"level":"INFO","message":"[4:49:54.095 PM]: Connection[id: 2e34dad0-03a5-431f-8ae5-79f68fd9773f] additional details: passcode in password is provided, passcode is not provided, private key is not provided, application: undefined, client name: snowflake-sdk, client version: 2.4.0, retry timeout: 300, private key path: undefined, private key pass is not provided, client store temporary credential: false, browser response timeout: 120000"}
{"level":"INFO","message":"[4:49:54.095 PM]: Connection[id: 2e34dad0-03a5-431f-8ae5-79f68fd9773f] - connection object created successfully."}
{"level":"INFO","message":"[4:49:54.095 PM]: Connection[id: 2e34dad0-03a5-431f-8ae5-79f68fd9773f] - async connecting. Associated Snowflake domain: GLOBAL"}
{"level":"INFO","message":"[4:49:54.095 PM]: Trying to initialize Easy Logging"}
{"level":"INFO","message":"[4:49:54.108 PM]: No client config detected."}
{"level":"INFO","message":"[4:49:54.108 PM]: No config file path found. Client config will not be used."}
{"level":"INFO","message":"[4:49:54.108 PM]: Easy Logging is disabled as no config has been found"}
{"level":"INFO","message":"[4:49:54.109 PM]: Connection[id: 2e34dad0-03a5-431f-8ae5-79f68fd9773f] - authentication successful using: SNOWFLAKE"}
{"level":"INFO","message":"[4:49:54.654 PM]: Connection[id: 2e34dad0-03a5-431f-8ae5-79f68fd9773f] - connection established successfully after 558.63 milliseconds"}
{"level":"INFO","message":"[5:02:49.089 PM]: Creating new connection object"}
{"level":"INFO","message":"[5:02:49.092 PM]: Creating Connection[id: d1b69706-65e3-4e47-95d2-b802f43db594] with host: fya14544.snowflakecomputing.com, account: fya14544, accessUrl: https://fya14544.snowflakecomputing.com, user: EPIC_DEV, role: EPIC_DEV_ROLE, database: TEST_DEVELOPMENT_ENVIROMENT, schema: DEV_SCHEMA, warehouse: , proxy was not configured, password is provided, region: undefined, authenticator: SNOWFLAKE, ocsp mode: FAIL_OPEN, os: darwin, os version: 25.4.0"}
{"level":"INFO","message":"[5:02:49.092 PM]: Connection[id: d1b69706-65e3-4e47-95d2-b802f43db594] additional details: passcode in password is provided, passcode is not provided, private key is not provided, application: undefined, client name: snowflake-sdk, client version: 2.4.0, retry timeout: 300, private key path: undefined, private key pass is not provided, client store temporary credential: false, browser response timeout: 120000"}
{"level":"INFO","message":"[5:02:49.092 PM]: Connection[id: d1b69706-65e3-4e47-95d2-b802f43db594] - connection object created successfully."}
{"level":"INFO","message":"[5:02:49.093 PM]: Connection[id: d1b69706-65e3-4e47-95d2-b802f43db594] - async connecting. Associated Snowflake domain: GLOBAL"}
{"level":"INFO","message":"[5:02:49.093 PM]: Trying to initialize Easy Logging"}
{"level":"INFO","message":"[5:02:49.094 PM]: No client config detected."}
{"level":"INFO","message":"[5:02:49.095 PM]: No config file path found. Client config will not be used."}
{"level":"INFO","message":"[5:02:49.095 PM]: Easy Logging is disabled as no config has been found"}
{"level":"INFO","message":"[5:02:49.095 PM]: Connection[id: d1b69706-65e3-4e47-95d2-b802f43db594] - authentication successful using: SNOWFLAKE"}
{"level":"INFO","message":"[5:02:49.747 PM]: Connection[id: d1b69706-65e3-4e47-95d2-b802f43db594] - connection established successfully after 653.89 milliseconds"}
{"level":"INFO","message":"[5:02:50.645 PM]: Creating new connection object"}
{"level":"INFO","message":"[5:02:50.648 PM]: Creating Connection[id: 055f5378-731a-4bd2-b793-d1630cbed345] with host: fya14544.snowflakecomputing.com, account: fya14544, accessUrl: https://fya14544.snowflakecomputing.com, user: EPIC_DEV, role: EPIC_DEV_ROLE, database: TEST_DEVELOPMENT_ENVIROMENT, schema: DEV_SCHEMA, warehouse: , proxy was not configured, password is provided, region: undefined, authenticator: SNOWFLAKE, ocsp mode: FAIL_OPEN, os: darwin, os version: 25.4.0"}
{"level":"INFO","message":"[5:02:50.648 PM]: Connection[id: 055f5378-731a-4bd2-b793-d1630cbed345] additional details: passcode in password is provided, passcode is not provided, private key is not provided, application: undefined, client name: snowflake-sdk, client version: 2.4.0, retry timeout: 300, private key path: undefined, private key pass is not provided, client store temporary credential: false, browser response timeout: 120000"}
{"level":"INFO","message":"[5:02:50.648 PM]: Connection[id: 055f5378-731a-4bd2-b793-d1630cbed345] - connection object created successfully."}
{"level":"INFO","message":"[5:02:50.648 PM]: Connection[id: 055f5378-731a-4bd2-b793-d1630cbed345] - async connecting. Associated Snowflake domain: GLOBAL"}
{"level":"INFO","message":"[5:02:50.648 PM]: Trying to initialize Easy Logging"}
{"level":"INFO","message":"[5:02:50.649 PM]: No client config detected."}
{"level":"INFO","message":"[5:02:50.649 PM]: No config file path found. Client config will not be used."}
{"level":"INFO","message":"[5:02:50.649 PM]: Easy Logging is disabled as no config has been found"}
{"level":"INFO","message":"[5:02:50.649 PM]: Connection[id: 055f5378-731a-4bd2-b793-d1630cbed345] - authentication successful using: SNOWFLAKE"}
{"level":"INFO","message":"[5:02:51.269 PM]: Connection[id: 055f5378-731a-4bd2-b793-d1630cbed345] - connection established successfully after 620.5 milliseconds"}
{"level":"INFO","message":"[6:53:43.643 PM]: Creating new connection object"}
{"level":"INFO","message":"[6:53:43.646 PM]: Creating Connection[id: 1a2de76f-6370-494d-b290-9b22d63df730] with host: fya14544.snowflakecomputing.com, account: fya14544, accessUrl: https://fya14544.snowflakecomputing.com, user: EPIC_DEV, role: EPIC_DEV_ROLE, database: TEST_DEVELOPMENT_ENVIROMENT, schema: DEV_SCHEMA, warehouse: , proxy was not configured, password is provided, region: undefined, authenticator: SNOWFLAKE, ocsp mode: FAIL_OPEN, os: darwin, os version: 25.4.0"}
{"level":"INFO","message":"[6:53:43.646 PM]: Connection[id: 1a2de76f-6370-494d-b290-9b22d63df730] additional details: passcode in password is provided, passcode is not provided, private key is not provided, application: undefined, client name: snowflake-sdk, client version: 2.4.0, retry timeout: 300, private key path: undefined, private key pass is not provided, client store temporary credential: false, browser response timeout: 120000"}
{"level":"INFO","message":"[6:53:43.646 PM]: Connection[id: 1a2de76f-6370-494d-b290-9b22d63df730] - connection object created successfully."}
{"level":"INFO","message":"[6:53:43.647 PM]: Connection[id: 1a2de76f-6370-494d-b290-9b22d63df730] - async connecting. Associated Snowflake domain: GLOBAL"}
{"level":"INFO","message":"[6:53:43.647 PM]: Trying to initialize Easy Logging"}
{"level":"INFO","message":"[6:53:43.649 PM]: No client config detected."}
{"level":"INFO","message":"[6:53:43.649 PM]: No config file path found. Client config will not be used."}
{"level":"INFO","message":"[6:53:43.649 PM]: Easy Logging is disabled as no config has been found"}
{"level":"INFO","message":"[6:53:43.649 PM]: Connection[id: 1a2de76f-6370-494d-b290-9b22d63df730] - authentication successful using: SNOWFLAKE"}
{"level":"INFO","message":"[6:53:44.273 PM]: Connection[id: 1a2de76f-6370-494d-b290-9b22d63df730] - connection established successfully after 626.06 milliseconds"}
{"level":"INFO","message":"[6:53:45.721 PM]: Creating new connection object"}
{"level":"INFO","message":"[6:53:45.726 PM]: Creating Connection[id: 01971d4c-75a8-48f3-98dc-cd71c77a7da5] with host: fya14544.snowflakecomputing.com, account: fya14544, accessUrl: https://fya14544.snowflakecomputing.com, user: EPIC_DEV, role: EPIC_DEV_ROLE, database: TEST_DEVELOPMENT_ENVIROMENT, schema: DEV_SCHEMA, warehouse: , proxy was not configured, password is provided, region: undefined, authenticator: SNOWFLAKE, ocsp mode: FAIL_OPEN, os: darwin, os version: 25.4.0"}
{"level":"INFO","message":"[6:53:45.726 PM]: Connection[id: 01971d4c-75a8-48f3-98dc-cd71c77a7da5] additional details: passcode in password is provided, passcode is not provided, private key is not provided, application: undefined, client name: snowflake-sdk, client version: 2.4.0, retry timeout: 300, private key path: undefined, private key pass is not provided, client store temporary credential: false, browser response timeout: 120000"}
{"level":"INFO","message":"[6:53:45.726 PM]: Connection[id: 01971d4c-75a8-48f3-98dc-cd71c77a7da5] - connection object created successfully."}
{"level":"INFO","message":"[6:53:45.727 PM]: Connection[id: 01971d4c-75a8-48f3-98dc-cd71c77a7da5] - async connecting. Associated Snowflake domain: GLOBAL"}
{"level":"INFO","message":"[6:53:45.727 PM]: Trying to initialize Easy Logging"}
{"level":"INFO","message":"[6:53:45.727 PM]: No client config detected."}
{"level":"INFO","message":"[6:53:45.728 PM]: No config file path found. Client config will not be used."}
{"level":"INFO","message":"[6:53:45.728 PM]: Easy Logging is disabled as no config has been found"}
{"level":"INFO","message":"[6:53:45.728 PM]: Connection[id: 01971d4c-75a8-48f3-98dc-cd71c77a7da5] - authentication successful using: SNOWFLAKE"}
{"level":"INFO","message":"[6:53:46.068 PM]: Connection[id: 01971d4c-75a8-48f3-98dc-cd71c77a7da5] - connection established successfully after 341.7 milliseconds"}
{"level":"INFO","message":"[6:58:34.757 PM]: Creating new connection object"}
{"level":"INFO","message":"[6:58:34.759 PM]: Creating Connection[id: 470c42c3-9e90-4d35-aa2b-f5aa1ac28720] with host: fya14544.snowflakecomputing.com, account: fya14544, accessUrl: https://fya14544.snowflakecomputing.com, user: EPIC_DEV, role: EPIC_DEV_ROLE, database: TEST_DEVELOPMENT_ENVIROMENT, schema: DEV_SCHEMA, warehouse: , proxy was not configured, password is provided, region: undefined, authenticator: SNOWFLAKE, ocsp mode: FAIL_OPEN, os: darwin, os version: 25.4.0"}
{"level":"INFO","message":"[6:58:34.759 PM]: Connection[id: 470c42c3-9e90-4d35-aa2b-f5aa1ac28720] additional details: passcode in password is provided, passcode is not provided, private key is not provided, application: undefined, client name: snowflake-sdk, client version: 2.4.0, retry timeout: 300, private key path: undefined, private key pass is not provided, client store temporary credential: false, browser response timeout: 120000"}
{"level":"INFO","message":"[6:58:34.760 PM]: Connection[id: 470c42c3-9e90-4d35-aa2b-f5aa1ac28720] - connection object created successfully."}
{"level":"INFO","message":"[6:58:34.760 PM]: Connection[id: 470c42c3-9e90-4d35-aa2b-f5aa1ac28720] - async connecting. Associated Snowflake domain: GLOBAL"}
{"level":"INFO","message":"[6:58:34.760 PM]: Trying to initialize Easy Logging"}
{"level":"INFO","message":"[6:58:34.763 PM]: No client config detected."}
{"level":"INFO","message":"[6:58:34.763 PM]: No config file path found. Client config will not be used."}
{"level":"INFO","message":"[6:58:34.763 PM]: Easy Logging is disabled as no config has been found"}
{"level":"INFO","message":"[6:58:34.763 PM]: Connection[id: 470c42c3-9e90-4d35-aa2b-f5aa1ac28720] - authentication successful using: SNOWFLAKE"}
{"level":"INFO","message":"[6:58:34.770 PM]: Creating new connection object"}
{"level":"INFO","message":"[6:58:34.771 PM]: Creating Connection[id: b9b88fcd-ccce-41d2-acfd-399f4ce6ad5e] with host: fya14544.snowflakecomputing.com, account: fya14544, accessUrl: https://fya14544.snowflakecomputing.com, user: EPIC_DEV, role: EPIC_DEV_ROLE, database: TEST_DEVELOPMENT_ENVIROMENT, schema: DEV_SCHEMA, warehouse: , proxy was not configured, password is provided, region: undefined, authenticator: SNOWFLAKE, ocsp mode: FAIL_OPEN, os: darwin, os version: 25.4.0"}
{"level":"INFO","message":"[6:58:34.771 PM]: Connection[id: b9b88fcd-ccce-41d2-acfd-399f4ce6ad5e] additional details: passcode in password is provided, passcode is not provided, private key is not provided, application: undefined, client name: snowflake-sdk, client version: 2.4.0, retry timeout: 300, private key path: undefined, private key pass is not provided, client store temporary credential: false, browser response timeout: 120000"}
{"level":"INFO","message":"[6:58:34.771 PM]: Connection[id: b9b88fcd-ccce-41d2-acfd-399f4ce6ad5e] - connection object created successfully."}
{"level":"INFO","message":"[6:58:34.771 PM]: Connection[id: b9b88fcd-ccce-41d2-acfd-399f4ce6ad5e] - async connecting. Associated Snowflake domain: GLOBAL"}
{"level":"INFO","message":"[6:58:34.771 PM]: Trying to initialize Easy Logging"}
{"level":"INFO","message":"[6:58:34.772 PM]: No client config detected."}
{"level":"INFO","message":"[6:58:34.773 PM]: No config file path found. Client config will not be used."}
{"level":"INFO","message":"[6:58:34.773 PM]: Easy Logging is disabled as no config has been found"}
{"level":"INFO","message":"[6:58:34.773 PM]: Connection[id: b9b88fcd-ccce-41d2-acfd-399f4ce6ad5e] - authentication successful using: SNOWFLAKE"}
{"level":"INFO","message":"[6:58:35.452 PM]: Connection[id: 470c42c3-9e90-4d35-aa2b-f5aa1ac28720] - connection established successfully after 691.71 milliseconds"}
{"level":"INFO","message":"[6:58:35.457 PM]: Connection[id: b9b88fcd-ccce-41d2-acfd-399f4ce6ad5e] - connection established successfully after 685.53 milliseconds"}
{"level":"INFO","message":"[7:01:52.505 PM]: Creating new connection object"}
{"level":"INFO","message":"[7:01:52.508 PM]: Creating Connection[id: 62470185-5c87-4da3-a76d-ccd51aea9fe7] with host: fya14544.snowflakecomputing.com, account: fya14544, accessUrl: https://fya14544.snowflakecomputing.com, user: EPIC_DEV, role: EPIC_DEV_ROLE, database: TEST_DEVELOPMENT_ENVIROMENT, schema: DEV_SCHEMA, warehouse: , proxy was not configured, password is provided, region: undefined, authenticator: SNOWFLAKE, ocsp mode: FAIL_OPEN, os: darwin, os version: 25.4.0"}
{"level":"INFO","message":"[7:01:52.508 PM]: Connection[id: 62470185-5c87-4da3-a76d-ccd51aea9fe7] additional details: passcode in password is provided, passcode is not provided, private key is not provided, application: undefined, client name: snowflake-sdk, client version: 2.4.0, retry timeout: 300, private key path: undefined, private key pass is not provided, client store temporary credential: false, browser response timeout: 120000"}
{"level":"INFO","message":"[7:01:52.508 PM]: Connection[id: 62470185-5c87-4da3-a76d-ccd51aea9fe7] - connection object created successfully."}
{"level":"INFO","message":"[7:01:52.509 PM]: Connection[id: 62470185-5c87-4da3-a76d-ccd51aea9fe7] - async connecting. Associated Snowflake domain: GLOBAL"}
{"level":"INFO","message":"[7:01:52.509 PM]: Trying to initialize Easy Logging"}
{"level":"INFO","message":"[7:01:52.528 PM]: No client config detected."}
{"level":"INFO","message":"[7:01:52.528 PM]: No config file path found. Client config will not be used."}
{"level":"INFO","message":"[7:01:52.528 PM]: Easy Logging is disabled as no config has been found"}
{"level":"INFO","message":"[7:01:52.528 PM]: Connection[id: 62470185-5c87-4da3-a76d-ccd51aea9fe7] - authentication successful using: SNOWFLAKE"}
{"level":"INFO","message":"[7:01:53.227 PM]: Connection[id: 62470185-5c87-4da3-a76d-ccd51aea9fe7] - connection established successfully after 717.87 milliseconds"}
{"level":"INFO","message":"[7:02:08.101 PM]: Creating new connection object"}
{"level":"INFO","message":"[7:02:08.104 PM]: Creating Connection[id: f4dd820c-b41c-48dc-8024-223c668e902a] with host: fya14544.snowflakecomputing.com, account: fya14544, accessUrl: https://fya14544.snowflakecomputing.com, user: EPIC_DEV, role: EPIC_DEV_ROLE, database: TEST_DEVELOPMENT_ENVIROMENT, schema: DEV_SCHEMA, warehouse: , proxy was not configured, password is provided, region: undefined, authenticator: SNOWFLAKE, ocsp mode: FAIL_OPEN, os: darwin, os version: 25.4.0"}
{"level":"INFO","message":"[7:02:08.105 PM]: Connection[id: f4dd820c-b41c-48dc-8024-223c668e902a] additional details: passcode in password is provided, passcode is not provided, private key is not provided, application: undefined, client name: snowflake-sdk, client version: 2.4.0, retry timeout: 300, private key path: undefined, private key pass is not provided, client store temporary credential: false, browser response timeout: 120000"}
{"level":"INFO","message":"[7:02:08.105 PM]: Connection[id: f4dd820c-b41c-48dc-8024-223c668e902a] - connection object created successfully."}
{"level":"INFO","message":"[7:02:08.105 PM]: Connection[id: f4dd820c-b41c-48dc-8024-223c668e902a] - async connecting. Associated Snowflake domain: GLOBAL"}
{"level":"INFO","message":"[7:02:08.105 PM]: Trying to initialize Easy Logging"}
{"level":"INFO","message":"[7:02:08.107 PM]: No client config detected."}
{"level":"INFO","message":"[7:02:08.107 PM]: No config file path found. Client config will not be used."}
{"level":"INFO","message":"[7:02:08.107 PM]: Easy Logging is disabled as no config has been found"}
{"level":"INFO","message":"[7:02:08.107 PM]: Connection[id: f4dd820c-b41c-48dc-8024-223c668e902a] - authentication successful using: SNOWFLAKE"}
{"level":"INFO","message":"[7:02:08.687 PM]: Connection[id: f4dd820c-b41c-48dc-8024-223c668e902a] - connection established successfully after 581.83 milliseconds"}
{"level":"INFO","message":"[7:03:49.842 PM]: Creating new connection object"}
{"level":"INFO","message":"[7:03:49.845 PM]: Creating Connection[id: de58238b-2e37-44b4-8d50-c0c6dc38f600] with host: fya14544.snowflakecomputing.com, account: fya14544, accessUrl: https://fya14544.snowflakecomputing.com, user: EPIC_DEV, role: EPIC_DEV_ROLE, database: TEST_DEVELOPMENT_ENVIROMENT, schema: DEV_SCHEMA, warehouse: , proxy was not configured, password is provided, region: undefined, authenticator: SNOWFLAKE, ocsp mode: FAIL_OPEN, os: darwin, os version: 25.4.0"}
{"level":"INFO","message":"[7:03:49.845 PM]: Connection[id: de58238b-2e37-44b4-8d50-c0c6dc38f600] additional details: passcode in password is provided, passcode is not provided, private key is not provided, application: undefined, client name: snowflake-sdk, client version: 2.4.0, retry timeout: 300, private key path: undefined, private key pass is not provided, client store temporary credential: false, browser response timeout: 120000"}
{"level":"INFO","message":"[7:03:49.845 PM]: Connection[id: de58238b-2e37-44b4-8d50-c0c6dc38f600] - connection object created successfully."}
{"level":"INFO","message":"[7:03:49.846 PM]: Connection[id: de58238b-2e37-44b4-8d50-c0c6dc38f600] - async connecting. Associated Snowflake domain: GLOBAL"}
{"level":"INFO","message":"[7:03:49.846 PM]: Trying to initialize Easy Logging"}
{"level":"INFO","message":"[7:03:49.849 PM]: No client config detected."}
{"level":"INFO","message":"[7:03:49.849 PM]: No config file path found. Client config will not be used."}
{"level":"INFO","message":"[7:03:49.849 PM]: Easy Logging is disabled as no config has been found"}
{"level":"INFO","message":"[7:03:49.849 PM]: Connection[id: de58238b-2e37-44b4-8d50-c0c6dc38f600] - authentication successful using: SNOWFLAKE"}
{"level":"INFO","message":"[7:03:50.740 PM]: Connection[id: de58238b-2e37-44b4-8d50-c0c6dc38f600] - connection established successfully after 893.76 milliseconds"}
{"level":"INFO","message":"[7:04:01.416 PM]: Creating new connection object"}
{"level":"INFO","message":"[7:04:01.419 PM]: Creating Connection[id: 79e7beaa-97f1-416e-b11a-0e36624d5d8a] with host: fya14544.snowflakecomputing.com, account: fya14544, accessUrl: https://fya14544.snowflakecomputing.com, user: EPIC_DEV, role: EPIC_DEV_ROLE, database: TEST_DEVELOPMENT_ENVIROMENT, schema: DEV_SCHEMA, warehouse: , proxy was not configured, password is provided, region: undefined, authenticator: SNOWFLAKE, ocsp mode: FAIL_OPEN, os: darwin, os version: 25.4.0"}
{"level":"INFO","message":"[7:04:01.420 PM]: Connection[id: 79e7beaa-97f1-416e-b11a-0e36624d5d8a] additional details: passcode in password is provided, passcode is not provided, private key is not provided, application: undefined, client name: snowflake-sdk, client version: 2.4.0, retry timeout: 300, private key path: undefined, private key pass is not provided, client store temporary credential: false, browser response timeout: 120000"}
{"level":"INFO","message":"[7:04:01.420 PM]: Connection[id: 79e7beaa-97f1-416e-b11a-0e36624d5d8a] - connection object created successfully."}
{"level":"INFO","message":"[7:04:01.421 PM]: Connection[id: 79e7beaa-97f1-416e-b11a-0e36624d5d8a] - async connecting. Associated Snowflake domain: GLOBAL"}
{"level":"INFO","message":"[7:04:01.421 PM]: Trying to initialize Easy Logging"}
{"level":"INFO","message":"[7:04:01.433 PM]: No client config detected."}
{"level":"INFO","message":"[7:04:01.433 PM]: No config file path found. Client config will not be used."}
{"level":"INFO","message":"[7:04:01.433 PM]: Easy Logging is disabled as no config has been found"}
{"level":"INFO","message":"[7:04:01.433 PM]: Connection[id: 79e7beaa-97f1-416e-b11a-0e36624d5d8a] - authentication successful using: SNOWFLAKE"}
{"level":"INFO","message":"[7:04:02.016 PM]: Connection[id: 79e7beaa-97f1-416e-b11a-0e36624d5d8a] - connection established successfully after 595.25 milliseconds"}
{"level":"INFO","message":"[7:04:29.940 PM]: Creating new connection object"}
{"level":"INFO","message":"[7:04:29.943 PM]: Creating Connection[id: 006af427-d14d-414b-b955-17be92315d85] with host: fya14544.snowflakecomputing.com, account: fya14544, accessUrl: https://fya14544.snowflakecomputing.com, user: EPIC_DEV, role: EPIC_DEV_ROLE, database: TEST_DEVELOPMENT_ENVIROMENT, schema: DEV_SCHEMA, warehouse: , proxy was not configured, password is provided, region: undefined, authenticator: SNOWFLAKE, ocsp mode: FAIL_OPEN, os: darwin, os version: 25.4.0"}
{"level":"INFO","message":"[7:04:29.943 PM]: Connection[id: 006af427-d14d-414b-b955-17be92315d85] additional details: passcode in password is provided, passcode is not provided, private key is not provided, application: undefined, client name: snowflake-sdk, client version: 2.4.0, retry timeout: 300, private key path: undefined, private key pass is not provided, client store temporary credential: false, browser response timeout: 120000"}
{"level":"INFO","message":"[7:04:29.944 PM]: Connection[id: 006af427-d14d-414b-b955-17be92315d85] - connection object created successfully."}
{"level":"INFO","message":"[7:04:29.944 PM]: Connection[id: 006af427-d14d-414b-b955-17be92315d85] - async connecting. Associated Snowflake domain: GLOBAL"}
{"level":"INFO","message":"[7:04:29.944 PM]: Trying to initialize Easy Logging"}
{"level":"INFO","message":"[7:04:29.957 PM]: No client config detected."}
{"level":"INFO","message":"[7:04:29.957 PM]: No config file path found. Client config will not be used."}
{"level":"INFO","message":"[7:04:29.957 PM]: Easy Logging is disabled as no config has been found"}
{"level":"INFO","message":"[7:04:29.957 PM]: Connection[id: 006af427-d14d-414b-b955-17be92315d85] - authentication successful using: SNOWFLAKE"}
{"level":"INFO","message":"[7:04:30.569 PM]: Connection[id: 006af427-d14d-414b-b955-17be92315d85] - connection established successfully after 624.91 milliseconds"}
{"level":"INFO","message":"[7:04:53.641 PM]: Creating new connection object"}
{"level":"INFO","message":"[7:04:53.644 PM]: Creating Connection[id: 2f494a06-6762-4dae-a256-591c41522ba6] with host: fya14544.snowflakecomputing.com, account: fya14544, accessUrl: https://fya14544.snowflakecomputing.com, user: EPIC_DEV, role: EPIC_DEV_ROLE, database: TEST_DEVELOPMENT_ENVIROMENT, schema: DEV_SCHEMA, warehouse: , proxy was not configured, password is provided, region: undefined, authenticator: SNOWFLAKE, ocsp mode: FAIL_OPEN, os: darwin, os version: 25.4.0"}
{"level":"INFO","message":"[7:04:53.644 PM]: Connection[id: 2f494a06-6762-4dae-a256-591c41522ba6] additional details: passcode in password is provided, passcode is not provided, private key is not provided, application: undefined, client name: snowflake-sdk, client version: 2.4.0, retry timeout: 300, private key path: undefined, private key pass is not provided, client store temporary credential: false, browser response timeout: 120000"}
{"level":"INFO","message":"[7:04:53.644 PM]: Connection[id: 2f494a06-6762-4dae-a256-591c41522ba6] - connection object created successfully."}
{"level":"INFO","message":"[7:04:53.645 PM]: Connection[id: 2f494a06-6762-4dae-a256-591c41522ba6] - async connecting. Associated Snowflake domain: GLOBAL"}
{"level":"INFO","message":"[7:04:53.645 PM]: Trying to initialize Easy Logging"}
{"level":"INFO","message":"[7:04:53.647 PM]: No client config detected."}
{"level":"INFO","message":"[7:04:53.647 PM]: No config file path found. Client config will not be used."}
{"level":"INFO","message":"[7:04:53.647 PM]: Easy Logging is disabled as no config has been found"}
{"level":"INFO","message":"[7:04:53.647 PM]: Connection[id: 2f494a06-6762-4dae-a256-591c41522ba6] - authentication successful using: SNOWFLAKE"}
{"level":"INFO","message":"[7:04:54.438 PM]: Connection[id: 2f494a06-6762-4dae-a256-591c41522ba6] - connection established successfully after 792.43 milliseconds"}
{"level":"INFO","message":"[7:04:55.962 PM]: Creating new connection object"}
{"level":"INFO","message":"[7:04:55.966 PM]: Creating Connection[id: 4dbb1927-99c6-4be0-bc2a-0ecb72f55606] with host: fya14544.snowflakecomputing.com, account: fya14544, accessUrl: https://fya14544.snowflakecomputing.com, user: EPIC_DEV, role: EPIC_DEV_ROLE, database: TEST_DEVELOPMENT_ENVIROMENT, schema: DEV_SCHEMA, warehouse: , proxy was not configured, password is provided, region: undefined, authenticator: SNOWFLAKE, ocsp mode: FAIL_OPEN, os: darwin, os version: 25.4.0"}
{"level":"INFO","message":"[7:04:55.967 PM]: Connection[id: 4dbb1927-99c6-4be0-bc2a-0ecb72f55606] additional details: passcode in password is provided, passcode is not provided, private key is not provided, application: undefined, client name: snowflake-sdk, client version: 2.4.0, retry timeout: 300, private key path: undefined, private key pass is not provided, client store temporary credential: false, browser response timeout: 120000"}
{"level":"INFO","message":"[7:04:55.967 PM]: Connection[id: 4dbb1927-99c6-4be0-bc2a-0ecb72f55606] - connection object created successfully."}
{"level":"INFO","message":"[7:04:55.967 PM]: Connection[id: 4dbb1927-99c6-4be0-bc2a-0ecb72f55606] - async connecting. Associated Snowflake domain: GLOBAL"}
{"level":"INFO","message":"[7:04:55.967 PM]: Trying to initialize Easy Logging"}
{"level":"INFO","message":"[7:04:55.968 PM]: No client config detected."}
{"level":"INFO","message":"[7:04:55.968 PM]: No config file path found. Client config will not be used."}
{"level":"INFO","message":"[7:04:55.968 PM]: Easy Logging is disabled as no config has been found"}
{"level":"INFO","message":"[7:04:55.968 PM]: Connection[id: 4dbb1927-99c6-4be0-bc2a-0ecb72f55606] - authentication successful using: SNOWFLAKE"}
{"level":"INFO","message":"[7:04:56.570 PM]: Connection[id: 4dbb1927-99c6-4be0-bc2a-0ecb72f55606] - connection established successfully after 603.6 milliseconds"}
{"level":"INFO","message":"[7:07:40.293 PM]: Creating new connection object"}
{"level":"INFO","message":"[7:07:40.294 PM]: Creating Connection[id: 9ad2b215-ca6e-4f29-bf9c-12f57ad0e901] with host: fya14544.snowflakecomputing.com, account: fya14544, accessUrl: https://fya14544.snowflakecomputing.com, user: EPIC_DEV, role: EPIC_DEV_ROLE, database: TEST_DEVELOPMENT_ENVIROMENT, schema: DEV_SCHEMA, warehouse: , proxy was not configured, password is provided, region: undefined, authenticator: SNOWFLAKE, ocsp mode: FAIL_OPEN, os: darwin, os version: 25.4.0"}
{"level":"INFO","message":"[7:07:40.294 PM]: Connection[id: 9ad2b215-ca6e-4f29-bf9c-12f57ad0e901] additional details: passcode in password is provided, passcode is not provided, private key is not provided, application: undefined, client name: snowflake-sdk, client version: 2.4.0, retry timeout: 300, private key path: undefined, private key pass is not provided, client store temporary credential: false, browser response timeout: 120000"}
{"level":"INFO","message":"[7:07:40.294 PM]: Connection[id: 9ad2b215-ca6e-4f29-bf9c-12f57ad0e901] - connection object created successfully."}
{"level":"INFO","message":"[7:07:40.294 PM]: Connection[id: 9ad2b215-ca6e-4f29-bf9c-12f57ad0e901] - async connecting. Associated Snowflake domain: GLOBAL"}
{"level":"INFO","message":"[7:07:40.294 PM]: Trying to initialize Easy Logging"}
{"level":"INFO","message":"[7:07:40.295 PM]: No client config detected."}
{"level":"INFO","message":"[7:07:40.295 PM]: No config file path found. Client config will not be used."}
{"level":"INFO","message":"[7:07:40.295 PM]: Easy Logging is disabled as no config has been found"}
{"level":"INFO","message":"[7:07:40.295 PM]: Connection[id: 9ad2b215-ca6e-4f29-bf9c-12f57ad0e901] - authentication successful using: SNOWFLAKE"}
{"level":"INFO","message":"[7:07:40.889 PM]: Connection[id: 9ad2b215-ca6e-4f29-bf9c-12f57ad0e901] - connection established successfully after 595.46 milliseconds"}
{"level":"INFO","message":"[7:07:48.570 PM]: Creating new connection object"}
{"level":"INFO","message":"[7:07:48.573 PM]: Creating Connection[id: 8134ad4d-8241-46ed-932f-25c028040616] with host: fya14544.snowflakecomputing.com, account: fya14544, accessUrl: https://fya14544.snowflakecomputing.com, user: EPIC_DEV, role: EPIC_DEV_ROLE, database: TEST_DEVELOPMENT_ENVIROMENT, schema: DEV_SCHEMA, warehouse: , proxy was not configured, password is provided, region: undefined, authenticator: SNOWFLAKE, ocsp mode: FAIL_OPEN, os: darwin, os version: 25.4.0"}
{"level":"INFO","message":"[7:07:48.573 PM]: Connection[id: 8134ad4d-8241-46ed-932f-25c028040616] additional details: passcode in password is provided, passcode is not provided, private key is not provided, application: undefined, client name: snowflake-sdk, client version: 2.4.0, retry timeout: 300, private key path: undefined, private key pass is not provided, client store temporary credential: false, browser response timeout: 120000"}
{"level":"INFO","message":"[7:07:48.573 PM]: Connection[id: 8134ad4d-8241-46ed-932f-25c028040616] - connection object created successfully."}
{"level":"INFO","message":"[7:07:48.573 PM]: Connection[id: 8134ad4d-8241-46ed-932f-25c028040616] - async connecting. Associated Snowflake domain: GLOBAL"}
{"level":"INFO","message":"[7:07:48.573 PM]: Trying to initialize Easy Logging"}
{"level":"INFO","message":"[7:07:48.575 PM]: No client config detected."}
{"level":"INFO","message":"[7:07:48.575 PM]: No config file path found. Client config will not be used."}
{"level":"INFO","message":"[7:07:48.575 PM]: Easy Logging is disabled as no config has been found"}
{"level":"INFO","message":"[7:07:48.575 PM]: Connection[id: 8134ad4d-8241-46ed-932f-25c028040616] - authentication successful using: SNOWFLAKE"}
{"level":"INFO","message":"[7:07:49.172 PM]: Connection[id: 8134ad4d-8241-46ed-932f-25c028040616] - connection established successfully after 598.99 milliseconds"}
{"level":"INFO","message":"[7:34:35.201 PM]: Creating new connection object"}
{"level":"INFO","message":"[7:34:35.204 PM]: Creating Connection[id: 4bdb2407-ef4f-4f1a-a77b-90c99755b4ab] with host: fya14544.snowflakecomputing.com, account: fya14544, accessUrl: https://fya14544.snowflakecomputing.com, user: EPIC_DEV, role: EPIC_DEV_ROLE, database: TEST_DEVELOPMENT_ENVIROMENT, schema: DEV_SCHEMA, warehouse: , proxy was not configured, password is provided, region: undefined, authenticator: SNOWFLAKE, ocsp mode: FAIL_OPEN, os: darwin, os version: 25.4.0"}
{"level":"INFO","message":"[7:34:35.204 PM]: Connection[id: 4bdb2407-ef4f-4f1a-a77b-90c99755b4ab] additional details: passcode in password is provided, passcode is not provided, private key is not provided, application: undefined, client name: snowflake-sdk, client version: 2.4.0, retry timeout: 300, private key path: undefined, private key pass is not provided, client store temporary credential: false, browser response timeout: 120000"}
{"level":"INFO","message":"[7:34:35.204 PM]: Connection[id: 4bdb2407-ef4f-4f1a-a77b-90c99755b4ab] - connection object created successfully."}
{"level":"INFO","message":"[7:34:35.205 PM]: Connection[id: 4bdb2407-ef4f-4f1a-a77b-90c99755b4ab] - async connecting. Associated Snowflake domain: GLOBAL"}
{"level":"INFO","message":"[7:34:35.206 PM]: Trying to initialize Easy Logging"}
{"level":"INFO","message":"[7:34:35.208 PM]: No client config detected."}
{"level":"INFO","message":"[7:34:35.208 PM]: No config file path found. Client config will not be used."}
{"level":"INFO","message":"[7:34:35.208 PM]: Easy Logging is disabled as no config has been found"}
{"level":"INFO","message":"[7:34:35.208 PM]: Connection[id: 4bdb2407-ef4f-4f1a-a77b-90c99755b4ab] - authentication successful using: SNOWFLAKE"}
{"level":"INFO","message":"[7:34:35.360 PM]: Creating new connection object"}
{"level":"INFO","message":"[7:34:35.363 PM]: Creating Connection[id: 55791b15-e481-452d-9f2c-eb9c6b0101a1] with host: fya14544.snowflakecomputing.com, account: fya14544, accessUrl: https://fya14544.snowflakecomputing.com, user: EPIC_DEV, role: EPIC_DEV_ROLE, database: TEST_DEVELOPMENT_ENVIROMENT, schema: DEV_SCHEMA, warehouse: , proxy was not configured, password is provided, region: undefined, authenticator: SNOWFLAKE, ocsp mode: FAIL_OPEN, os: darwin, os version: 25.4.0"}
{"level":"INFO","message":"[7:34:35.363 PM]: Connection[id: 55791b15-e481-452d-9f2c-eb9c6b0101a1] additional details: passcode in password is provided, passcode is not provided, private key is not provided, application: undefined, client name: snowflake-sdk, client version: 2.4.0, retry timeout: 300, private key path: undefined, private key pass is not provided, client store temporary credential: false, browser response timeout: 120000"}
{"level":"INFO","message":"[7:34:35.363 PM]: Connection[id: 55791b15-e481-452d-9f2c-eb9c6b0101a1] - connection object created successfully."}
{"level":"INFO","message":"[7:34:35.363 PM]: Connection[id: 55791b15-e481-452d-9f2c-eb9c6b0101a1] - async connecting. Associated Snowflake domain: GLOBAL"}
{"level":"INFO","message":"[7:34:35.363 PM]: Trying to initialize Easy Logging"}
{"level":"INFO","message":"[7:34:35.364 PM]: No client config detected."}
{"level":"INFO","message":"[7:34:35.364 PM]: No config file path found. Client config will not be used."}
{"level":"INFO","message":"[7:34:35.364 PM]: Easy Logging is disabled as no config has been found"}
{"level":"INFO","message":"[7:34:35.364 PM]: Connection[id: 55791b15-e481-452d-9f2c-eb9c6b0101a1] - authentication successful using: SNOWFLAKE"}
{"level":"INFO","message":"[7:34:35.987 PM]: Connection[id: 4bdb2407-ef4f-4f1a-a77b-90c99755b4ab] - connection established successfully after 781.89 milliseconds"}
{"level":"INFO","message":"[7:34:35.995 PM]: Connection[id: 55791b15-e481-452d-9f2c-eb9c6b0101a1] - connection established successfully after 631.75 milliseconds"}
{"level":"INFO","message":"[7:38:17.770 PM]: Creating new connection object"}
{"level":"INFO","message":"[7:38:17.773 PM]: Creating Connection[id: d631b4bb-12fe-40e6-88c0-d284e27efa97] with host: fya14544.snowflakecomputing.com, account: fya14544, accessUrl: https://fya14544.snowflakecomputing.com, user: EPIC_DEV, role: EPIC_DEV_ROLE, database: TEST_DEVELOPMENT_ENVIROMENT, schema: DEV_SCHEMA, warehouse: , proxy was not configured, password is provided, region: undefined, authenticator: SNOWFLAKE, ocsp mode: FAIL_OPEN, os: darwin, os version: 25.4.0"}
{"level":"INFO","message":"[7:38:17.773 PM]: Connection[id: d631b4bb-12fe-40e6-88c0-d284e27efa97] additional details: passcode in password is provided, passcode is not provided, private key is not provided, application: undefined, client name: snowflake-sdk, client version: 2.4.0, retry timeout: 300, private key path: undefined, private key pass is not provided, client store temporary credential: false, browser response timeout: 120000"}
{"level":"INFO","message":"[7:38:17.774 PM]: Connection[id: d631b4bb-12fe-40e6-88c0-d284e27efa97] - connection object created successfully."}
{"level":"INFO","message":"[7:38:17.774 PM]: Connection[id: d631b4bb-12fe-40e6-88c0-d284e27efa97] - async connecting. Associated Snowflake domain: GLOBAL"}
{"level":"INFO","message":"[7:38:17.774 PM]: Trying to initialize Easy Logging"}
{"level":"INFO","message":"[7:38:17.777 PM]: No client config detected."}
{"level":"INFO","message":"[7:38:17.777 PM]: No config file path found. Client config will not be used."}
{"level":"INFO","message":"[7:38:17.777 PM]: Easy Logging is disabled as no config has been found"}
{"level":"INFO","message":"[7:38:17.777 PM]: Connection[id: d631b4bb-12fe-40e6-88c0-d284e27efa97] - authentication successful using: SNOWFLAKE"}
{"level":"INFO","message":"[7:38:18.502 PM]: Connection[id: d631b4bb-12fe-40e6-88c0-d284e27efa97] - connection established successfully after 727.56 milliseconds"}
{"level":"INFO","message":"[7:42:30.192 PM]: Creating new connection object"}
{"level":"INFO","message":"[7:42:30.196 PM]: Creating Connection[id: 90e3a921-f550-426b-b2ee-7a4b0e9d8d18] with host: fya14544.snowflakecomputing.com, account: fya14544, accessUrl: https://fya14544.snowflakecomputing.com, user: EPIC_DEV, role: EPIC_DEV_ROLE, database: TEST_DEVELOPMENT_ENVIROMENT, schema: DEV_SCHEMA, warehouse: , proxy was not configured, password is provided, region: undefined, authenticator: SNOWFLAKE, ocsp mode: FAIL_OPEN, os: darwin, os version: 25.4.0"}
{"level":"INFO","message":"[7:42:30.196 PM]: Connection[id: 90e3a921-f550-426b-b2ee-7a4b0e9d8d18] additional details: passcode in password is provided, passcode is not provided, private key is not provided, application: undefined, client name: snowflake-sdk, client version: 2.4.0, retry timeout: 300, private key path: undefined, private key pass is not provided, client store temporary credential: false, browser response timeout: 120000"}
{"level":"INFO","message":"[7:42:30.196 PM]: Connection[id: 90e3a921-f550-426b-b2ee-7a4b0e9d8d18] - connection object created successfully."}
{"level":"INFO","message":"[7:42:30.197 PM]: Connection[id: 90e3a921-f550-426b-b2ee-7a4b0e9d8d18] - async connecting. Associated Snowflake domain: GLOBAL"}
{"level":"INFO","message":"[7:42:30.197 PM]: Trying to initialize Easy Logging"}
{"level":"INFO","message":"[7:42:30.197 PM]: No client config detected."}
{"level":"INFO","message":"[7:42:30.197 PM]: No config file path found. Client config will not be used."}
{"level":"INFO","message":"[7:42:30.197 PM]: Easy Logging is disabled as no config has been found"}
{"level":"INFO","message":"[7:42:30.198 PM]: Connection[id: 90e3a921-f550-426b-b2ee-7a4b0e9d8d18] - authentication successful using: SNOWFLAKE"}
{"level":"INFO","message":"[7:42:30.926 PM]: Connection[id: 90e3a921-f550-426b-b2ee-7a4b0e9d8d18] - connection established successfully after 729.57 milliseconds"}
{"level":"INFO","message":"[7:49:44.077 PM]: Creating new connection object"}
{"level":"INFO","message":"[7:49:44.080 PM]: Creating Connection[id: 42dfe67a-c7ee-43f9-a1c8-05e97986749c] with host: fya14544.snowflakecomputing.com, account: fya14544, accessUrl: https://fya14544.snowflakecomputing.com, user: EPIC_DEV, role: EPIC_DEV_ROLE, database: TEST_DEVELOPMENT_ENVIROMENT, schema: DEV_SCHEMA, warehouse: , proxy was not configured, password is provided, region: undefined, authenticator: SNOWFLAKE, ocsp mode: FAIL_OPEN, os: darwin, os version: 25.4.0"}
{"level":"INFO","message":"[7:49:44.080 PM]: Connection[id: 42dfe67a-c7ee-43f9-a1c8-05e97986749c] additional details: passcode in password is provided, passcode is not provided, private key is not provided, application: undefined, client name: snowflake-sdk, client version: 2.4.0, retry timeout: 300, private key path: undefined, private key pass is not provided, client store temporary credential: false, browser response timeout: 120000"}
{"level":"INFO","message":"[7:49:44.080 PM]: Connection[id: 42dfe67a-c7ee-43f9-a1c8-05e97986749c] - connection object created successfully."}
{"level":"INFO","message":"[7:49:44.081 PM]: Connection[id: 42dfe67a-c7ee-43f9-a1c8-05e97986749c] - async connecting. Associated Snowflake domain: GLOBAL"}
{"level":"INFO","message":"[7:49:44.081 PM]: Trying to initialize Easy Logging"}
{"level":"INFO","message":"[7:49:44.082 PM]: No client config detected."}
{"level":"INFO","message":"[7:49:44.082 PM]: No config file path found. Client config will not be used."}
{"level":"INFO","message":"[7:49:44.082 PM]: Easy Logging is disabled as no config has been found"}
{"level":"INFO","message":"[7:49:44.082 PM]: Connection[id: 42dfe67a-c7ee-43f9-a1c8-05e97986749c] - authentication successful using: SNOWFLAKE"}
{"level":"INFO","message":"[7:49:44.767 PM]: Connection[id: 42dfe67a-c7ee-43f9-a1c8-05e97986749c] - connection established successfully after 686.42 milliseconds"}
{"level":"INFO","message":"[7:49:50.139 PM]: Creating new connection object"}
{"level":"INFO","message":"[7:49:50.143 PM]: Creating Connection[id: 3ca6eff6-37ab-4aa7-a16a-f60bfe085891] with host: fya14544.snowflakecomputing.com, account: fya14544, accessUrl: https://fya14544.snowflakecomputing.com, user: EPIC_DEV, role: EPIC_DEV_ROLE, database: TEST_DEVELOPMENT_ENVIROMENT, schema: DEV_SCHEMA, warehouse: , proxy was not configured, password is provided, region: undefined, authenticator: SNOWFLAKE, ocsp mode: FAIL_OPEN, os: darwin, os version: 25.4.0"}
{"level":"INFO","message":"[7:49:50.143 PM]: Connection[id: 3ca6eff6-37ab-4aa7-a16a-f60bfe085891] additional details: passcode in password is provided, passcode is not provided, private key is not provided, application: undefined, client name: snowflake-sdk, client version: 2.4.0, retry timeout: 300, private key path: undefined, private key pass is not provided, client store temporary credential: false, browser response timeout: 120000"}
{"level":"INFO","message":"[7:49:50.143 PM]: Connection[id: 3ca6eff6-37ab-4aa7-a16a-f60bfe085891] - connection object created successfully."}
{"level":"INFO","message":"[7:49:50.144 PM]: Connection[id: 3ca6eff6-37ab-4aa7-a16a-f60bfe085891] - async connecting. Associated Snowflake domain: GLOBAL"}
{"level":"INFO","message":"[7:49:50.144 PM]: Trying to initialize Easy Logging"}
{"level":"INFO","message":"[7:49:50.145 PM]: No client config detected."}
{"level":"INFO","message":"[7:49:50.145 PM]: No config file path found. Client config will not be used."}
{"level":"INFO","message":"[7:49:50.145 PM]: Easy Logging is disabled as no config has been found"}
{"level":"INFO","message":"[7:49:50.145 PM]: Connection[id: 3ca6eff6-37ab-4aa7-a16a-f60bfe085891] - authentication successful using: SNOWFLAKE"}
{"level":"INFO","message":"[7:49:50.666 PM]: Connection[id: 3ca6eff6-37ab-4aa7-a16a-f60bfe085891] - connection established successfully after 522 milliseconds"}
{"level":"INFO","message":"[7:56:32.117 PM]: Creating new connection object"}
{"level":"INFO","message":"[7:56:32.122 PM]: Creating Connection[id: ff05edd7-f551-4930-a730-8f491240d1ff] with host: fya14544.snowflakecomputing.com, account: fya14544, accessUrl: https://fya14544.snowflakecomputing.com, user: EPIC_DEV, role: EPIC_DEV_ROLE, database: TEST_DEVELOPMENT_ENVIROMENT, schema: DEV_SCHEMA, warehouse: , proxy was not configured, password is provided, region: undefined, authenticator: SNOWFLAKE, ocsp mode: FAIL_OPEN, os: darwin, os version: 25.4.0"}
{"level":"INFO","message":"[7:56:32.122 PM]: Connection[id: ff05edd7-f551-4930-a730-8f491240d1ff] additional details: passcode in password is provided, passcode is not provided, private key is not provided, application: undefined, client name: snowflake-sdk, client version: 2.4.0, retry timeout: 300, private key path: undefined, private key pass is not provided, client store temporary credential: false, browser response timeout: 120000"}
{"level":"INFO","message":"[7:56:32.122 PM]: Connection[id: ff05edd7-f551-4930-a730-8f491240d1ff] - connection object created successfully."}
{"level":"INFO","message":"[7:56:32.122 PM]: Connection[id: ff05edd7-f551-4930-a730-8f491240d1ff] - async connecting. Associated Snowflake domain: GLOBAL"}
{"level":"INFO","message":"[7:56:32.122 PM]: Trying to initialize Easy Logging"}
{"level":"INFO","message":"[7:56:32.137 PM]: No client config detected."}
{"level":"INFO","message":"[7:56:32.137 PM]: No config file path found. Client config will not be used."}
{"level":"INFO","message":"[7:56:32.137 PM]: Easy Logging is disabled as no config has been found"}
{"level":"INFO","message":"[7:56:32.137 PM]: Connection[id: ff05edd7-f551-4930-a730-8f491240d1ff] - authentication successful using: SNOWFLAKE"}
{"level":"INFO","message":"[7:56:32.826 PM]: Connection[id: ff05edd7-f551-4930-a730-8f491240d1ff] - connection established successfully after 703.54 milliseconds"}
{"level":"INFO","message":"[7:56:36.281 PM]: Creating new connection object"}
{"level":"INFO","message":"[7:56:36.283 PM]: Creating Connection[id: ccafd59c-dc18-424a-b73d-d8e1741f15a0] with host: fya14544.snowflakecomputing.com, account: fya14544, accessUrl: https://fya14544.snowflakecomputing.com, user: EPIC_DEV, role: EPIC_DEV_ROLE, database: TEST_DEVELOPMENT_ENVIROMENT, schema: DEV_SCHEMA, warehouse: , proxy was not configured, password is provided, region: undefined, authenticator: SNOWFLAKE, ocsp mode: FAIL_OPEN, os: darwin, os version: 25.4.0"}
{"level":"INFO","message":"[7:56:36.283 PM]: Connection[id: ccafd59c-dc18-424a-b73d-d8e1741f15a0] additional details: passcode in password is provided, passcode is not provided, private key is not provided, application: undefined, client name: snowflake-sdk, client version: 2.4.0, retry timeout: 300, private key path: undefined, private key pass is not provided, client store temporary credential: false, browser response timeout: 120000"}
{"level":"INFO","message":"[7:56:36.283 PM]: Connection[id: ccafd59c-dc18-424a-b73d-d8e1741f15a0] - connection object created successfully."}
{"level":"INFO","message":"[7:56:36.284 PM]: Connection[id: ccafd59c-dc18-424a-b73d-d8e1741f15a0] - async connecting. Associated Snowflake domain: GLOBAL"}
{"level":"INFO","message":"[7:56:36.284 PM]: Trying to initialize Easy Logging"}
{"level":"INFO","message":"[7:56:36.285 PM]: No client config detected."}
{"level":"INFO","message":"[7:56:36.285 PM]: No config file path found. Client config will not be used."}
{"level":"INFO","message":"[7:56:36.285 PM]: Easy Logging is disabled as no config has been found"}
{"level":"INFO","message":"[7:56:36.285 PM]: Connection[id: ccafd59c-dc18-424a-b73d-d8e1741f15a0] - authentication successful using: SNOWFLAKE"}
{"level":"INFO","message":"[7:56:36.879 PM]: Connection[id: ccafd59c-dc18-424a-b73d-d8e1741f15a0] - connection established successfully after 594.53 milliseconds"}
{"level":"INFO","message":"[8:10:06.382 PM]: Creating new connection object"}
{"level":"INFO","message":"[8:10:06.385 PM]: Creating Connection[id: bccc0052-1236-469f-b0f3-d217c5398fd1] with host: fya14544.snowflakecomputing.com, account: fya14544, accessUrl: https://fya14544.snowflakecomputing.com, user: EPIC_DEV, role: EPIC_DEV_ROLE, database: TEST_DEVELOPMENT_ENVIROMENT, schema: DEV_SCHEMA, warehouse: , proxy was not configured, password is provided, region: undefined, authenticator: SNOWFLAKE, ocsp mode: FAIL_OPEN, os: darwin, os version: 25.4.0"}
{"level":"INFO","message":"[8:10:06.385 PM]: Connection[id: bccc0052-1236-469f-b0f3-d217c5398fd1] additional details: passcode in password is provided, passcode is not provided, private key is not provided, application: undefined, client name: snowflake-sdk, client version: 2.4.0, retry timeout: 300, private key path: undefined, private key pass is not provided, client store temporary credential: false, browser response timeout: 120000"}
{"level":"INFO","message":"[8:10:06.386 PM]: Connection[id: bccc0052-1236-469f-b0f3-d217c5398fd1] - connection object created successfully."}
{"level":"INFO","message":"[8:10:06.386 PM]: Connection[id: bccc0052-1236-469f-b0f3-d217c5398fd1] - async connecting. Associated Snowflake domain: GLOBAL"}
{"level":"INFO","message":"[8:10:06.386 PM]: Trying to initialize Easy Logging"}
{"level":"INFO","message":"[8:10:06.395 PM]: No client config detected."}
{"level":"INFO","message":"[8:10:06.395 PM]: No config file path found. Client config will not be used."}
{"level":"INFO","message":"[8:10:06.395 PM]: Easy Logging is disabled as no config has been found"}
{"level":"INFO","message":"[8:10:06.395 PM]: Connection[id: bccc0052-1236-469f-b0f3-d217c5398fd1] - authentication successful using: SNOWFLAKE"}
{"level":"INFO","message":"[8:10:07.032 PM]: Connection[id: bccc0052-1236-469f-b0f3-d217c5398fd1] - connection established successfully after 645.61 milliseconds"}
{"level":"INFO","message":"[8:10:16.319 PM]: Creating new connection object"}
{"level":"INFO","message":"[8:10:16.323 PM]: Creating Connection[id: 50417e3c-efbe-4d6c-8271-b1e90f2735de] with host: fya14544.snowflakecomputing.com, account: fya14544, accessUrl: https://fya14544.snowflakecomputing.com, user: EPIC_DEV, role: EPIC_DEV_ROLE, database: TEST_DEVELOPMENT_ENVIROMENT, schema: DEV_SCHEMA, warehouse: , proxy was not configured, password is provided, region: undefined, authenticator: SNOWFLAKE, ocsp mode: FAIL_OPEN, os: darwin, os version: 25.4.0"}
{"level":"INFO","message":"[8:10:16.323 PM]: Connection[id: 50417e3c-efbe-4d6c-8271-b1e90f2735de] additional details: passcode in password is provided, passcode is not provided, private key is not provided, application: undefined, client name: snowflake-sdk, client version: 2.4.0, retry timeout: 300, private key path: undefined, private key pass is not provided, client store temporary credential: false, browser response timeout: 120000"}
{"level":"INFO","message":"[8:10:16.324 PM]: Connection[id: 50417e3c-efbe-4d6c-8271-b1e90f2735de] - connection object created successfully."}
{"level":"INFO","message":"[8:10:16.324 PM]: Connection[id: 50417e3c-efbe-4d6c-8271-b1e90f2735de] - async connecting. Associated Snowflake domain: GLOBAL"}
{"level":"INFO","message":"[8:10:16.324 PM]: Trying to initialize Easy Logging"}
{"level":"INFO","message":"[8:10:16.325 PM]: No client config detected."}
{"level":"INFO","message":"[8:10:16.325 PM]: No config file path found. Client config will not be used."}
{"level":"INFO","message":"[8:10:16.325 PM]: Easy Logging is disabled as no config has been found"}
{"level":"INFO","message":"[8:10:16.325 PM]: Connection[id: 50417e3c-efbe-4d6c-8271-b1e90f2735de] - authentication successful using: SNOWFLAKE"}
{"level":"INFO","message":"[8:10:16.672 PM]: Connection[id: 50417e3c-efbe-4d6c-8271-b1e90f2735de] - connection established successfully after 348.13 milliseconds"}
{"level":"INFO","message":"[8:45:24.019 PM]: Creating new connection object"}
{"level":"INFO","message":"[8:45:24.022 PM]: Creating Connection[id: 4ae270c0-5bd1-4eac-becb-27c44db5be01] with host: fya14544.snowflakecomputing.com, account: fya14544, accessUrl: https://fya14544.snowflakecomputing.com, user: EPIC_DEV, role: EPIC_DEV_ROLE, database: TEST_DEVELOPMENT_ENVIROMENT, schema: DEV_SCHEMA, warehouse: , proxy was not configured, password is provided, region: undefined, authenticator: SNOWFLAKE, ocsp mode: FAIL_OPEN, os: darwin, os version: 25.4.0"}
{"level":"INFO","message":"[8:45:24.022 PM]: Connection[id: 4ae270c0-5bd1-4eac-becb-27c44db5be01] additional details: passcode in password is provided, passcode is not provided, private key is not provided, application: undefined, client name: snowflake-sdk, client version: 2.4.0, retry timeout: 300, private key path: undefined, private key pass is not provided, client store temporary credential: false, browser response timeout: 120000"}
{"level":"INFO","message":"[8:45:24.022 PM]: Connection[id: 4ae270c0-5bd1-4eac-becb-27c44db5be01] - connection object created successfully."}
{"level":"INFO","message":"[8:45:24.023 PM]: Connection[id: 4ae270c0-5bd1-4eac-becb-27c44db5be01] - async connecting. Associated Snowflake domain: GLOBAL"}
{"level":"INFO","message":"[8:45:24.023 PM]: Trying to initialize Easy Logging"}
{"level":"INFO","message":"[8:45:24.024 PM]: No client config detected."}
{"level":"INFO","message":"[8:45:24.024 PM]: No config file path found. Client config will not be used."}
{"level":"INFO","message":"[8:45:24.024 PM]: Easy Logging is disabled as no config has been found"}
{"level":"INFO","message":"[8:45:24.024 PM]: Connection[id: 4ae270c0-5bd1-4eac-becb-27c44db5be01] - authentication successful using: SNOWFLAKE"}
{"level":"INFO","message":"[8:45:25.158 PM]: Connection[id: 4ae270c0-5bd1-4eac-becb-27c44db5be01] - connection established successfully after 1135.55 milliseconds"}
{"level":"INFO","message":"[8:45:25.869 PM]: Creating new connection object"}
{"level":"INFO","message":"[8:45:25.872 PM]: Creating Connection[id: ee5fa0f7-4ad7-44ad-affd-d8b15254f29b] with host: fya14544.snowflakecomputing.com, account: fya14544, accessUrl: https://fya14544.snowflakecomputing.com, user: EPIC_DEV, role: EPIC_DEV_ROLE, database: TEST_DEVELOPMENT_ENVIROMENT, schema: DEV_SCHEMA, warehouse: , proxy was not configured, password is provided, region: undefined, authenticator: SNOWFLAKE, ocsp mode: FAIL_OPEN, os: darwin, os version: 25.4.0"}
{"level":"INFO","message":"[8:45:25.872 PM]: Connection[id: ee5fa0f7-4ad7-44ad-affd-d8b15254f29b] additional details: passcode in password is provided, passcode is not provided, private key is not provided, application: undefined, client name: snowflake-sdk, client version: 2.4.0, retry timeout: 300, private key path: undefined, private key pass is not provided, client store temporary credential: false, browser response timeout: 120000"}
{"level":"INFO","message":"[8:45:25.872 PM]: Connection[id: ee5fa0f7-4ad7-44ad-affd-d8b15254f29b] - connection object created successfully."}
{"level":"INFO","message":"[8:45:25.872 PM]: Connection[id: ee5fa0f7-4ad7-44ad-affd-d8b15254f29b] - async connecting. Associated Snowflake domain: GLOBAL"}
{"level":"INFO","message":"[8:45:25.872 PM]: Trying to initialize Easy Logging"}
{"level":"INFO","message":"[8:45:25.873 PM]: No client config detected."}
{"level":"INFO","message":"[8:45:25.874 PM]: No config file path found. Client config will not be used."}
{"level":"INFO","message":"[8:45:25.874 PM]: Easy Logging is disabled as no config has been found"}
{"level":"INFO","message":"[8:45:25.874 PM]: Connection[id: ee5fa0f7-4ad7-44ad-affd-d8b15254f29b] - authentication successful using: SNOWFLAKE"}
{"level":"INFO","message":"[8:45:26.649 PM]: Connection[id: ee5fa0f7-4ad7-44ad-affd-d8b15254f29b] - connection established successfully after 776.43 milliseconds"}
{"level":"INFO","message":"[8:45:47.959 PM]: Creating new connection object"}
{"level":"INFO","message":"[8:45:47.961 PM]: Creating Connection[id: adb7caab-9be8-4433-a8d4-6a0d572ac4bb] with host: fya14544.snowflakecomputing.com, account: fya14544, accessUrl: https://fya14544.snowflakecomputing.com, user: EPIC_DEV, role: EPIC_DEV_ROLE, database: TEST_DEVELOPMENT_ENVIROMENT, schema: DEV_SCHEMA, warehouse: , proxy was not configured, password is provided, region: undefined, authenticator: SNOWFLAKE, ocsp mode: FAIL_OPEN, os: darwin, os version: 25.4.0"}
{"level":"INFO","message":"[8:45:47.961 PM]: Connection[id: adb7caab-9be8-4433-a8d4-6a0d572ac4bb] additional details: passcode in password is provided, passcode is not provided, private key is not provided, application: undefined, client name: snowflake-sdk, client version: 2.4.0, retry timeout: 300, private key path: undefined, private key pass is not provided, client store temporary credential: false, browser response timeout: 120000"}
{"level":"INFO","message":"[8:45:47.962 PM]: Connection[id: adb7caab-9be8-4433-a8d4-6a0d572ac4bb] - connection object created successfully."}
{"level":"INFO","message":"[8:45:47.962 PM]: Connection[id: adb7caab-9be8-4433-a8d4-6a0d572ac4bb] - async connecting. Associated Snowflake domain: GLOBAL"}
{"level":"INFO","message":"[8:45:47.963 PM]: Trying to initialize Easy Logging"}
{"level":"INFO","message":"[8:45:47.964 PM]: No client config detected."}
{"level":"INFO","message":"[8:45:47.964 PM]: No config file path found. Client config will not be used."}
{"level":"INFO","message":"[8:45:47.964 PM]: Easy Logging is disabled as no config has been found"}
{"level":"INFO","message":"[8:45:47.964 PM]: Connection[id: adb7caab-9be8-4433-a8d4-6a0d572ac4bb] - authentication successful using: SNOWFLAKE"}
{"level":"INFO","message":"[8:45:48.623 PM]: Connection[id: adb7caab-9be8-4433-a8d4-6a0d572ac4bb] - connection established successfully after 660.21 milliseconds"}
{"level":"INFO","message":"[8:45:50.135 PM]: Creating new connection object"}
{"level":"INFO","message":"[8:45:50.140 PM]: Creating Connection[id: f174df99-a12a-4514-914c-4348eceb248d] with host: fya14544.snowflakecomputing.com, account: fya14544, accessUrl: https://fya14544.snowflakecomputing.com, user: EPIC_DEV, role: EPIC_DEV_ROLE, database: TEST_DEVELOPMENT_ENVIROMENT, schema: DEV_SCHEMA, warehouse: , proxy was not configured, password is provided, region: undefined, authenticator: SNOWFLAKE, ocsp mode: FAIL_OPEN, os: darwin, os version: 25.4.0"}
{"level":"INFO","message":"[8:45:50.140 PM]: Connection[id: f174df99-a12a-4514-914c-4348eceb248d] additional details: passcode in password is provided, passcode is not provided, private key is not provided, application: undefined, client name: snowflake-sdk, client version: 2.4.0, retry timeout: 300, private key path: undefined, private key pass is not provided, client store temporary credential: false, browser response timeout: 120000"}
{"level":"INFO","message":"[8:45:50.140 PM]: Connection[id: f174df99-a12a-4514-914c-4348eceb248d] - connection object created successfully."}
{"level":"INFO","message":"[8:45:50.140 PM]: Connection[id: f174df99-a12a-4514-914c-4348eceb248d] - async connecting. Associated Snowflake domain: GLOBAL"}
{"level":"INFO","message":"[8:45:50.140 PM]: Trying to initialize Easy Logging"}
{"level":"INFO","message":"[8:45:50.141 PM]: No client config detected."}
{"level":"INFO","message":"[8:45:50.141 PM]: No config file path found. Client config will not be used."}
{"level":"INFO","message":"[8:45:50.141 PM]: Easy Logging is disabled as no config has been found"}
{"level":"INFO","message":"[8:45:50.141 PM]: Connection[id: f174df99-a12a-4514-914c-4348eceb248d] - authentication successful using: SNOWFLAKE"}
{"level":"INFO","message":"[8:45:50.480 PM]: Connection[id: f174df99-a12a-4514-914c-4348eceb248d] - connection established successfully after 340.18 milliseconds"}
{"level":"INFO","message":"[9:18:20.320 AM]: Creating new connection object"}
{"level":"INFO","message":"[9:18:20.322 AM]: Creating Connection[id: 54b2c319-0f8c-4464-a13d-1bef8cceb494] with host: fya14544.snowflakecomputing.com, account: fya14544, accessUrl: https://fya14544.snowflakecomputing.com, user: EPIC_DEV, role: EPIC_DEV_ROLE, database: TEST_DEVELOPMENT_ENVIROMENT, schema: DEV_SCHEMA, warehouse: , proxy was not configured, password is provided, region: undefined, authenticator: SNOWFLAKE, ocsp mode: FAIL_OPEN, os: darwin, os version: 25.4.0"}
{"level":"INFO","message":"[9:18:20.322 AM]: Connection[id: 54b2c319-0f8c-4464-a13d-1bef8cceb494] additional details: passcode in password is provided, passcode is not provided, private key is not provided, application: undefined, client name: snowflake-sdk, client version: 2.4.0, retry timeout: 300, private key path: undefined, private key pass is not provided, client store temporary credential: false, browser response timeout: 120000"}
{"level":"INFO","message":"[9:18:20.323 AM]: Connection[id: 54b2c319-0f8c-4464-a13d-1bef8cceb494] - connection object created successfully."}
{"level":"INFO","message":"[9:18:20.323 AM]: Connection[id: 54b2c319-0f8c-4464-a13d-1bef8cceb494] - async connecting. Associated Snowflake domain: GLOBAL"}
{"level":"INFO","message":"[9:18:20.323 AM]: Trying to initialize Easy Logging"}
{"level":"INFO","message":"[9:18:20.325 AM]: No client config detected."}
{"level":"INFO","message":"[9:18:20.325 AM]: No config file path found. Client config will not be used."}
{"level":"INFO","message":"[9:18:20.325 AM]: Easy Logging is disabled as no config has been found"}
{"level":"INFO","message":"[9:18:20.325 AM]: Connection[id: 54b2c319-0f8c-4464-a13d-1bef8cceb494] - authentication successful using: SNOWFLAKE"}
{"level":"INFO","message":"[9:18:21.122 AM]: Connection[id: 54b2c319-0f8c-4464-a13d-1bef8cceb494] - connection established successfully after 798.21 milliseconds"}
{"level":"INFO","message":"[9:20:18.785 AM]: Creating new connection object"}
{"level":"INFO","message":"[9:20:18.790 AM]: Creating Connection[id: d2a8e755-343a-4e03-ba30-da1fcd717dfe] with host: fya14544.snowflakecomputing.com, account: fya14544, accessUrl: https://fya14544.snowflakecomputing.com, user: EPIC_DEV, role: EPIC_DEV_ROLE, database: TEST_DEVELOPMENT_ENVIROMENT, schema: DEV_SCHEMA, warehouse: , proxy was not configured, password is provided, region: undefined, authenticator: SNOWFLAKE, ocsp mode: FAIL_OPEN, os: darwin, os version: 25.4.0"}
{"level":"INFO","message":"[9:20:18.790 AM]: Connection[id: d2a8e755-343a-4e03-ba30-da1fcd717dfe] additional details: passcode in password is provided, passcode is not provided, private key is not provided, application: undefined, client name: snowflake-sdk, client version: 2.4.0, retry timeout: 300, private key path: undefined, private key pass is not provided, client store temporary credential: false, browser response timeout: 120000"}
{"level":"INFO","message":"[9:20:18.791 AM]: Connection[id: d2a8e755-343a-4e03-ba30-da1fcd717dfe] - connection object created successfully."}
{"level":"INFO","message":"[9:20:18.791 AM]: Connection[id: d2a8e755-343a-4e03-ba30-da1fcd717dfe] - async connecting. Associated Snowflake domain: GLOBAL"}
{"level":"INFO","message":"[9:20:18.791 AM]: Trying to initialize Easy Logging"}
{"level":"INFO","message":"[9:20:18.792 AM]: No client config detected."}
{"level":"INFO","message":"[9:20:18.792 AM]: No config file path found. Client config will not be used."}
{"level":"INFO","message":"[9:20:18.792 AM]: Easy Logging is disabled as no config has been found"}
{"level":"INFO","message":"[9:20:18.792 AM]: Connection[id: d2a8e755-343a-4e03-ba30-da1fcd717dfe] - authentication successful using: SNOWFLAKE"}
{"level":"INFO","message":"[9:20:19.414 AM]: Connection[id: d2a8e755-343a-4e03-ba30-da1fcd717dfe] - connection established successfully after 623.57 milliseconds"}
{"level":"INFO","message":"[9:51:57.762 AM]: Creating new connection object"}
{"level":"INFO","message":"[9:51:57.764 AM]: Creating Connection[id: 214cd537-4cc3-4aec-9849-c3abca48e29f] with host: fya14544.snowflakecomputing.com, account: fya14544, accessUrl: https://fya14544.snowflakecomputing.com, user: EPIC_DEV, role: EPIC_DEV_ROLE, database: TEST_DEVELOPMENT_ENVIROMENT, schema: DEV_SCHEMA, warehouse: , proxy was not configured, password is provided, region: undefined, authenticator: SNOWFLAKE, ocsp mode: FAIL_OPEN, os: darwin, os version: 25.4.0"}
{"level":"INFO","message":"[9:51:57.765 AM]: Connection[id: 214cd537-4cc3-4aec-9849-c3abca48e29f] additional details: passcode in password is provided, passcode is not provided, private key is not provided, application: undefined, client name: snowflake-sdk, client version: 2.4.0, retry timeout: 300, private key path: undefined, private key pass is not provided, client store temporary credential: false, browser response timeout: 120000"}
{"level":"INFO","message":"[9:51:57.765 AM]: Connection[id: 214cd537-4cc3-4aec-9849-c3abca48e29f] - connection object created successfully."}
{"level":"INFO","message":"[9:51:57.766 AM]: Connection[id: 214cd537-4cc3-4aec-9849-c3abca48e29f] - async connecting. Associated Snowflake domain: GLOBAL"}
{"level":"INFO","message":"[9:51:57.766 AM]: Trying to initialize Easy Logging"}
{"level":"INFO","message":"[9:51:57.768 AM]: No client config detected."}
{"level":"INFO","message":"[9:51:57.768 AM]: No config file path found. Client config will not be used."}
{"level":"INFO","message":"[9:51:57.769 AM]: Easy Logging is disabled as no config has been found"}
{"level":"INFO","message":"[9:51:57.769 AM]: Connection[id: 214cd537-4cc3-4aec-9849-c3abca48e29f] - authentication successful using: SNOWFLAKE"}
{"level":"INFO","message":"[9:51:58.385 AM]: Connection[id: 214cd537-4cc3-4aec-9849-c3abca48e29f] - connection established successfully after 619.46 milliseconds"}
{"level":"INFO","message":"[9:53:07.517 AM]: Creating new connection object"}
{"level":"INFO","message":"[9:53:07.519 AM]: Creating Connection[id: 1c9ed25e-e98d-432e-8e42-2cdc3ee60143] with host: fya14544.snowflakecomputing.com, account: fya14544, accessUrl: https://fya14544.snowflakecomputing.com, user: EPIC_DEV, role: EPIC_DEV_ROLE, database: TEST_DEVELOPMENT_ENVIROMENT, schema: DEV_SCHEMA, warehouse: , proxy was not configured, password is provided, region: undefined, authenticator: SNOWFLAKE, ocsp mode: FAIL_OPEN, os: darwin, os version: 25.4.0"}
{"level":"INFO","message":"[9:53:07.519 AM]: Connection[id: 1c9ed25e-e98d-432e-8e42-2cdc3ee60143] additional details: passcode in password is provided, passcode is not provided, private key is not provided, application: undefined, client name: snowflake-sdk, client version: 2.4.0, retry timeout: 300, private key path: undefined, private key pass is not provided, client store temporary credential: false, browser response timeout: 120000"}
{"level":"INFO","message":"[9:53:07.519 AM]: Connection[id: 1c9ed25e-e98d-432e-8e42-2cdc3ee60143] - connection object created successfully."}
{"level":"INFO","message":"[9:53:07.520 AM]: Connection[id: 1c9ed25e-e98d-432e-8e42-2cdc3ee60143] - async connecting. Associated Snowflake domain: GLOBAL"}
{"level":"INFO","message":"[9:53:07.520 AM]: Trying to initialize Easy Logging"}
{"level":"INFO","message":"[9:53:07.521 AM]: No client config detected."}
{"level":"INFO","message":"[9:53:07.521 AM]: No config file path found. Client config will not be used."}
{"level":"INFO","message":"[9:53:07.521 AM]: Easy Logging is disabled as no config has been found"}
{"level":"INFO","message":"[9:53:07.521 AM]: Connection[id: 1c9ed25e-e98d-432e-8e42-2cdc3ee60143] - authentication successful using: SNOWFLAKE"}
{"level":"INFO","message":"[9:53:08.226 AM]: Connection[id: 1c9ed25e-e98d-432e-8e42-2cdc3ee60143] - connection established successfully after 706.65 milliseconds"}
{"level":"INFO","message":"[9:58:34.067 AM]: Creating new connection object"}
{"level":"INFO","message":"[9:58:34.070 AM]: Creating Connection[id: a1d5c864-c151-482c-b4e0-0386e1e46d98] with host: fya14544.snowflakecomputing.com, account: fya14544, accessUrl: https://fya14544.snowflakecomputing.com, user: EPIC_DEV, role: EPIC_DEV_ROLE, database: TEST_DEVELOPMENT_ENVIROMENT, schema: DEV_SCHEMA, warehouse: , proxy was not configured, password is provided, region: undefined, authenticator: SNOWFLAKE, ocsp mode: FAIL_OPEN, os: darwin, os version: 25.4.0"}
{"level":"INFO","message":"[9:58:34.070 AM]: Connection[id: a1d5c864-c151-482c-b4e0-0386e1e46d98] additional details: passcode in password is provided, passcode is not provided, private key is not provided, application: undefined, client name: snowflake-sdk, client version: 2.4.0, retry timeout: 300, private key path: undefined, private key pass is not provided, client store temporary credential: false, browser response timeout: 120000"}
{"level":"INFO","message":"[9:58:34.070 AM]: Connection[id: a1d5c864-c151-482c-b4e0-0386e1e46d98] - connection object created successfully."}
{"level":"INFO","message":"[9:58:34.071 AM]: Connection[id: a1d5c864-c151-482c-b4e0-0386e1e46d98] - async connecting. Associated Snowflake domain: GLOBAL"}
{"level":"INFO","message":"[9:58:34.071 AM]: Trying to initialize Easy Logging"}
{"level":"INFO","message":"[9:58:34.072 AM]: No client config detected."}
{"level":"INFO","message":"[9:58:34.072 AM]: No config file path found. Client config will not be used."}
{"level":"INFO","message":"[9:58:34.072 AM]: Easy Logging is disabled as no config has been found"}
{"level":"INFO","message":"[9:58:34.073 AM]: Connection[id: a1d5c864-c151-482c-b4e0-0386e1e46d98] - authentication successful using: SNOWFLAKE"}
{"level":"INFO","message":"[9:58:34.772 AM]: Connection[id: a1d5c864-c151-482c-b4e0-0386e1e46d98] - connection established successfully after 700.84 milliseconds"}
{"level":"INFO","message":"[10:11:26.713 AM]: Creating new connection object"}
{"level":"INFO","message":"[10:11:26.718 AM]: Creating Connection[id: 27a9d006-edaf-4cc2-af88-555d09705f58] with host: fya14544.snowflakecomputing.com, account: fya14544, accessUrl: https://fya14544.snowflakecomputing.com, user: EPIC_DEV, role: EPIC_DEV_ROLE, database: TEST_DEVELOPMENT_ENVIROMENT, schema: DEV_SCHEMA, warehouse: , proxy was not configured, password is provided, region: undefined, authenticator: SNOWFLAKE, ocsp mode: FAIL_OPEN, os: darwin, os version: 25.4.0"}
{"level":"INFO","message":"[10:11:26.719 AM]: Connection[id: 27a9d006-edaf-4cc2-af88-555d09705f58] additional details: passcode in password is provided, passcode is not provided, private key is not provided, application: undefined, client name: snowflake-sdk, client version: 2.4.0, retry timeout: 300, private key path: undefined, private key pass is not provided, client store temporary credential: false, browser response timeout: 120000"}
{"level":"INFO","message":"[10:11:26.719 AM]: Connection[id: 27a9d006-edaf-4cc2-af88-555d09705f58] - connection object created successfully."}
{"level":"INFO","message":"[10:11:26.719 AM]: Connection[id: 27a9d006-edaf-4cc2-af88-555d09705f58] - async connecting. Associated Snowflake domain: GLOBAL"}
{"level":"INFO","message":"[10:11:26.719 AM]: Trying to initialize Easy Logging"}
{"level":"INFO","message":"[10:11:26.721 AM]: No client config detected."}
{"level":"INFO","message":"[10:11:26.721 AM]: No config file path found. Client config will not be used."}
{"level":"INFO","message":"[10:11:26.721 AM]: Easy Logging is disabled as no config has been found"}
{"level":"INFO","message":"[10:11:26.721 AM]: Connection[id: 27a9d006-edaf-4cc2-af88-555d09705f58] - authentication successful using: SNOWFLAKE"}
{"level":"INFO","message":"[10:11:27.265 AM]: Connection[id: 27a9d006-edaf-4cc2-af88-555d09705f58] - connection established successfully after 546.22 milliseconds"}
{"level":"INFO","message":"[12:42:28.388 PM]: Creating new connection object"}
{"level":"INFO","message":"[12:42:28.391 PM]: Creating Connection[id: 1bcf2585-5270-4ec3-b07b-674ac8c8ec5a] with host: fya14544.snowflakecomputing.com, account: fya14544, accessUrl: https://fya14544.snowflakecomputing.com, user: EPIC_DEV, role: EPIC_DEV_ROLE, database: TEST_DEVELOPMENT_ENVIROMENT, schema: DEV_SCHEMA, warehouse: , proxy was not configured, password is provided, region: undefined, authenticator: SNOWFLAKE, ocsp mode: FAIL_OPEN, os: darwin, os version: 25.4.0"}
{"level":"INFO","message":"[12:42:28.391 PM]: Connection[id: 1bcf2585-5270-4ec3-b07b-674ac8c8ec5a] additional details: passcode in password is provided, passcode is not provided, private key is not provided, application: undefined, client name: snowflake-sdk, client version: 2.4.0, retry timeout: 300, private key path: undefined, private key pass is not provided, client store temporary credential: false, browser response timeout: 120000"}
{"level":"INFO","message":"[12:42:28.391 PM]: Connection[id: 1bcf2585-5270-4ec3-b07b-674ac8c8ec5a] - connection object created successfully."}
{"level":"INFO","message":"[12:42:28.392 PM]: Connection[id: 1bcf2585-5270-4ec3-b07b-674ac8c8ec5a] - async connecting. Associated Snowflake domain: GLOBAL"}
{"level":"INFO","message":"[12:42:28.392 PM]: Trying to initialize Easy Logging"}
{"level":"INFO","message":"[12:42:28.394 PM]: No client config detected."}
{"level":"INFO","message":"[12:42:28.394 PM]: No config file path found. Client config will not be used."}
{"level":"INFO","message":"[12:42:28.394 PM]: Easy Logging is disabled as no config has been found"}
{"level":"INFO","message":"[12:42:28.394 PM]: Connection[id: 1bcf2585-5270-4ec3-b07b-674ac8c8ec5a] - authentication successful using: SNOWFLAKE"}
{"level":"INFO","message":"[12:42:29.242 PM]: Connection[id: 1bcf2585-5270-4ec3-b07b-674ac8c8ec5a] - connection established successfully after 850.45 milliseconds"}
{"level":"INFO","message":"[12:53:27.337 PM]: Creating new connection object"}
{"level":"INFO","message":"[12:53:27.338 PM]: Creating Connection[id: f45ac597-9bf6-4ee6-acde-2add48f3de37] with host: fya14544.snowflakecomputing.com, account: fya14544, accessUrl: https://fya14544.snowflakecomputing.com, user: EPIC_DEV, role: EPIC_DEV_ROLE, database: TEST_DEVELOPMENT_ENVIROMENT, schema: DEV_SCHEMA, warehouse: , proxy was not configured, password is provided, region: undefined, authenticator: SNOWFLAKE, ocsp mode: FAIL_OPEN, os: darwin, os version: 25.4.0"}
{"level":"INFO","message":"[12:53:27.338 PM]: Connection[id: f45ac597-9bf6-4ee6-acde-2add48f3de37] additional details: passcode in password is provided, passcode is not provided, private key is not provided, application: undefined, client name: snowflake-sdk, client version: 2.4.0, retry timeout: 300, private key path: undefined, private key pass is not provided, client store temporary credential: false, browser response timeout: 120000"}
{"level":"INFO","message":"[12:53:27.338 PM]: Connection[id: f45ac597-9bf6-4ee6-acde-2add48f3de37] - connection object created successfully."}
{"level":"INFO","message":"[12:53:27.338 PM]: Connection[id: f45ac597-9bf6-4ee6-acde-2add48f3de37] - async connecting. Associated Snowflake domain: GLOBAL"}
{"level":"INFO","message":"[12:53:27.339 PM]: Trying to initialize Easy Logging"}
{"level":"INFO","message":"[12:53:27.340 PM]: No client config detected."}
{"level":"INFO","message":"[12:53:27.340 PM]: No config file path found. Client config will not be used."}
{"level":"INFO","message":"[12:53:27.340 PM]: Easy Logging is disabled as no config has been found"}
{"level":"INFO","message":"[12:53:27.340 PM]: Connection[id: f45ac597-9bf6-4ee6-acde-2add48f3de37] - authentication successful using: SNOWFLAKE"}
{"level":"INFO","message":"[12:53:27.955 PM]: Connection[id: f45ac597-9bf6-4ee6-acde-2add48f3de37] - connection established successfully after 616.34 milliseconds"}
{"level":"INFO","message":"[1:22:54.562 PM]: Creating new connection object"}
{"level":"INFO","message":"[1:22:54.568 PM]: Creating Connection[id: 722fecf0-22b6-40c6-9309-8178bb454154] with host: fya14544.snowflakecomputing.com, account: fya14544, accessUrl: https://fya14544.snowflakecomputing.com, user: EPIC_DEV, role: EPIC_DEV_ROLE, database: TEST_DEVELOPMENT_ENVIROMENT, schema: DEV_SCHEMA, warehouse: , proxy was not configured, password is provided, region: undefined, authenticator: SNOWFLAKE, ocsp mode: FAIL_OPEN, os: darwin, os version: 25.4.0"}
{"level":"INFO","message":"[1:22:54.568 PM]: Connection[id: 722fecf0-22b6-40c6-9309-8178bb454154] additional details: passcode in password is provided, passcode is not provided, private key is not provided, application: undefined, client name: snowflake-sdk, client version: 2.4.0, retry timeout: 300, private key path: undefined, private key pass is not provided, client store temporary credential: false, browser response timeout: 120000"}
{"level":"INFO","message":"[1:22:54.568 PM]: Connection[id: 722fecf0-22b6-40c6-9309-8178bb454154] - connection object created successfully."}
{"level":"INFO","message":"[1:22:54.568 PM]: Connection[id: 722fecf0-22b6-40c6-9309-8178bb454154] - async connecting. Associated Snowflake domain: GLOBAL"}
{"level":"INFO","message":"[1:22:54.569 PM]: Trying to initialize Easy Logging"}
{"level":"INFO","message":"[1:22:54.587 PM]: No client config detected."}
{"level":"INFO","message":"[1:22:54.587 PM]: No config file path found. Client config will not be used."}
{"level":"INFO","message":"[1:22:54.588 PM]: Easy Logging is disabled as no config has been found"}
{"level":"INFO","message":"[1:22:54.588 PM]: Connection[id: 722fecf0-22b6-40c6-9309-8178bb454154] - authentication successful using: SNOWFLAKE"}
{"level":"INFO","message":"[1:23:11.079 PM]: Creating new connection object"}
{"level":"INFO","message":"[1:23:11.082 PM]: Creating Connection[id: 87269174-22a0-479e-b048-381f9c528cf1] with host: fya14544.snowflakecomputing.com, account: fya14544, accessUrl: https://fya14544.snowflakecomputing.com, user: EPIC_DEV, role: EPIC_DEV_ROLE, database: TEST_DEVELOPMENT_ENVIROMENT, schema: DEV_SCHEMA, warehouse: , proxy was not configured, password is provided, region: undefined, authenticator: SNOWFLAKE, ocsp mode: FAIL_OPEN, os: darwin, os version: 25.4.0"}
{"level":"INFO","message":"[1:23:11.082 PM]: Connection[id: 87269174-22a0-479e-b048-381f9c528cf1] additional details: passcode in password is provided, passcode is not provided, private key is not provided, application: undefined, client name: snowflake-sdk, client version: 2.4.0, retry timeout: 300, private key path: undefined, private key pass is not provided, client store temporary credential: false, browser response timeout: 120000"}
{"level":"INFO","message":"[1:23:11.082 PM]: Connection[id: 87269174-22a0-479e-b048-381f9c528cf1] - connection object created successfully."}
{"level":"INFO","message":"[1:23:11.083 PM]: Connection[id: 87269174-22a0-479e-b048-381f9c528cf1] - async connecting. Associated Snowflake domain: GLOBAL"}
{"level":"INFO","message":"[1:23:11.083 PM]: Trying to initialize Easy Logging"}
{"level":"INFO","message":"[1:23:11.084 PM]: No client config detected."}
{"level":"INFO","message":"[1:23:11.085 PM]: No config file path found. Client config will not be used."}
{"level":"INFO","message":"[1:23:11.085 PM]: Easy Logging is disabled as no config has been found"}
{"level":"INFO","message":"[1:23:11.085 PM]: Connection[id: 87269174-22a0-479e-b048-381f9c528cf1] - authentication successful using: SNOWFLAKE"}
{"level":"INFO","message":"[1:23:11.776 PM]: Connection[id: 87269174-22a0-479e-b048-381f9c528cf1] - connection established successfully after 693.18 milliseconds"}
{"level":"INFO","message":"[1:24:01.936 PM]: Connection[id: 722fecf0-22b6-40c6-9309-8178bb454154] - connection established successfully after 67366.24 milliseconds"}
{"level":"INFO","message":"[1:26:02.170 PM]: Creating new connection object"}
{"level":"INFO","message":"[1:26:02.176 PM]: Creating Connection[id: db5b537c-8fe8-4677-9387-15166152805a] with host: fya14544.snowflakecomputing.com, account: fya14544, accessUrl: https://fya14544.snowflakecomputing.com, user: EPIC_DEV, role: EPIC_DEV_ROLE, database: TEST_DEVELOPMENT_ENVIROMENT, schema: DEV_SCHEMA, warehouse: , proxy was not configured, password is provided, region: undefined, authenticator: SNOWFLAKE, ocsp mode: FAIL_OPEN, os: darwin, os version: 25.4.0"}
{"level":"INFO","message":"[1:26:02.176 PM]: Connection[id: db5b537c-8fe8-4677-9387-15166152805a] additional details: passcode in password is provided, passcode is not provided, private key is not provided, application: undefined, client name: snowflake-sdk, client version: 2.4.0, retry timeout: 300, private key path: undefined, private key pass is not provided, client store temporary credential: false, browser response timeout: 120000"}
{"level":"INFO","message":"[1:26:02.176 PM]: Connection[id: db5b537c-8fe8-4677-9387-15166152805a] - connection object created successfully."}
{"level":"INFO","message":"[1:26:02.176 PM]: Connection[id: db5b537c-8fe8-4677-9387-15166152805a] - async connecting. Associated Snowflake domain: GLOBAL"}
{"level":"INFO","message":"[1:26:02.176 PM]: Trying to initialize Easy Logging"}
{"level":"INFO","message":"[1:26:02.189 PM]: No client config detected."}
{"level":"INFO","message":"[1:26:02.189 PM]: No config file path found. Client config will not be used."}
{"level":"INFO","message":"[1:26:02.189 PM]: Easy Logging is disabled as no config has been found"}
{"level":"INFO","message":"[1:26:02.189 PM]: Connection[id: db5b537c-8fe8-4677-9387-15166152805a] - authentication successful using: SNOWFLAKE"}
{"level":"INFO","message":"[1:26:02.817 PM]: Connection[id: db5b537c-8fe8-4677-9387-15166152805a] - connection established successfully after 640.64 milliseconds"}
{"level":"INFO","message":"[1:48:05.471 PM]: Creating new connection object"}
{"level":"INFO","message":"[1:48:05.476 PM]: Creating Connection[id: 333bbd7e-f77f-4340-8d28-566d41606293] with host: fya14544.snowflakecomputing.com, account: fya14544, accessUrl: https://fya14544.snowflakecomputing.com, user: EPIC_DEV, role: EPIC_DEV_ROLE, database: TEST_DEVELOPMENT_ENVIROMENT, schema: DEV_SCHEMA, warehouse: , proxy was not configured, password is provided, region: undefined, authenticator: SNOWFLAKE, ocsp mode: FAIL_OPEN, os: darwin, os version: 25.4.0"}
{"level":"INFO","message":"[1:48:05.476 PM]: Connection[id: 333bbd7e-f77f-4340-8d28-566d41606293] additional details: passcode in password is provided, passcode is not provided, private key is not provided, application: undefined, client name: snowflake-sdk, client version: 2.4.0, retry timeout: 300, private key path: undefined, private key pass is not provided, client store temporary credential: false, browser response timeout: 120000"}
{"level":"INFO","message":"[1:48:05.476 PM]: Connection[id: 333bbd7e-f77f-4340-8d28-566d41606293] - connection object created successfully."}
{"level":"INFO","message":"[1:48:05.476 PM]: Connection[id: 333bbd7e-f77f-4340-8d28-566d41606293] - async connecting. Associated Snowflake domain: GLOBAL"}
{"level":"INFO","message":"[1:48:05.476 PM]: Trying to initialize Easy Logging"}
{"level":"INFO","message":"[1:48:05.519 PM]: No client config detected."}
{"level":"INFO","message":"[1:48:05.519 PM]: No config file path found. Client config will not be used."}
{"level":"INFO","message":"[1:48:05.519 PM]: Easy Logging is disabled as no config has been found"}
{"level":"INFO","message":"[1:48:05.519 PM]: Connection[id: 333bbd7e-f77f-4340-8d28-566d41606293] - authentication successful using: SNOWFLAKE"}
{"level":"INFO","message":"[1:48:06.254 PM]: Connection[id: 333bbd7e-f77f-4340-8d28-566d41606293] - connection established successfully after 777.82 milliseconds"}
{"level":"INFO","message":"[7:12:50.525 PM]: Creating new connection object"}
{"level":"INFO","message":"[7:12:50.528 PM]: Creating Connection[id: 3c240f71-2450-431a-a174-504f37b62be0] with host: fya14544.snowflakecomputing.com, account: fya14544, accessUrl: https://fya14544.snowflakecomputing.com, user: EPIC_DEV, role: EPIC_DEV_ROLE, database: TEST_DEVELOPMENT_ENVIROMENT, schema: DEV_SCHEMA, warehouse: , proxy was not configured, password is provided, region: undefined, authenticator: SNOWFLAKE, ocsp mode: FAIL_OPEN, os: darwin, os version: 25.4.0"}
{"level":"INFO","message":"[7:12:50.528 PM]: Connection[id: 3c240f71-2450-431a-a174-504f37b62be0] additional details: passcode in password is provided, passcode is not provided, private key is not provided, application: undefined, client name: snowflake-sdk, client version: 2.4.0, retry timeout: 300, private key path: undefined, private key pass is not provided, client store temporary credential: false, browser response timeout: 120000"}
{"level":"INFO","message":"[7:12:50.528 PM]: Connection[id: 3c240f71-2450-431a-a174-504f37b62be0] - connection object created successfully."}
{"level":"INFO","message":"[7:12:50.529 PM]: Connection[id: 3c240f71-2450-431a-a174-504f37b62be0] - async connecting. Associated Snowflake domain: GLOBAL"}
{"level":"INFO","message":"[7:12:50.529 PM]: Trying to initialize Easy Logging"}
{"level":"INFO","message":"[7:12:50.531 PM]: No client config detected."}
{"level":"INFO","message":"[7:12:50.531 PM]: No config file path found. Client config will not be used."}
{"level":"INFO","message":"[7:12:50.531 PM]: Easy Logging is disabled as no config has been found"}
{"level":"INFO","message":"[7:12:50.531 PM]: Connection[id: 3c240f71-2450-431a-a174-504f37b62be0] - authentication successful using: SNOWFLAKE"}
{"level":"INFO","message":"[7:12:51.255 PM]: Connection[id: 3c240f71-2450-431a-a174-504f37b62be0] - connection established successfully after 725.94 milliseconds"}
{"level":"INFO","message":"[7:12:55.895 PM]: Creating new connection object"}
{"level":"INFO","message":"[7:12:55.899 PM]: Creating Connection[id: 24ae541a-c600-4d29-bb59-63be46379369] with host: fya14544.snowflakecomputing.com, account: fya14544, accessUrl: https://fya14544.snowflakecomputing.com, user: EPIC_DEV, role: EPIC_DEV_ROLE, database: TEST_DEVELOPMENT_ENVIROMENT, schema: DEV_SCHEMA, warehouse: , proxy was not configured, password is provided, region: undefined, authenticator: SNOWFLAKE, ocsp mode: FAIL_OPEN, os: darwin, os version: 25.4.0"}
{"level":"INFO","message":"[7:12:55.900 PM]: Connection[id: 24ae541a-c600-4d29-bb59-63be46379369] additional details: passcode in password is provided, passcode is not provided, private key is not provided, application: undefined, client name: snowflake-sdk, client version: 2.4.0, retry timeout: 300, private key path: undefined, private key pass is not provided, client store temporary credential: false, browser response timeout: 120000"}
{"level":"INFO","message":"[7:12:55.900 PM]: Connection[id: 24ae541a-c600-4d29-bb59-63be46379369] - connection object created successfully."}
{"level":"INFO","message":"[7:12:55.900 PM]: Connection[id: 24ae541a-c600-4d29-bb59-63be46379369] - async connecting. Associated Snowflake domain: GLOBAL"}
{"level":"INFO","message":"[7:12:55.900 PM]: Trying to initialize Easy Logging"}
{"level":"INFO","message":"[7:12:55.901 PM]: No client config detected."}
{"level":"INFO","message":"[7:12:55.901 PM]: No config file path found. Client config will not be used."}
{"level":"INFO","message":"[7:12:55.901 PM]: Easy Logging is disabled as no config has been found"}
{"level":"INFO","message":"[7:12:55.901 PM]: Connection[id: 24ae541a-c600-4d29-bb59-63be46379369] - authentication successful using: SNOWFLAKE"}
{"level":"INFO","message":"[7:12:56.679 PM]: Connection[id: 24ae541a-c600-4d29-bb59-63be46379369] - connection established successfully after 779.14 milliseconds"}
{"level":"INFO","message":"[8:08:40.624 PM]: Creating new connection object"}
{"level":"INFO","message":"[8:08:40.634 PM]: Creating Connection[id: c9509f72-ea0f-40c0-98d4-401f49a2c168] with host: fya14544.snowflakecomputing.com, account: fya14544, accessUrl: https://fya14544.snowflakecomputing.com, user: EPIC_DEV, role: EPIC_DEV_ROLE, database: TEST_DEVELOPMENT_ENVIROMENT, schema: DEV_SCHEMA, warehouse: , proxy was not configured, password is provided, region: undefined, authenticator: SNOWFLAKE, ocsp mode: FAIL_OPEN, os: darwin, os version: 25.4.0"}
{"level":"INFO","message":"[8:08:40.635 PM]: Connection[id: c9509f72-ea0f-40c0-98d4-401f49a2c168] additional details: passcode in password is provided, passcode is not provided, private key is not provided, application: undefined, client name: snowflake-sdk, client version: 2.4.0, retry timeout: 300, private key path: undefined, private key pass is not provided, client store temporary credential: false, browser response timeout: 120000"}
{"level":"INFO","message":"[8:08:40.635 PM]: Connection[id: c9509f72-ea0f-40c0-98d4-401f49a2c168] - connection object created successfully."}
{"level":"INFO","message":"[8:08:40.635 PM]: Connection[id: c9509f72-ea0f-40c0-98d4-401f49a2c168] - async connecting. Associated Snowflake domain: GLOBAL"}
{"level":"INFO","message":"[8:08:40.635 PM]: Trying to initialize Easy Logging"}
{"level":"INFO","message":"[8:08:40.689 PM]: No client config detected."}
{"level":"INFO","message":"[8:08:40.689 PM]: No config file path found. Client config will not be used."}
{"level":"INFO","message":"[8:08:40.689 PM]: Easy Logging is disabled as no config has been found"}
{"level":"INFO","message":"[8:08:40.689 PM]: Connection[id: c9509f72-ea0f-40c0-98d4-401f49a2c168] - authentication successful using: SNOWFLAKE"}
{"level":"INFO","message":"[8:08:41.423 PM]: Connection[id: c9509f72-ea0f-40c0-98d4-401f49a2c168] - connection established successfully after 787.7 milliseconds"}
{"level":"INFO","message":"[9:09:27.339 PM]: Creating new connection object"}
{"level":"INFO","message":"[9:09:27.343 PM]: Creating Connection[id: aaf11aeb-1633-447a-bd31-37d35073cab3] with host: fya14544.snowflakecomputing.com, account: fya14544, accessUrl: https://fya14544.snowflakecomputing.com, user: EPIC_DEV, role: EPIC_DEV_ROLE, database: TEST_DEVELOPMENT_ENVIROMENT, schema: DEV_SCHEMA, warehouse: , proxy was not configured, password is provided, region: undefined, authenticator: SNOWFLAKE, ocsp mode: FAIL_OPEN, os: darwin, os version: 25.4.0"}
{"level":"INFO","message":"[9:09:27.343 PM]: Connection[id: aaf11aeb-1633-447a-bd31-37d35073cab3] additional details: passcode in password is provided, passcode is not provided, private key is not provided, application: undefined, client name: snowflake-sdk, client version: 2.4.0, retry timeout: 300, private key path: undefined, private key pass is not provided, client store temporary credential: false, browser response timeout: 120000"}
{"level":"INFO","message":"[9:09:27.343 PM]: Connection[id: aaf11aeb-1633-447a-bd31-37d35073cab3] - connection object created successfully."}
{"level":"INFO","message":"[9:09:27.344 PM]: Connection[id: aaf11aeb-1633-447a-bd31-37d35073cab3] - async connecting. Associated Snowflake domain: GLOBAL"}
{"level":"INFO","message":"[9:09:27.344 PM]: Trying to initialize Easy Logging"}
{"level":"INFO","message":"[9:09:27.346 PM]: No client config detected."}
{"level":"INFO","message":"[9:09:27.346 PM]: No config file path found. Client config will not be used."}
{"level":"INFO","message":"[9:09:27.346 PM]: Easy Logging is disabled as no config has been found"}
{"level":"INFO","message":"[9:09:27.347 PM]: Connection[id: aaf11aeb-1633-447a-bd31-37d35073cab3] - authentication successful using: SNOWFLAKE"}
{"level":"INFO","message":"[9:09:27.958 PM]: Connection[id: aaf11aeb-1633-447a-bd31-37d35073cab3] - connection established successfully after 613.28 milliseconds"}
{"level":"INFO","message":"[8:47:49.734 AM]: Creating new connection object"}
{"level":"INFO","message":"[8:47:49.739 AM]: Creating Connection[id: f564aadd-8e11-4413-8dea-fc05f4c94d33] with host: fya14544.snowflakecomputing.com, account: fya14544, accessUrl: https://fya14544.snowflakecomputing.com, user: EPIC_DEV, role: EPIC_DEV_ROLE, database: TEST_DEVELOPMENT_ENVIROMENT, schema: DEV_SCHEMA, warehouse: , proxy was not configured, password is provided, region: undefined, authenticator: SNOWFLAKE, ocsp mode: FAIL_OPEN, os: darwin, os version: 25.4.0"}
{"level":"INFO","message":"[8:47:49.739 AM]: Connection[id: f564aadd-8e11-4413-8dea-fc05f4c94d33] additional details: passcode in password is provided, passcode is not provided, private key is not provided, application: undefined, client name: snowflake-sdk, client version: 2.4.0, retry timeout: 300, private key path: undefined, private key pass is not provided, client store temporary credential: false, browser response timeout: 120000"}
{"level":"INFO","message":"[8:47:49.739 AM]: Connection[id: f564aadd-8e11-4413-8dea-fc05f4c94d33] - connection object created successfully."}
{"level":"INFO","message":"[8:47:49.739 AM]: Connection[id: f564aadd-8e11-4413-8dea-fc05f4c94d33] - async connecting. Associated Snowflake domain: GLOBAL"}
{"level":"INFO","message":"[8:47:49.739 AM]: Trying to initialize Easy Logging"}
{"level":"INFO","message":"[8:47:49.763 AM]: No client config detected."}
{"level":"INFO","message":"[8:47:49.763 AM]: No config file path found. Client config will not be used."}
{"level":"INFO","message":"[8:47:49.763 AM]: Easy Logging is disabled as no config has been found"}
{"level":"INFO","message":"[8:47:49.763 AM]: Connection[id: f564aadd-8e11-4413-8dea-fc05f4c94d33] - authentication successful using: SNOWFLAKE"}
{"level":"INFO","message":"[8:47:50.431 AM]: Connection[id: f564aadd-8e11-4413-8dea-fc05f4c94d33] - connection established successfully after 692.35 milliseconds"}
{"level":"INFO","message":"[8:50:23.904 AM]: Creating new connection object"}
{"level":"INFO","message":"[8:50:23.908 AM]: Creating Connection[id: a3af3d8d-829a-47a0-b59b-1814897a9663] with host: fya14544.snowflakecomputing.com, account: fya14544, accessUrl: https://fya14544.snowflakecomputing.com, user: EPIC_DEV, role: EPIC_DEV_ROLE, database: TEST_DEVELOPMENT_ENVIROMENT, schema: DEV_SCHEMA, warehouse: , proxy was not configured, password is provided, region: undefined, authenticator: SNOWFLAKE, ocsp mode: FAIL_OPEN, os: darwin, os version: 25.4.0"}
{"level":"INFO","message":"[8:50:23.909 AM]: Connection[id: a3af3d8d-829a-47a0-b59b-1814897a9663] additional details: passcode in password is provided, passcode is not provided, private key is not provided, application: undefined, client name: snowflake-sdk, client version: 2.4.0, retry timeout: 300, private key path: undefined, private key pass is not provided, client store temporary credential: false, browser response timeout: 120000"}
{"level":"INFO","message":"[8:50:23.909 AM]: Connection[id: a3af3d8d-829a-47a0-b59b-1814897a9663] - connection object created successfully."}
{"level":"INFO","message":"[8:50:23.910 AM]: Connection[id: a3af3d8d-829a-47a0-b59b-1814897a9663] - async connecting. Associated Snowflake domain: GLOBAL"}
{"level":"INFO","message":"[8:50:23.910 AM]: Trying to initialize Easy Logging"}
{"level":"INFO","message":"[8:50:23.912 AM]: No client config detected."}
{"level":"INFO","message":"[8:50:23.912 AM]: No config file path found. Client config will not be used."}
{"level":"INFO","message":"[8:50:23.912 AM]: Easy Logging is disabled as no config has been found"}
{"level":"INFO","message":"[8:50:23.912 AM]: Connection[id: a3af3d8d-829a-47a0-b59b-1814897a9663] - authentication successful using: SNOWFLAKE"}
{"level":"INFO","message":"[8:50:24.958 AM]: Connection[id: a3af3d8d-829a-47a0-b59b-1814897a9663] - connection established successfully after 1047.92 milliseconds"}
{"level":"INFO","message":"[9:59:33.827 AM]: Creating new connection object"}
{"level":"INFO","message":"[9:59:33.829 AM]: Creating Connection[id: 34a36820-8360-4110-a458-b7ed0f42c424] with host: fya14544.snowflakecomputing.com, account: fya14544, accessUrl: https://fya14544.snowflakecomputing.com, user: EPIC_DEV, role: EPIC_DEV_ROLE, database: TEST_DEVELOPMENT_ENVIROMENT, schema: DEV_SCHEMA, warehouse: , proxy was not configured, password is provided, region: undefined, authenticator: SNOWFLAKE, ocsp mode: FAIL_OPEN, os: darwin, os version: 25.4.0"}
{"level":"INFO","message":"[9:59:33.830 AM]: Connection[id: 34a36820-8360-4110-a458-b7ed0f42c424] additional details: passcode in password is provided, passcode is not provided, private key is not provided, application: undefined, client name: snowflake-sdk, client version: 2.4.0, retry timeout: 300, private key path: undefined, private key pass is not provided, client store temporary credential: false, browser response timeout: 120000"}
{"level":"INFO","message":"[9:59:33.830 AM]: Connection[id: 34a36820-8360-4110-a458-b7ed0f42c424] - connection object created successfully."}
{"level":"INFO","message":"[9:59:33.830 AM]: Connection[id: 34a36820-8360-4110-a458-b7ed0f42c424] - async connecting. Associated Snowflake domain: GLOBAL"}
{"level":"INFO","message":"[9:59:33.831 AM]: Trying to initialize Easy Logging"}
{"level":"INFO","message":"[9:59:33.832 AM]: No client config detected."}
{"level":"INFO","message":"[9:59:33.832 AM]: No config file path found. Client config will not be used."}
{"level":"INFO","message":"[9:59:33.832 AM]: Easy Logging is disabled as no config has been found"}
{"level":"INFO","message":"[9:59:33.832 AM]: Connection[id: 34a36820-8360-4110-a458-b7ed0f42c424] - authentication successful using: SNOWFLAKE"}
{"level":"INFO","message":"[9:59:34.668 AM]: Connection[id: 34a36820-8360-4110-a458-b7ed0f42c424] - connection established successfully after 837.01 milliseconds"}
{"level":"INFO","message":"[10:07:30.382 AM]: Creating new connection object"}
{"level":"INFO","message":"[10:07:30.387 AM]: Creating Connection[id: 7ba6fd0f-d750-4bad-a477-0c47fcdc9317] with host: fya14544.snowflakecomputing.com, account: fya14544, accessUrl: https://fya14544.snowflakecomputing.com, user: EPIC_DEV, role: EPIC_DEV_ROLE, database: TEST_DEVELOPMENT_ENVIROMENT, schema: DEV_SCHEMA, warehouse: , proxy was not configured, password is provided, region: undefined, authenticator: SNOWFLAKE, ocsp mode: FAIL_OPEN, os: darwin, os version: 25.4.0"}
{"level":"INFO","message":"[10:07:30.387 AM]: Connection[id: 7ba6fd0f-d750-4bad-a477-0c47fcdc9317] additional details: passcode in password is provided, passcode is not provided, private key is not provided, application: undefined, client name: snowflake-sdk, client version: 2.4.0, retry timeout: 300, private key path: undefined, private key pass is not provided, client store temporary credential: false, browser response timeout: 120000"}
{"level":"INFO","message":"[10:07:30.387 AM]: Connection[id: 7ba6fd0f-d750-4bad-a477-0c47fcdc9317] - connection object created successfully."}
{"level":"INFO","message":"[10:07:30.387 AM]: Connection[id: 7ba6fd0f-d750-4bad-a477-0c47fcdc9317] - async connecting. Associated Snowflake domain: GLOBAL"}
{"level":"INFO","message":"[10:07:30.388 AM]: Trying to initialize Easy Logging"}
{"level":"INFO","message":"[10:07:30.408 AM]: No client config detected."}
{"level":"INFO","message":"[10:07:30.408 AM]: No config file path found. Client config will not be used."}
{"level":"INFO","message":"[10:07:30.408 AM]: Easy Logging is disabled as no config has been found"}
{"level":"INFO","message":"[10:07:30.409 AM]: Connection[id: 7ba6fd0f-d750-4bad-a477-0c47fcdc9317] - authentication successful using: SNOWFLAKE"}
{"level":"INFO","message":"[10:07:31.131 AM]: Connection[id: 7ba6fd0f-d750-4bad-a477-0c47fcdc9317] - connection established successfully after 743.58 milliseconds"}
{"level":"INFO","message":"[10:50:57.923 AM]: Creating new connection object"}
{"level":"INFO","message":"[10:50:57.928 AM]: Creating Connection[id: 85577bc2-3e92-4719-84d5-ab4325d7bd98] with host: fya14544.snowflakecomputing.com, account: fya14544, accessUrl: https://fya14544.snowflakecomputing.com, user: EPIC_DEV, role: EPIC_DEV_ROLE, database: TEST_DEVELOPMENT_ENVIROMENT, schema: DEV_SCHEMA, warehouse: , proxy was not configured, password is provided, region: undefined, authenticator: SNOWFLAKE, ocsp mode: FAIL_OPEN, os: darwin, os version: 25.4.0"}
{"level":"INFO","message":"[10:50:57.928 AM]: Connection[id: 85577bc2-3e92-4719-84d5-ab4325d7bd98] additional details: passcode in password is provided, passcode is not provided, private key is not provided, application: undefined, client name: snowflake-sdk, client version: 2.4.0, retry timeout: 300, private key path: undefined, private key pass is not provided, client store temporary credential: false, browser response timeout: 120000"}
{"level":"INFO","message":"[10:50:57.928 AM]: Connection[id: 85577bc2-3e92-4719-84d5-ab4325d7bd98] - connection object created successfully."}
{"level":"INFO","message":"[10:50:57.928 AM]: Connection[id: 85577bc2-3e92-4719-84d5-ab4325d7bd98] - async connecting. Associated Snowflake domain: GLOBAL"}
{"level":"INFO","message":"[10:50:57.928 AM]: Trying to initialize Easy Logging"}
{"level":"INFO","message":"[10:50:57.965 AM]: No client config detected."}
{"level":"INFO","message":"[10:50:57.965 AM]: No config file path found. Client config will not be used."}
{"level":"INFO","message":"[10:50:57.965 AM]: Easy Logging is disabled as no config has been found"}
{"level":"INFO","message":"[10:50:57.965 AM]: Connection[id: 85577bc2-3e92-4719-84d5-ab4325d7bd98] - authentication successful using: SNOWFLAKE"}
{"level":"INFO","message":"[10:50:58.689 AM]: Connection[id: 85577bc2-3e92-4719-84d5-ab4325d7bd98] - connection established successfully after 760.56 milliseconds"}
{"level":"INFO","message":"[10:51:06.279 AM]: Creating new connection object"}
{"level":"INFO","message":"[10:51:06.284 AM]: Creating Connection[id: 151468dd-8ed6-489e-89b4-a2e2215148a4] with host: fya14544.snowflakecomputing.com, account: fya14544, accessUrl: https://fya14544.snowflakecomputing.com, user: EPIC_DEV, role: EPIC_DEV_ROLE, database: TEST_DEVELOPMENT_ENVIROMENT, schema: DEV_SCHEMA, warehouse: , proxy was not configured, password is provided, region: undefined, authenticator: SNOWFLAKE, ocsp mode: FAIL_OPEN, os: darwin, os version: 25.4.0"}
{"level":"INFO","message":"[10:51:06.284 AM]: Connection[id: 151468dd-8ed6-489e-89b4-a2e2215148a4] additional details: passcode in password is provided, passcode is not provided, private key is not provided, application: undefined, client name: snowflake-sdk, client version: 2.4.0, retry timeout: 300, private key path: undefined, private key pass is not provided, client store temporary credential: false, browser response timeout: 120000"}
{"level":"INFO","message":"[10:51:06.284 AM]: Connection[id: 151468dd-8ed6-489e-89b4-a2e2215148a4] - connection object created successfully."}
{"level":"INFO","message":"[10:51:06.284 AM]: Connection[id: 151468dd-8ed6-489e-89b4-a2e2215148a4] - async connecting. Associated Snowflake domain: GLOBAL"}
{"level":"INFO","message":"[10:51:06.284 AM]: Trying to initialize Easy Logging"}
{"level":"INFO","message":"[10:51:06.286 AM]: No client config detected."}
{"level":"INFO","message":"[10:51:06.286 AM]: No config file path found. Client config will not be used."}
{"level":"INFO","message":"[10:51:06.287 AM]: Easy Logging is disabled as no config has been found"}
{"level":"INFO","message":"[10:51:06.287 AM]: Connection[id: 151468dd-8ed6-489e-89b4-a2e2215148a4] - authentication successful using: SNOWFLAKE"}
{"level":"INFO","message":"[10:51:06.860 AM]: Connection[id: 151468dd-8ed6-489e-89b4-a2e2215148a4] - connection established successfully after 575.57 milliseconds"}
{"level":"INFO","message":"[10:51:31.664 AM]: Creating new connection object"}
{"level":"INFO","message":"[10:51:31.668 AM]: Creating Connection[id: a8c3d284-79ac-4b32-94a9-7fd2d8649b19] with host: fya14544.snowflakecomputing.com, account: fya14544, accessUrl: https://fya14544.snowflakecomputing.com, user: EPIC_DEV, role: EPIC_DEV_ROLE, database: TEST_DEVELOPMENT_ENVIROMENT, schema: DEV_SCHEMA, warehouse: , proxy was not configured, password is provided, region: undefined, authenticator: SNOWFLAKE, ocsp mode: FAIL_OPEN, os: darwin, os version: 25.4.0"}
{"level":"INFO","message":"[10:51:31.668 AM]: Connection[id: a8c3d284-79ac-4b32-94a9-7fd2d8649b19] additional details: passcode in password is provided, passcode is not provided, private key is not provided, application: undefined, client name: snowflake-sdk, client version: 2.4.0, retry timeout: 300, private key path: undefined, private key pass is not provided, client store temporary credential: false, browser response timeout: 120000"}
{"level":"INFO","message":"[10:51:31.668 AM]: Connection[id: a8c3d284-79ac-4b32-94a9-7fd2d8649b19] - connection object created successfully."}
{"level":"INFO","message":"[10:51:31.669 AM]: Connection[id: a8c3d284-79ac-4b32-94a9-7fd2d8649b19] - async connecting. Associated Snowflake domain: GLOBAL"}
{"level":"INFO","message":"[10:51:31.669 AM]: Trying to initialize Easy Logging"}
{"level":"INFO","message":"[10:51:31.671 AM]: No client config detected."}
{"level":"INFO","message":"[10:51:31.671 AM]: No config file path found. Client config will not be used."}
{"level":"INFO","message":"[10:51:31.671 AM]: Easy Logging is disabled as no config has been found"}
{"level":"INFO","message":"[10:51:31.671 AM]: Connection[id: a8c3d284-79ac-4b32-94a9-7fd2d8649b19] - authentication successful using: SNOWFLAKE"}
{"level":"INFO","message":"[10:51:32.447 AM]: Connection[id: a8c3d284-79ac-4b32-94a9-7fd2d8649b19] - connection established successfully after 778.15 milliseconds"}
{"level":"INFO","message":"[10:53:14.342 AM]: Creating new connection object"}
{"level":"INFO","message":"[10:53:14.348 AM]: Creating Connection[id: 4f310748-aa15-4250-98e7-c1e3eb6e1608] with host: fya14544.snowflakecomputing.com, account: fya14544, accessUrl: https://fya14544.snowflakecomputing.com, user: EPIC_DEV, role: EPIC_DEV_ROLE, database: TEST_DEVELOPMENT_ENVIROMENT, schema: DEV_SCHEMA, warehouse: , proxy was not configured, password is provided, region: undefined, authenticator: SNOWFLAKE, ocsp mode: FAIL_OPEN, os: darwin, os version: 25.4.0"}
{"level":"INFO","message":"[10:53:14.348 AM]: Connection[id: 4f310748-aa15-4250-98e7-c1e3eb6e1608] additional details: passcode in password is provided, passcode is not provided, private key is not provided, application: undefined, client name: snowflake-sdk, client version: 2.4.0, retry timeout: 300, private key path: undefined, private key pass is not provided, client store temporary credential: false, browser response timeout: 120000"}
{"level":"INFO","message":"[10:53:14.348 AM]: Connection[id: 4f310748-aa15-4250-98e7-c1e3eb6e1608] - connection object created successfully."}
{"level":"INFO","message":"[10:53:14.348 AM]: Connection[id: 4f310748-aa15-4250-98e7-c1e3eb6e1608] - async connecting. Associated Snowflake domain: GLOBAL"}
{"level":"INFO","message":"[10:53:14.348 AM]: Trying to initialize Easy Logging"}
{"level":"INFO","message":"[10:53:14.394 AM]: No client config detected."}
{"level":"INFO","message":"[10:53:14.394 AM]: No config file path found. Client config will not be used."}
{"level":"INFO","message":"[10:53:14.394 AM]: Easy Logging is disabled as no config has been found"}
{"level":"INFO","message":"[10:53:14.394 AM]: Connection[id: 4f310748-aa15-4250-98e7-c1e3eb6e1608] - authentication successful using: SNOWFLAKE"}
{"level":"INFO","message":"[10:53:15.030 AM]: Connection[id: 4f310748-aa15-4250-98e7-c1e3eb6e1608] - connection established successfully after 682.06 milliseconds"}
{"level":"INFO","message":"[10:53:42.341 AM]: Creating new connection object"}
{"level":"INFO","message":"[10:53:42.343 AM]: Creating Connection[id: 4b8d8705-4d88-44e5-a12a-c803e4dc62f3] with host: fya14544.snowflakecomputing.com, account: fya14544, accessUrl: https://fya14544.snowflakecomputing.com, user: EPIC_DEV, role: EPIC_DEV_ROLE, database: TEST_DEVELOPMENT_ENVIROMENT, schema: DEV_SCHEMA, warehouse: , proxy was not configured, password is provided, region: undefined, authenticator: SNOWFLAKE, ocsp mode: FAIL_OPEN, os: darwin, os version: 25.4.0"}
{"level":"INFO","message":"[10:53:42.343 AM]: Connection[id: 4b8d8705-4d88-44e5-a12a-c803e4dc62f3] additional details: passcode in password is provided, passcode is not provided, private key is not provided, application: undefined, client name: snowflake-sdk, client version: 2.4.0, retry timeout: 300, private key path: undefined, private key pass is not provided, client store temporary credential: false, browser response timeout: 120000"}
{"level":"INFO","message":"[10:53:42.343 AM]: Connection[id: 4b8d8705-4d88-44e5-a12a-c803e4dc62f3] - connection object created successfully."}
{"level":"INFO","message":"[10:53:42.344 AM]: Connection[id: 4b8d8705-4d88-44e5-a12a-c803e4dc62f3] - async connecting. Associated Snowflake domain: GLOBAL"}
{"level":"INFO","message":"[10:53:42.344 AM]: Trying to initialize Easy Logging"}
{"level":"INFO","message":"[10:53:42.345 AM]: No client config detected."}
{"level":"INFO","message":"[10:53:42.345 AM]: No config file path found. Client config will not be used."}
{"level":"INFO","message":"[10:53:42.345 AM]: Easy Logging is disabled as no config has been found"}
{"level":"INFO","message":"[10:53:42.345 AM]: Connection[id: 4b8d8705-4d88-44e5-a12a-c803e4dc62f3] - authentication successful using: SNOWFLAKE"}
{"level":"INFO","message":"[10:53:42.959 AM]: Connection[id: 4b8d8705-4d88-44e5-a12a-c803e4dc62f3] - connection established successfully after 615.22 milliseconds"}
{"level":"INFO","message":"[11:17:55.090 PM]: Creating new connection object"}
{"level":"INFO","message":"[11:17:55.093 PM]: Creating Connection[id: cfea8cb9-3edd-4030-b9c4-76640c312f25] with host: fya14544.snowflakecomputing.com, account: fya14544, accessUrl: https://fya14544.snowflakecomputing.com, user: EPIC_DEV, role: EPIC_DEV_ROLE, database: TEST_DEVELOPMENT_ENVIROMENT, schema: DEV_SCHEMA, warehouse: , proxy was not configured, password is provided, region: undefined, authenticator: SNOWFLAKE, ocsp mode: FAIL_OPEN, os: darwin, os version: 25.4.0"}
{"level":"INFO","message":"[11:17:55.093 PM]: Connection[id: cfea8cb9-3edd-4030-b9c4-76640c312f25] additional details: passcode in password is provided, passcode is not provided, private key is not provided, application: undefined, client name: snowflake-sdk, client version: 2.4.0, retry timeout: 300, private key path: undefined, private key pass is not provided, client store temporary credential: false, browser response timeout: 120000"}
{"level":"INFO","message":"[11:17:55.093 PM]: Connection[id: cfea8cb9-3edd-4030-b9c4-76640c312f25] - connection object created successfully."}
{"level":"INFO","message":"[11:17:55.094 PM]: Connection[id: cfea8cb9-3edd-4030-b9c4-76640c312f25] - async connecting. Associated Snowflake domain: GLOBAL"}
{"level":"INFO","message":"[11:17:55.094 PM]: Trying to initialize Easy Logging"}
{"level":"INFO","message":"[11:17:55.095 PM]: No client config detected."}
{"level":"INFO","message":"[11:17:55.095 PM]: No config file path found. Client config will not be used."}
{"level":"INFO","message":"[11:17:55.095 PM]: Easy Logging is disabled as no config has been found"}
{"level":"INFO","message":"[11:17:55.095 PM]: Connection[id: cfea8cb9-3edd-4030-b9c4-76640c312f25] - authentication successful using: SNOWFLAKE"}
{"level":"INFO","message":"[11:17:56.217 PM]: Connection[id: cfea8cb9-3edd-4030-b9c4-76640c312f25] - connection established successfully after 1123.18 milliseconds"}
{"level":"INFO","message":"[11:18:06.258 PM]: Creating new connection object"}
{"level":"INFO","message":"[11:18:06.262 PM]: Creating Connection[id: a2755e62-895b-4602-8f9d-7775ada607a6] with host: fya14544.snowflakecomputing.com, account: fya14544, accessUrl: https://fya14544.snowflakecomputing.com, user: EPIC_DEV, role: EPIC_DEV_ROLE, database: TEST_DEVELOPMENT_ENVIROMENT, schema: DEV_SCHEMA, warehouse: , proxy was not configured, password is provided, region: undefined, authenticator: SNOWFLAKE, ocsp mode: FAIL_OPEN, os: darwin, os version: 25.4.0"}
{"level":"INFO","message":"[11:18:06.263 PM]: Connection[id: a2755e62-895b-4602-8f9d-7775ada607a6] additional details: passcode in password is provided, passcode is not provided, private key is not provided, application: undefined, client name: snowflake-sdk, client version: 2.4.0, retry timeout: 300, private key path: undefined, private key pass is not provided, client store temporary credential: false, browser response timeout: 120000"}
{"level":"INFO","message":"[11:18:06.263 PM]: Connection[id: a2755e62-895b-4602-8f9d-7775ada607a6] - connection object created successfully."}
{"level":"INFO","message":"[11:18:06.263 PM]: Connection[id: a2755e62-895b-4602-8f9d-7775ada607a6] - async connecting. Associated Snowflake domain: GLOBAL"}
{"level":"INFO","message":"[11:18:06.263 PM]: Trying to initialize Easy Logging"}
{"level":"INFO","message":"[11:18:06.277 PM]: No client config detected."}
{"level":"INFO","message":"[11:18:06.277 PM]: No config file path found. Client config will not be used."}
{"level":"INFO","message":"[11:18:06.277 PM]: Easy Logging is disabled as no config has been found"}
{"level":"INFO","message":"[11:18:06.277 PM]: Connection[id: a2755e62-895b-4602-8f9d-7775ada607a6] - authentication successful using: SNOWFLAKE"}
{"level":"INFO","message":"[11:18:06.873 PM]: Connection[id: a2755e62-895b-4602-8f9d-7775ada607a6] - connection established successfully after 609.53 milliseconds"}
{"level":"INFO","message":"[8:34:01.309 AM]: Creating new connection object"}
{"level":"INFO","message":"[8:34:01.312 AM]: Creating Connection[id: 8e71ab59-0f05-45da-9e65-b311cc02647f] with host: fya14544.snowflakecomputing.com, account: fya14544, accessUrl: https://fya14544.snowflakecomputing.com, user: EPIC_DEV, role: EPIC_DEV_ROLE, database: TEST_DEVELOPMENT_ENVIROMENT, schema: DEV_SCHEMA, warehouse: , proxy was not configured, password is provided, region: undefined, authenticator: SNOWFLAKE, ocsp mode: FAIL_OPEN, os: darwin, os version: 25.4.0"}
{"level":"INFO","message":"[8:34:01.312 AM]: Connection[id: 8e71ab59-0f05-45da-9e65-b311cc02647f] additional details: passcode in password is provided, passcode is not provided, private key is not provided, application: undefined, client name: snowflake-sdk, client version: 2.4.0, retry timeout: 300, private key path: undefined, private key pass is not provided, client store temporary credential: false, browser response timeout: 120000"}
{"level":"INFO","message":"[8:34:01.312 AM]: Connection[id: 8e71ab59-0f05-45da-9e65-b311cc02647f] - connection object created successfully."}
{"level":"INFO","message":"[8:34:01.313 AM]: Connection[id: 8e71ab59-0f05-45da-9e65-b311cc02647f] - async connecting. Associated Snowflake domain: GLOBAL"}
{"level":"INFO","message":"[8:34:01.314 AM]: Trying to initialize Easy Logging"}
{"level":"INFO","message":"[8:34:01.315 AM]: No client config detected."}
{"level":"INFO","message":"[8:34:01.315 AM]: No config file path found. Client config will not be used."}
{"level":"INFO","message":"[8:34:01.315 AM]: Easy Logging is disabled as no config has been found"}
{"level":"INFO","message":"[8:34:01.315 AM]: Connection[id: 8e71ab59-0f05-45da-9e65-b311cc02647f] - authentication successful using: SNOWFLAKE"}
{"level":"INFO","message":"[8:34:02.301 AM]: Connection[id: 8e71ab59-0f05-45da-9e65-b311cc02647f] - connection established successfully after 987.98 milliseconds"}
{"level":"INFO","message":"[8:36:23.627 AM]: Creating new connection object"}
{"level":"INFO","message":"[8:36:23.631 AM]: Creating Connection[id: 5f2e5441-f78e-4cb2-ac2b-ad3a2537116b] with host: fya14544.snowflakecomputing.com, account: fya14544, accessUrl: https://fya14544.snowflakecomputing.com, user: EPIC_DEV, role: EPIC_DEV_ROLE, database: TEST_DEVELOPMENT_ENVIROMENT, schema: DEV_SCHEMA, warehouse: , proxy was not configured, password is provided, region: undefined, authenticator: SNOWFLAKE, ocsp mode: FAIL_OPEN, os: darwin, os version: 25.4.0"}
{"level":"INFO","message":"[8:36:23.631 AM]: Connection[id: 5f2e5441-f78e-4cb2-ac2b-ad3a2537116b] additional details: passcode in password is provided, passcode is not provided, private key is not provided, application: undefined, client name: snowflake-sdk, client version: 2.4.0, retry timeout: 300, private key path: undefined, private key pass is not provided, client store temporary credential: false, browser response timeout: 120000"}
{"level":"INFO","message":"[8:36:23.631 AM]: Connection[id: 5f2e5441-f78e-4cb2-ac2b-ad3a2537116b] - connection object created successfully."}
{"level":"INFO","message":"[8:36:23.631 AM]: Connection[id: 5f2e5441-f78e-4cb2-ac2b-ad3a2537116b] - async connecting. Associated Snowflake domain: GLOBAL"}
{"level":"INFO","message":"[8:36:23.631 AM]: Trying to initialize Easy Logging"}
{"level":"INFO","message":"[8:36:23.632 AM]: No client config detected."}
{"level":"INFO","message":"[8:36:23.632 AM]: No config file path found. Client config will not be used."}
{"level":"INFO","message":"[8:36:23.632 AM]: Easy Logging is disabled as no config has been found"}
{"level":"INFO","message":"[8:36:23.632 AM]: Connection[id: 5f2e5441-f78e-4cb2-ac2b-ad3a2537116b] - authentication successful using: SNOWFLAKE"}
{"level":"INFO","message":"[8:36:24.635 AM]: Connection[id: 5f2e5441-f78e-4cb2-ac2b-ad3a2537116b] - connection established successfully after 1003.83 milliseconds"}
{"level":"INFO","message":"[9:51:31.667 AM]: Creating new connection object"}
{"level":"INFO","message":"[9:51:31.669 AM]: Creating Connection[id: b937bf0c-a58d-4507-99f0-f8f56cc8bbeb] with host: fya14544.snowflakecomputing.com, account: fya14544, accessUrl: https://fya14544.snowflakecomputing.com, user: EPIC_DEV, role: EPIC_DEV_ROLE, database: TEST_DEVELOPMENT_ENVIROMENT, schema: DEV_SCHEMA, warehouse: , proxy was not configured, password is provided, region: undefined, authenticator: SNOWFLAKE, ocsp mode: FAIL_OPEN, os: darwin, os version: 25.4.0"}
{"level":"INFO","message":"[9:51:31.669 AM]: Connection[id: b937bf0c-a58d-4507-99f0-f8f56cc8bbeb] additional details: passcode in password is provided, passcode is not provided, private key is not provided, application: undefined, client name: snowflake-sdk, client version: 2.4.0, retry timeout: 300, private key path: undefined, private key pass is not provided, client store temporary credential: false, browser response timeout: 120000"}
{"level":"INFO","message":"[9:51:31.669 AM]: Connection[id: b937bf0c-a58d-4507-99f0-f8f56cc8bbeb] - connection object created successfully."}
{"level":"INFO","message":"[9:51:31.670 AM]: Connection[id: b937bf0c-a58d-4507-99f0-f8f56cc8bbeb] - async connecting. Associated Snowflake domain: GLOBAL"}
{"level":"INFO","message":"[9:51:31.670 AM]: Trying to initialize Easy Logging"}
{"level":"INFO","message":"[9:51:31.672 AM]: No client config detected."}
{"level":"INFO","message":"[9:51:31.672 AM]: No config file path found. Client config will not be used."}
{"level":"INFO","message":"[9:51:31.672 AM]: Easy Logging is disabled as no config has been found"}
{"level":"INFO","message":"[9:51:31.672 AM]: Connection[id: b937bf0c-a58d-4507-99f0-f8f56cc8bbeb] - authentication successful using: SNOWFLAKE"}
{"level":"INFO","message":"[9:51:32.791 AM]: Connection[id: b937bf0c-a58d-4507-99f0-f8f56cc8bbeb] - connection established successfully after 1120.99 milliseconds"}
{"level":"INFO","message":"[9:51:34.636 AM]: Creating new connection object"}
{"level":"INFO","message":"[9:51:34.640 AM]: Creating Connection[id: ea4bc78a-7ec5-4849-8026-0cc6a01555ad] with host: fya14544.snowflakecomputing.com, account: fya14544, accessUrl: https://fya14544.snowflakecomputing.com, user: EPIC_DEV, role: EPIC_DEV_ROLE, database: TEST_DEVELOPMENT_ENVIROMENT, schema: DEV_SCHEMA, warehouse: , proxy was not configured, password is provided, region: undefined, authenticator: SNOWFLAKE, ocsp mode: FAIL_OPEN, os: darwin, os version: 25.4.0"}
{"level":"INFO","message":"[9:51:34.641 AM]: Connection[id: ea4bc78a-7ec5-4849-8026-0cc6a01555ad] additional details: passcode in password is provided, passcode is not provided, private key is not provided, application: undefined, client name: snowflake-sdk, client version: 2.4.0, retry timeout: 300, private key path: undefined, private key pass is not provided, client store temporary credential: false, browser response timeout: 120000"}
{"level":"INFO","message":"[9:51:34.641 AM]: Connection[id: ea4bc78a-7ec5-4849-8026-0cc6a01555ad] - connection object created successfully."}
{"level":"INFO","message":"[9:51:34.641 AM]: Connection[id: ea4bc78a-7ec5-4849-8026-0cc6a01555ad] - async connecting. Associated Snowflake domain: GLOBAL"}
{"level":"INFO","message":"[9:51:34.641 AM]: Trying to initialize Easy Logging"}
{"level":"INFO","message":"[9:51:34.642 AM]: No client config detected."}
{"level":"INFO","message":"[9:51:34.642 AM]: No config file path found. Client config will not be used."}
{"level":"INFO","message":"[9:51:34.642 AM]: Easy Logging is disabled as no config has been found"}
{"level":"INFO","message":"[9:51:34.642 AM]: Connection[id: ea4bc78a-7ec5-4849-8026-0cc6a01555ad] - authentication successful using: SNOWFLAKE"}
{"level":"INFO","message":"[9:51:35.320 AM]: Connection[id: ea4bc78a-7ec5-4849-8026-0cc6a01555ad] - connection established successfully after 678.97 milliseconds"}
{"level":"INFO","message":"[9:52:08.704 AM]: Creating new connection object"}
{"level":"INFO","message":"[9:52:08.709 AM]: Creating Connection[id: a2738167-c89f-444d-b1f6-e8bacaf6479f] with host: fya14544.snowflakecomputing.com, account: fya14544, accessUrl: https://fya14544.snowflakecomputing.com, user: EPIC_DEV, role: EPIC_DEV_ROLE, database: TEST_DEVELOPMENT_ENVIROMENT, schema: DEV_SCHEMA, warehouse: , proxy was not configured, password is provided, region: undefined, authenticator: SNOWFLAKE, ocsp mode: FAIL_OPEN, os: darwin, os version: 25.4.0"}
{"level":"INFO","message":"[9:52:08.709 AM]: Connection[id: a2738167-c89f-444d-b1f6-e8bacaf6479f] additional details: passcode in password is provided, passcode is not provided, private key is not provided, application: undefined, client name: snowflake-sdk, client version: 2.4.0, retry timeout: 300, private key path: undefined, private key pass is not provided, client store temporary credential: false, browser response timeout: 120000"}
{"level":"INFO","message":"[9:52:08.709 AM]: Connection[id: a2738167-c89f-444d-b1f6-e8bacaf6479f] - connection object created successfully."}
{"level":"INFO","message":"[9:52:08.709 AM]: Connection[id: a2738167-c89f-444d-b1f6-e8bacaf6479f] - async connecting. Associated Snowflake domain: GLOBAL"}
{"level":"INFO","message":"[9:52:08.709 AM]: Trying to initialize Easy Logging"}
{"level":"INFO","message":"[9:52:08.733 AM]: No client config detected."}
{"level":"INFO","message":"[9:52:08.733 AM]: No config file path found. Client config will not be used."}
{"level":"INFO","message":"[9:52:08.734 AM]: Easy Logging is disabled as no config has been found"}
{"level":"INFO","message":"[9:52:08.734 AM]: Connection[id: a2738167-c89f-444d-b1f6-e8bacaf6479f] - authentication successful using: SNOWFLAKE"}
{"level":"INFO","message":"[9:52:09.435 AM]: Connection[id: a2738167-c89f-444d-b1f6-e8bacaf6479f] - connection established successfully after 725.26 milliseconds"}
{"level":"INFO","message":"[9:52:14.701 AM]: Creating new connection object"}
{"level":"INFO","message":"[9:52:14.703 AM]: Creating Connection[id: b45e540f-0949-4d75-982f-a6ec1fb71559] with host: fya14544.snowflakecomputing.com, account: fya14544, accessUrl: https://fya14544.snowflakecomputing.com, user: EPIC_DEV, role: EPIC_DEV_ROLE, database: TEST_DEVELOPMENT_ENVIROMENT, schema: DEV_SCHEMA, warehouse: , proxy was not configured, password is provided, region: undefined, authenticator: SNOWFLAKE, ocsp mode: FAIL_OPEN, os: darwin, os version: 25.4.0"}
{"level":"INFO","message":"[9:52:14.704 AM]: Connection[id: b45e540f-0949-4d75-982f-a6ec1fb71559] additional details: passcode in password is provided, passcode is not provided, private key is not provided, application: undefined, client name: snowflake-sdk, client version: 2.4.0, retry timeout: 300, private key path: undefined, private key pass is not provided, client store temporary credential: false, browser response timeout: 120000"}
{"level":"INFO","message":"[9:52:14.704 AM]: Connection[id: b45e540f-0949-4d75-982f-a6ec1fb71559] - connection object created successfully."}
{"level":"INFO","message":"[9:52:14.705 AM]: Connection[id: b45e540f-0949-4d75-982f-a6ec1fb71559] - async connecting. Associated Snowflake domain: GLOBAL"}
{"level":"INFO","message":"[9:52:14.705 AM]: Trying to initialize Easy Logging"}
{"level":"INFO","message":"[9:52:14.706 AM]: No client config detected."}
{"level":"INFO","message":"[9:52:14.707 AM]: No config file path found. Client config will not be used."}
{"level":"INFO","message":"[9:52:14.707 AM]: Easy Logging is disabled as no config has been found"}
{"level":"INFO","message":"[9:52:14.707 AM]: Connection[id: b45e540f-0949-4d75-982f-a6ec1fb71559] - authentication successful using: SNOWFLAKE"}
{"level":"INFO","message":"[9:52:15.297 AM]: Connection[id: b45e540f-0949-4d75-982f-a6ec1fb71559] - connection established successfully after 592.6 milliseconds"}
{"level":"INFO","message":"[10:10:55.255 AM]: Creating new connection object"}
{"level":"INFO","message":"[10:10:55.261 AM]: Creating Connection[id: 50df60b1-7fb8-475c-9167-105f53e7bdc1] with host: fya14544.snowflakecomputing.com, account: fya14544, accessUrl: https://fya14544.snowflakecomputing.com, user: EPIC_DEV, role: EPIC_DEV_ROLE, database: TEST_DEVELOPMENT_ENVIROMENT, schema: DEV_SCHEMA, warehouse: , proxy was not configured, password is provided, region: undefined, authenticator: SNOWFLAKE, ocsp mode: FAIL_OPEN, os: darwin, os version: 25.4.0"}
{"level":"INFO","message":"[10:10:55.261 AM]: Connection[id: 50df60b1-7fb8-475c-9167-105f53e7bdc1] additional details: passcode in password is provided, passcode is not provided, private key is not provided, application: undefined, client name: snowflake-sdk, client version: 2.4.0, retry timeout: 300, private key path: undefined, private key pass is not provided, client store temporary credential: false, browser response timeout: 120000"}
{"level":"INFO","message":"[10:10:55.262 AM]: Connection[id: 50df60b1-7fb8-475c-9167-105f53e7bdc1] - connection object created successfully."}
{"level":"INFO","message":"[10:10:55.262 AM]: Connection[id: 50df60b1-7fb8-475c-9167-105f53e7bdc1] - async connecting. Associated Snowflake domain: GLOBAL"}
{"level":"INFO","message":"[10:10:55.262 AM]: Trying to initialize Easy Logging"}
{"level":"INFO","message":"[10:10:55.285 AM]: No client config detected."}
{"level":"INFO","message":"[10:10:55.285 AM]: No config file path found. Client config will not be used."}
{"level":"INFO","message":"[10:10:55.285 AM]: Easy Logging is disabled as no config has been found"}
{"level":"INFO","message":"[10:10:55.285 AM]: Connection[id: 50df60b1-7fb8-475c-9167-105f53e7bdc1] - authentication successful using: SNOWFLAKE"}
{"level":"INFO","message":"[10:10:55.950 AM]: Connection[id: 50df60b1-7fb8-475c-9167-105f53e7bdc1] - connection established successfully after 688.19 milliseconds"}
{"level":"INFO","message":"[10:11:22.120 AM]: Creating new connection object"}
{"level":"INFO","message":"[10:11:22.123 AM]: Creating Connection[id: 60c36718-a5de-4f5b-97ff-52053ebc0111] with host: fya14544.snowflakecomputing.com, account: fya14544, accessUrl: https://fya14544.snowflakecomputing.com, user: EPIC_DEV, role: EPIC_DEV_ROLE, database: TEST_DEVELOPMENT_ENVIROMENT, schema: DEV_SCHEMA, warehouse: , proxy was not configured, password is provided, region: undefined, authenticator: SNOWFLAKE, ocsp mode: FAIL_OPEN, os: darwin, os version: 25.4.0"}
{"level":"INFO","message":"[10:11:22.123 AM]: Connection[id: 60c36718-a5de-4f5b-97ff-52053ebc0111] additional details: passcode in password is provided, passcode is not provided, private key is not provided, application: undefined, client name: snowflake-sdk, client version: 2.4.0, retry timeout: 300, private key path: undefined, private key pass is not provided, client store temporary credential: false, browser response timeout: 120000"}
{"level":"INFO","message":"[10:11:22.123 AM]: Connection[id: 60c36718-a5de-4f5b-97ff-52053ebc0111] - connection object created successfully."}
{"level":"INFO","message":"[10:11:22.124 AM]: Connection[id: 60c36718-a5de-4f5b-97ff-52053ebc0111] - async connecting. Associated Snowflake domain: GLOBAL"}
{"level":"INFO","message":"[10:11:22.125 AM]: Trying to initialize Easy Logging"}
{"level":"INFO","message":"[10:11:22.131 AM]: No client config detected."}
{"level":"INFO","message":"[10:11:22.132 AM]: No config file path found. Client config will not be used."}
{"level":"INFO","message":"[10:11:22.132 AM]: Easy Logging is disabled as no config has been found"}
{"level":"INFO","message":"[10:11:22.132 AM]: Connection[id: 60c36718-a5de-4f5b-97ff-52053ebc0111] - authentication successful using: SNOWFLAKE"}
{"level":"INFO","message":"[10:11:22.952 AM]: Connection[id: 60c36718-a5de-4f5b-97ff-52053ebc0111] - connection established successfully after 827.78 milliseconds"}
{"level":"INFO","message":"[10:11:42.163 AM]: Creating new connection object"}
{"level":"INFO","message":"[10:11:42.168 AM]: Creating Connection[id: a433845d-6e68-4c57-955b-6d8f456a1bbd] with host: fya14544.snowflakecomputing.com, account: fya14544, accessUrl: https://fya14544.snowflakecomputing.com, user: EPIC_DEV, role: EPIC_DEV_ROLE, database: TEST_DEVELOPMENT_ENVIROMENT, schema: DEV_SCHEMA, warehouse: , proxy was not configured, password is provided, region: undefined, authenticator: SNOWFLAKE, ocsp mode: FAIL_OPEN, os: darwin, os version: 25.4.0"}
{"level":"INFO","message":"[10:11:42.169 AM]: Connection[id: a433845d-6e68-4c57-955b-6d8f456a1bbd] additional details: passcode in password is provided, passcode is not provided, private key is not provided, application: undefined, client name: snowflake-sdk, client version: 2.4.0, retry timeout: 300, private key path: undefined, private key pass is not provided, client store temporary credential: false, browser response timeout: 120000"}
{"level":"INFO","message":"[10:11:42.169 AM]: Connection[id: a433845d-6e68-4c57-955b-6d8f456a1bbd] - connection object created successfully."}
{"level":"INFO","message":"[10:11:42.169 AM]: Connection[id: a433845d-6e68-4c57-955b-6d8f456a1bbd] - async connecting. Associated Snowflake domain: GLOBAL"}
{"level":"INFO","message":"[10:11:42.169 AM]: Trying to initialize Easy Logging"}
{"level":"INFO","message":"[10:11:42.186 AM]: No client config detected."}
{"level":"INFO","message":"[10:11:42.186 AM]: No config file path found. Client config will not be used."}
{"level":"INFO","message":"[10:11:42.186 AM]: Easy Logging is disabled as no config has been found"}
{"level":"INFO","message":"[10:11:42.187 AM]: Connection[id: a433845d-6e68-4c57-955b-6d8f456a1bbd] - authentication successful using: SNOWFLAKE"}
{"level":"INFO","message":"[10:11:42.891 AM]: Connection[id: a433845d-6e68-4c57-955b-6d8f456a1bbd] - connection established successfully after 722.11 milliseconds"}
{"level":"INFO","message":"[10:12:02.253 AM]: Creating new connection object"}
{"level":"INFO","message":"[10:12:02.256 AM]: Creating Connection[id: c53b1305-2dc5-46b3-aa4f-bd2e8fd926fe] with host: fya14544.snowflakecomputing.com, account: fya14544, accessUrl: https://fya14544.snowflakecomputing.com, user: EPIC_DEV, role: EPIC_DEV_ROLE, database: TEST_DEVELOPMENT_ENVIROMENT, schema: DEV_SCHEMA, warehouse: , proxy was not configured, password is provided, region: undefined, authenticator: SNOWFLAKE, ocsp mode: FAIL_OPEN, os: darwin, os version: 25.4.0"}
{"level":"INFO","message":"[10:12:02.256 AM]: Connection[id: c53b1305-2dc5-46b3-aa4f-bd2e8fd926fe] additional details: passcode in password is provided, passcode is not provided, private key is not provided, application: undefined, client name: snowflake-sdk, client version: 2.4.0, retry timeout: 300, private key path: undefined, private key pass is not provided, client store temporary credential: false, browser response timeout: 120000"}
{"level":"INFO","message":"[10:12:02.256 AM]: Connection[id: c53b1305-2dc5-46b3-aa4f-bd2e8fd926fe] - connection object created successfully."}
{"level":"INFO","message":"[10:12:02.257 AM]: Connection[id: c53b1305-2dc5-46b3-aa4f-bd2e8fd926fe] - async connecting. Associated Snowflake domain: GLOBAL"}
{"level":"INFO","message":"[10:12:02.257 AM]: Trying to initialize Easy Logging"}
{"level":"INFO","message":"[10:12:02.258 AM]: No client config detected."}
{"level":"INFO","message":"[10:12:02.258 AM]: No config file path found. Client config will not be used."}
{"level":"INFO","message":"[10:12:02.258 AM]: Easy Logging is disabled as no config has been found"}
{"level":"INFO","message":"[10:12:02.259 AM]: Connection[id: c53b1305-2dc5-46b3-aa4f-bd2e8fd926fe] - authentication successful using: SNOWFLAKE"}
{"level":"INFO","message":"[10:12:03.609 AM]: Connection[id: c53b1305-2dc5-46b3-aa4f-bd2e8fd926fe] - connection established successfully after 1351.96 milliseconds"}
{"level":"INFO","message":"[2:44:39.626 PM]: Creating new connection object"}
{"level":"INFO","message":"[2:44:39.629 PM]: Creating Connection[id: 65f1f23e-7049-4644-beed-fb138fbd0e91] with host: fya14544.snowflakecomputing.com, account: fya14544, accessUrl: https://fya14544.snowflakecomputing.com, user: EPIC_DEV, role: EPIC_DEV_ROLE, database: TEST_DEVELOPMENT_ENVIROMENT, schema: DEV_SCHEMA, warehouse: , proxy was not configured, password is provided, region: undefined, authenticator: SNOWFLAKE, ocsp mode: FAIL_OPEN, os: darwin, os version: 25.4.0"}
{"level":"INFO","message":"[2:44:39.629 PM]: Connection[id: 65f1f23e-7049-4644-beed-fb138fbd0e91] additional details: passcode in password is provided, passcode is not provided, private key is not provided, application: undefined, client name: snowflake-sdk, client version: 2.4.0, retry timeout: 300, private key path: undefined, private key pass is not provided, client store temporary credential: false, browser response timeout: 120000"}
{"level":"INFO","message":"[2:44:39.629 PM]: Connection[id: 65f1f23e-7049-4644-beed-fb138fbd0e91] - connection object created successfully."}
{"level":"INFO","message":"[2:44:39.630 PM]: Connection[id: 65f1f23e-7049-4644-beed-fb138fbd0e91] - async connecting. Associated Snowflake domain: GLOBAL"}
{"level":"INFO","message":"[2:44:39.631 PM]: Trying to initialize Easy Logging"}
{"level":"INFO","message":"[2:44:39.639 PM]: No client config detected."}
{"level":"INFO","message":"[2:44:39.639 PM]: No config file path found. Client config will not be used."}
{"level":"INFO","message":"[2:44:39.639 PM]: Easy Logging is disabled as no config has been found"}
{"level":"INFO","message":"[2:44:39.639 PM]: Connection[id: 65f1f23e-7049-4644-beed-fb138fbd0e91] - authentication successful using: SNOWFLAKE"}
{"level":"INFO","message":"[2:44:40.372 PM]: Connection[id: 65f1f23e-7049-4644-beed-fb138fbd0e91] - connection established successfully after 741.5 milliseconds"}
{"level":"INFO","message":"[4:41:51.719 PM]: Creating new connection object"}
{"level":"INFO","message":"[4:41:51.722 PM]: Creating Connection[id: 1f5bb5f5-3e2d-408e-9051-c8ff7728107d] with host: fya14544.snowflakecomputing.com, account: fya14544, accessUrl: https://fya14544.snowflakecomputing.com, user: EPIC_DEV, role: EPIC_DEV_ROLE, database: TEST_DEVELOPMENT_ENVIROMENT, schema: DEV_SCHEMA, warehouse: , proxy was not configured, password is provided, region: undefined, authenticator: SNOWFLAKE, ocsp mode: FAIL_OPEN, os: darwin, os version: 25.4.0"}
{"level":"INFO","message":"[4:41:51.723 PM]: Connection[id: 1f5bb5f5-3e2d-408e-9051-c8ff7728107d] additional details: passcode in password is provided, passcode is not provided, private key is not provided, application: undefined, client name: snowflake-sdk, client version: 2.4.0, retry timeout: 300, private key path: undefined, private key pass is not provided, client store temporary credential: false, browser response timeout: 120000"}
{"level":"INFO","message":"[4:41:51.723 PM]: Connection[id: 1f5bb5f5-3e2d-408e-9051-c8ff7728107d] - connection object created successfully."}
{"level":"INFO","message":"[4:41:51.723 PM]: Connection[id: 1f5bb5f5-3e2d-408e-9051-c8ff7728107d] - async connecting. Associated Snowflake domain: GLOBAL"}
{"level":"INFO","message":"[4:41:51.724 PM]: Trying to initialize Easy Logging"}
{"level":"INFO","message":"[4:41:51.726 PM]: No client config detected."}
{"level":"INFO","message":"[4:41:51.726 PM]: No config file path found. Client config will not be used."}
{"level":"INFO","message":"[4:41:51.726 PM]: Easy Logging is disabled as no config has been found"}
{"level":"INFO","message":"[4:41:51.726 PM]: Connection[id: 1f5bb5f5-3e2d-408e-9051-c8ff7728107d] - authentication successful using: SNOWFLAKE"}
{"level":"INFO","message":"[4:41:52.372 PM]: Connection[id: 1f5bb5f5-3e2d-408e-9051-c8ff7728107d] - connection established successfully after 648.2 milliseconds"}
{"level":"INFO","message":"[4:43:33.153 PM]: Creating new connection object"}
{"level":"INFO","message":"[4:43:33.158 PM]: Creating Connection[id: 45e70bad-e375-4ac2-a0b0-00de3d601564] with host: fya14544.snowflakecomputing.com, account: fya14544, accessUrl: https://fya14544.snowflakecomputing.com, user: EPIC_DEV, role: EPIC_DEV_ROLE, database: TEST_DEVELOPMENT_ENVIROMENT, schema: DEV_SCHEMA, warehouse: , proxy was not configured, password is provided, region: undefined, authenticator: SNOWFLAKE, ocsp mode: FAIL_OPEN, os: darwin, os version: 25.4.0"}
{"level":"INFO","message":"[4:43:33.158 PM]: Connection[id: 45e70bad-e375-4ac2-a0b0-00de3d601564] additional details: passcode in password is provided, passcode is not provided, private key is not provided, application: undefined, client name: snowflake-sdk, client version: 2.4.0, retry timeout: 300, private key path: undefined, private key pass is not provided, client store temporary credential: false, browser response timeout: 120000"}
{"level":"INFO","message":"[4:43:33.158 PM]: Connection[id: 45e70bad-e375-4ac2-a0b0-00de3d601564] - connection object created successfully."}
{"level":"INFO","message":"[4:43:33.159 PM]: Connection[id: 45e70bad-e375-4ac2-a0b0-00de3d601564] - async connecting. Associated Snowflake domain: GLOBAL"}
{"level":"INFO","message":"[4:43:33.159 PM]: Trying to initialize Easy Logging"}
{"level":"INFO","message":"[4:43:33.160 PM]: No client config detected."}
{"level":"INFO","message":"[4:43:33.160 PM]: No config file path found. Client config will not be used."}
{"level":"INFO","message":"[4:43:33.160 PM]: Easy Logging is disabled as no config has been found"}
{"level":"INFO","message":"[4:43:33.160 PM]: Connection[id: 45e70bad-e375-4ac2-a0b0-00de3d601564] - authentication successful using: SNOWFLAKE"}
{"level":"INFO","message":"[4:43:33.806 PM]: Connection[id: 45e70bad-e375-4ac2-a0b0-00de3d601564] - connection established successfully after 647.02 milliseconds"}
{"level":"INFO","message":"[5:52:05.015 PM]: Creating new connection object"}
{"level":"INFO","message":"[5:52:05.020 PM]: Creating Connection[id: 930f447b-8301-4f4a-9207-7bbd83ffcbaa] with host: fya14544.snowflakecomputing.com, account: fya14544, accessUrl: https://fya14544.snowflakecomputing.com, user: EPIC_DEV, role: EPIC_DEV_ROLE, database: TEST_DEVELOPMENT_ENVIROMENT, schema: DEV_SCHEMA, warehouse: , proxy was not configured, password is provided, region: undefined, authenticator: SNOWFLAKE, ocsp mode: FAIL_OPEN, os: darwin, os version: 25.4.0"}
{"level":"INFO","message":"[5:52:05.020 PM]: Connection[id: 930f447b-8301-4f4a-9207-7bbd83ffcbaa] additional details: passcode in password is provided, passcode is not provided, private key is not provided, application: undefined, client name: snowflake-sdk, client version: 2.4.0, retry timeout: 300, private key path: undefined, private key pass is not provided, client store temporary credential: false, browser response timeout: 120000"}
{"level":"INFO","message":"[5:52:05.020 PM]: Connection[id: 930f447b-8301-4f4a-9207-7bbd83ffcbaa] - connection object created successfully."}
{"level":"INFO","message":"[5:52:05.020 PM]: Connection[id: 930f447b-8301-4f4a-9207-7bbd83ffcbaa] - async connecting. Associated Snowflake domain: GLOBAL"}
{"level":"INFO","message":"[5:52:05.020 PM]: Trying to initialize Easy Logging"}
{"level":"INFO","message":"[5:52:05.041 PM]: No client config detected."}
{"level":"INFO","message":"[5:52:05.041 PM]: No config file path found. Client config will not be used."}
{"level":"INFO","message":"[5:52:05.041 PM]: Easy Logging is disabled as no config has been found"}
{"level":"INFO","message":"[5:52:05.041 PM]: Connection[id: 930f447b-8301-4f4a-9207-7bbd83ffcbaa] - authentication successful using: SNOWFLAKE"}
{"level":"INFO","message":"[5:52:05.784 PM]: Connection[id: 930f447b-8301-4f4a-9207-7bbd83ffcbaa] - connection established successfully after 763.46 milliseconds"}
{"level":"INFO","message":"[5:52:10.694 PM]: Creating new connection object"}
{"level":"INFO","message":"[5:52:10.698 PM]: Creating Connection[id: f9beedf0-6f97-412f-b704-735f5b5d6dd5] with host: fya14544.snowflakecomputing.com, account: fya14544, accessUrl: https://fya14544.snowflakecomputing.com, user: EPIC_DEV, role: EPIC_DEV_ROLE, database: TEST_DEVELOPMENT_ENVIROMENT, schema: DEV_SCHEMA, warehouse: , proxy was not configured, password is provided, region: undefined, authenticator: SNOWFLAKE, ocsp mode: FAIL_OPEN, os: darwin, os version: 25.4.0"}
{"level":"INFO","message":"[5:52:10.698 PM]: Connection[id: f9beedf0-6f97-412f-b704-735f5b5d6dd5] additional details: passcode in password is provided, passcode is not provided, private key is not provided, application: undefined, client name: snowflake-sdk, client version: 2.4.0, retry timeout: 300, private key path: undefined, private key pass is not provided, client store temporary credential: false, browser response timeout: 120000"}
{"level":"INFO","message":"[5:52:10.698 PM]: Connection[id: f9beedf0-6f97-412f-b704-735f5b5d6dd5] - connection object created successfully."}
{"level":"INFO","message":"[5:52:10.699 PM]: Connection[id: f9beedf0-6f97-412f-b704-735f5b5d6dd5] - async connecting. Associated Snowflake domain: GLOBAL"}
{"level":"INFO","message":"[5:52:10.699 PM]: Trying to initialize Easy Logging"}
{"level":"INFO","message":"[5:52:10.701 PM]: No client config detected."}
{"level":"INFO","message":"[5:52:10.701 PM]: No config file path found. Client config will not be used."}
{"level":"INFO","message":"[5:52:10.701 PM]: Easy Logging is disabled as no config has been found"}
{"level":"INFO","message":"[5:52:10.701 PM]: Connection[id: f9beedf0-6f97-412f-b704-735f5b5d6dd5] - authentication successful using: SNOWFLAKE"}
{"level":"INFO","message":"[5:52:11.080 PM]: Connection[id: f9beedf0-6f97-412f-b704-735f5b5d6dd5] - connection established successfully after 381.39 milliseconds"}
{"level":"INFO","message":"[3:56:53.698 PM]: Creating new connection object"}
{"level":"INFO","message":"[3:56:53.703 PM]: Creating Connection[id: b329daf0-2c55-407a-9229-3924c41d6c97] with host: fya14544.snowflakecomputing.com, account: fya14544, accessUrl: https://fya14544.snowflakecomputing.com, user: EPIC_DEV, role: EPIC_DEV_ROLE, database: TEST_DEVELOPMENT_ENVIROMENT, schema: DEV_SCHEMA, warehouse: , proxy was not configured, password is provided, region: undefined, authenticator: SNOWFLAKE, ocsp mode: FAIL_OPEN, os: darwin, os version: 25.4.0"}
{"level":"INFO","message":"[3:56:53.703 PM]: Connection[id: b329daf0-2c55-407a-9229-3924c41d6c97] additional details: passcode in password is provided, passcode is not provided, private key is not provided, application: undefined, client name: snowflake-sdk, client version: 2.4.0, retry timeout: 300, private key path: undefined, private key pass is not provided, client store temporary credential: false, browser response timeout: 120000"}
{"level":"INFO","message":"[3:56:53.703 PM]: Connection[id: b329daf0-2c55-407a-9229-3924c41d6c97] - connection object created successfully."}
{"level":"INFO","message":"[3:56:53.703 PM]: Connection[id: b329daf0-2c55-407a-9229-3924c41d6c97] - async connecting. Associated Snowflake domain: GLOBAL"}
{"level":"INFO","message":"[3:56:53.703 PM]: Trying to initialize Easy Logging"}
{"level":"INFO","message":"[3:56:53.720 PM]: No client config detected."}
{"level":"INFO","message":"[3:56:53.720 PM]: No config file path found. Client config will not be used."}
{"level":"INFO","message":"[3:56:53.720 PM]: Easy Logging is disabled as no config has been found"}
{"level":"INFO","message":"[3:56:53.721 PM]: Connection[id: b329daf0-2c55-407a-9229-3924c41d6c97] - authentication successful using: SNOWFLAKE"}
{"level":"INFO","message":"[3:56:54.730 PM]: Connection[id: b329daf0-2c55-407a-9229-3924c41d6c97] - connection established successfully after 1026.54 milliseconds"}
{"level":"INFO","message":"[4:01:16.173 PM]: Creating new connection object"}
{"level":"INFO","message":"[4:01:16.175 PM]: Creating Connection[id: f63d3fd5-ba4c-45b1-89dd-d33f8fbfc620] with host: fya14544.snowflakecomputing.com, account: fya14544, accessUrl: https://fya14544.snowflakecomputing.com, user: EPIC_DEV, role: EPIC_DEV_ROLE, database: TEST_DEVELOPMENT_ENVIROMENT, schema: DEV_SCHEMA, warehouse: , proxy was not configured, password is provided, region: undefined, authenticator: SNOWFLAKE, ocsp mode: FAIL_OPEN, os: darwin, os version: 25.4.0"}
{"level":"INFO","message":"[4:01:16.175 PM]: Connection[id: f63d3fd5-ba4c-45b1-89dd-d33f8fbfc620] additional details: passcode in password is provided, passcode is not provided, private key is not provided, application: undefined, client name: snowflake-sdk, client version: 2.4.0, retry timeout: 300, private key path: undefined, private key pass is not provided, client store temporary credential: false, browser response timeout: 120000"}
{"level":"INFO","message":"[4:01:16.176 PM]: Connection[id: f63d3fd5-ba4c-45b1-89dd-d33f8fbfc620] - connection object created successfully."}
{"level":"INFO","message":"[4:01:16.176 PM]: Connection[id: f63d3fd5-ba4c-45b1-89dd-d33f8fbfc620] - async connecting. Associated Snowflake domain: GLOBAL"}
{"level":"INFO","message":"[4:01:16.176 PM]: Trying to initialize Easy Logging"}
{"level":"INFO","message":"[4:01:16.177 PM]: No client config detected."}
{"level":"INFO","message":"[4:01:16.177 PM]: No config file path found. Client config will not be used."}
{"level":"INFO","message":"[4:01:16.177 PM]: Easy Logging is disabled as no config has been found"}
{"level":"INFO","message":"[4:01:16.177 PM]: Connection[id: f63d3fd5-ba4c-45b1-89dd-d33f8fbfc620] - authentication successful using: SNOWFLAKE"}
{"level":"INFO","message":"[4:01:16.800 PM]: Connection[id: f63d3fd5-ba4c-45b1-89dd-d33f8fbfc620] - connection established successfully after 624.06 milliseconds"}
{"level":"INFO","message":"[4:20:55.533 PM]: Creating new connection object"}
{"level":"INFO","message":"[4:20:55.538 PM]: Creating Connection[id: 6049ecbf-56c0-4d45-940e-2665c3915e90] with host: fya14544.snowflakecomputing.com, account: fya14544, accessUrl: https://fya14544.snowflakecomputing.com, user: EPIC_DEV, role: EPIC_DEV_ROLE, database: TEST_DEVELOPMENT_ENVIROMENT, schema: DEV_SCHEMA, warehouse: , proxy was not configured, password is provided, region: undefined, authenticator: SNOWFLAKE, ocsp mode: FAIL_OPEN, os: darwin, os version: 25.4.0"}
{"level":"INFO","message":"[4:20:55.538 PM]: Connection[id: 6049ecbf-56c0-4d45-940e-2665c3915e90] additional details: passcode in password is provided, passcode is not provided, private key is not provided, application: undefined, client name: snowflake-sdk, client version: 2.4.0, retry timeout: 300, private key path: undefined, private key pass is not provided, client store temporary credential: false, browser response timeout: 120000"}
{"level":"INFO","message":"[4:20:55.538 PM]: Connection[id: 6049ecbf-56c0-4d45-940e-2665c3915e90] - connection object created successfully."}
{"level":"INFO","message":"[4:20:55.539 PM]: Connection[id: 6049ecbf-56c0-4d45-940e-2665c3915e90] - async connecting. Associated Snowflake domain: GLOBAL"}
{"level":"INFO","message":"[4:20:55.539 PM]: Trying to initialize Easy Logging"}
{"level":"INFO","message":"[4:20:55.547 PM]: No client config detected."}
{"level":"INFO","message":"[4:20:55.547 PM]: No config file path found. Client config will not be used."}
{"level":"INFO","message":"[4:20:55.547 PM]: Easy Logging is disabled as no config has been found"}
{"level":"INFO","message":"[4:20:55.547 PM]: Connection[id: 6049ecbf-56c0-4d45-940e-2665c3915e90] - authentication successful using: SNOWFLAKE"}
{"level":"INFO","message":"[4:20:56.286 PM]: Connection[id: 6049ecbf-56c0-4d45-940e-2665c3915e90] - connection established successfully after 747.26 milliseconds"}
{"level":"INFO","message":"[4:21:13.277 PM]: Creating new connection object"}
{"level":"INFO","message":"[4:21:13.279 PM]: Creating Connection[id: e48483cf-1a80-4f62-b9d1-02a5771b2d9e] with host: fya14544.snowflakecomputing.com, account: fya14544, accessUrl: https://fya14544.snowflakecomputing.com, user: EPIC_DEV, role: EPIC_DEV_ROLE, database: TEST_DEVELOPMENT_ENVIROMENT, schema: DEV_SCHEMA, warehouse: , proxy was not configured, password is provided, region: undefined, authenticator: SNOWFLAKE, ocsp mode: FAIL_OPEN, os: darwin, os version: 25.4.0"}
{"level":"INFO","message":"[4:21:13.279 PM]: Connection[id: e48483cf-1a80-4f62-b9d1-02a5771b2d9e] additional details: passcode in password is provided, passcode is not provided, private key is not provided, application: undefined, client name: snowflake-sdk, client version: 2.4.0, retry timeout: 300, private key path: undefined, private key pass is not provided, client store temporary credential: false, browser response timeout: 120000"}
{"level":"INFO","message":"[4:21:13.279 PM]: Connection[id: e48483cf-1a80-4f62-b9d1-02a5771b2d9e] - connection object created successfully."}
{"level":"INFO","message":"[4:21:13.280 PM]: Connection[id: e48483cf-1a80-4f62-b9d1-02a5771b2d9e] - async connecting. Associated Snowflake domain: GLOBAL"}
{"level":"INFO","message":"[4:21:13.280 PM]: Trying to initialize Easy Logging"}
{"level":"INFO","message":"[4:21:13.281 PM]: No client config detected."}
{"level":"INFO","message":"[4:21:13.281 PM]: No config file path found. Client config will not be used."}
{"level":"INFO","message":"[4:21:13.281 PM]: Easy Logging is disabled as no config has been found"}
{"level":"INFO","message":"[4:21:13.281 PM]: Connection[id: e48483cf-1a80-4f62-b9d1-02a5771b2d9e] - authentication successful using: SNOWFLAKE"}
{"level":"INFO","message":"[4:21:13.902 PM]: Connection[id: e48483cf-1a80-4f62-b9d1-02a5771b2d9e] - connection established successfully after 622.15 milliseconds"}
{"level":"INFO","message":"[8:03:21.835 PM]: Creating new connection object"}
{"level":"INFO","message":"[8:03:21.839 PM]: Creating Connection[id: 2bc8e3e0-ca56-4d81-9c70-310ff2518efe] with host: fya14544.snowflakecomputing.com, account: fya14544, accessUrl: https://fya14544.snowflakecomputing.com, user: EPIC_DEV, role: EPIC_DEV_ROLE, database: TEST_DEVELOPMENT_ENVIROMENT, schema: DEV_SCHEMA, warehouse: , proxy was not configured, password is provided, region: undefined, authenticator: SNOWFLAKE, ocsp mode: FAIL_OPEN, os: darwin, os version: 25.4.0"}
{"level":"INFO","message":"[8:03:21.840 PM]: Connection[id: 2bc8e3e0-ca56-4d81-9c70-310ff2518efe] additional details: passcode in password is provided, passcode is not provided, private key is not provided, application: undefined, client name: snowflake-sdk, client version: 2.4.0, retry timeout: 300, private key path: undefined, private key pass is not provided, client store temporary credential: false, browser response timeout: 120000"}
{"level":"INFO","message":"[8:03:21.840 PM]: Connection[id: 2bc8e3e0-ca56-4d81-9c70-310ff2518efe] - connection object created successfully."}
{"level":"INFO","message":"[8:03:21.840 PM]: Connection[id: 2bc8e3e0-ca56-4d81-9c70-310ff2518efe] - async connecting. Associated Snowflake domain: GLOBAL"}
{"level":"INFO","message":"[8:03:21.840 PM]: Trying to initialize Easy Logging"}
{"level":"INFO","message":"[8:03:21.859 PM]: No client config detected."}
{"level":"INFO","message":"[8:03:21.859 PM]: No config file path found. Client config will not be used."}
{"level":"INFO","message":"[8:03:21.859 PM]: Easy Logging is disabled as no config has been found"}
{"level":"INFO","message":"[8:03:21.859 PM]: Connection[id: 2bc8e3e0-ca56-4d81-9c70-310ff2518efe] - authentication successful using: SNOWFLAKE"}
{"level":"INFO","message":"[8:03:23.398 PM]: Connection[id: 2bc8e3e0-ca56-4d81-9c70-310ff2518efe] - connection established successfully after 1558.37 milliseconds"}
{"level":"INFO","message":"[8:16:01.598 PM]: Creating new connection object"}
{"level":"INFO","message":"[8:16:01.601 PM]: Creating Connection[id: 2dbdf39f-fbc1-4562-b3e2-87be2c25c6d3] with host: fya14544.snowflakecomputing.com, account: fya14544, accessUrl: https://fya14544.snowflakecomputing.com, user: EPIC_DEV, role: EPIC_DEV_ROLE, database: TEST_DEVELOPMENT_ENVIROMENT, schema: DEV_SCHEMA, warehouse: , proxy was not configured, password is provided, region: undefined, authenticator: SNOWFLAKE, ocsp mode: FAIL_OPEN, os: darwin, os version: 25.4.0"}
{"level":"INFO","message":"[8:16:01.601 PM]: Connection[id: 2dbdf39f-fbc1-4562-b3e2-87be2c25c6d3] additional details: passcode in password is provided, passcode is not provided, private key is not provided, application: undefined, client name: snowflake-sdk, client version: 2.4.0, retry timeout: 300, private key path: undefined, private key pass is not provided, client store temporary credential: false, browser response timeout: 120000"}
{"level":"INFO","message":"[8:16:01.601 PM]: Connection[id: 2dbdf39f-fbc1-4562-b3e2-87be2c25c6d3] - connection object created successfully."}
{"level":"INFO","message":"[8:16:01.602 PM]: Connection[id: 2dbdf39f-fbc1-4562-b3e2-87be2c25c6d3] - async connecting. Associated Snowflake domain: GLOBAL"}
{"level":"INFO","message":"[8:16:01.602 PM]: Trying to initialize Easy Logging"}
{"level":"INFO","message":"[8:16:01.603 PM]: No client config detected."}
{"level":"INFO","message":"[8:16:01.603 PM]: No config file path found. Client config will not be used."}
{"level":"INFO","message":"[8:16:01.603 PM]: Easy Logging is disabled as no config has been found"}
{"level":"INFO","message":"[8:16:01.603 PM]: Connection[id: 2dbdf39f-fbc1-4562-b3e2-87be2c25c6d3] - authentication successful using: SNOWFLAKE"}
{"level":"INFO","message":"[8:16:02.330 PM]: Connection[id: 2dbdf39f-fbc1-4562-b3e2-87be2c25c6d3] - connection established successfully after 728.82 milliseconds"}
{"level":"INFO","message":"[8:16:29.374 PM]: Creating new connection object"}
{"level":"INFO","message":"[8:16:29.377 PM]: Creating Connection[id: b5424629-6879-4862-b6e3-09f42a64bcc5] with host: fya14544.snowflakecomputing.com, account: fya14544, accessUrl: https://fya14544.snowflakecomputing.com, user: EPIC_DEV, role: EPIC_DEV_ROLE, database: TEST_DEVELOPMENT_ENVIROMENT, schema: DEV_SCHEMA, warehouse: , proxy was not configured, password is provided, region: undefined, authenticator: SNOWFLAKE, ocsp mode: FAIL_OPEN, os: darwin, os version: 25.4.0"}
{"level":"INFO","message":"[8:16:29.377 PM]: Connection[id: b5424629-6879-4862-b6e3-09f42a64bcc5] additional details: passcode in password is provided, passcode is not provided, private key is not provided, application: undefined, client name: snowflake-sdk, client version: 2.4.0, retry timeout: 300, private key path: undefined, private key pass is not provided, client store temporary credential: false, browser response timeout: 120000"}
{"level":"INFO","message":"[8:16:29.377 PM]: Connection[id: b5424629-6879-4862-b6e3-09f42a64bcc5] - connection object created successfully."}
{"level":"INFO","message":"[8:16:29.378 PM]: Connection[id: b5424629-6879-4862-b6e3-09f42a64bcc5] - async connecting. Associated Snowflake domain: GLOBAL"}
{"level":"INFO","message":"[8:16:29.378 PM]: Trying to initialize Easy Logging"}
{"level":"INFO","message":"[8:16:29.379 PM]: No client config detected."}
{"level":"INFO","message":"[8:16:29.380 PM]: No config file path found. Client config will not be used."}
{"level":"INFO","message":"[8:16:29.380 PM]: Easy Logging is disabled as no config has been found"}
{"level":"INFO","message":"[8:16:29.380 PM]: Connection[id: b5424629-6879-4862-b6e3-09f42a64bcc5] - authentication successful using: SNOWFLAKE"}
{"level":"INFO","message":"[8:16:30.183 PM]: Connection[id: b5424629-6879-4862-b6e3-09f42a64bcc5] - connection established successfully after 804.74 milliseconds"}
{"level":"INFO","message":"[8:20:09.416 PM]: Creating new connection object"}
{"level":"INFO","message":"[8:20:09.419 PM]: Creating Connection[id: 8c2a55b0-180b-4bf1-997c-b4aab688240d] with host: fya14544.snowflakecomputing.com, account: fya14544, accessUrl: https://fya14544.snowflakecomputing.com, user: EPIC_DEV, role: EPIC_DEV_ROLE, database: TEST_DEVELOPMENT_ENVIROMENT, schema: DEV_SCHEMA, warehouse: , proxy was not configured, password is provided, region: undefined, authenticator: SNOWFLAKE, ocsp mode: FAIL_OPEN, os: darwin, os version: 25.4.0"}
{"level":"INFO","message":"[8:20:09.419 PM]: Connection[id: 8c2a55b0-180b-4bf1-997c-b4aab688240d] additional details: passcode in password is provided, passcode is not provided, private key is not provided, application: undefined, client name: snowflake-sdk, client version: 2.4.0, retry timeout: 300, private key path: undefined, private key pass is not provided, client store temporary credential: false, browser response timeout: 120000"}
{"level":"INFO","message":"[8:20:09.419 PM]: Connection[id: 8c2a55b0-180b-4bf1-997c-b4aab688240d] - connection object created successfully."}
{"level":"INFO","message":"[8:20:09.420 PM]: Connection[id: 8c2a55b0-180b-4bf1-997c-b4aab688240d] - async connecting. Associated Snowflake domain: GLOBAL"}
{"level":"INFO","message":"[8:20:09.420 PM]: Trying to initialize Easy Logging"}
{"level":"INFO","message":"[8:20:09.421 PM]: No client config detected."}
{"level":"INFO","message":"[8:20:09.421 PM]: No config file path found. Client config will not be used."}
{"level":"INFO","message":"[8:20:09.421 PM]: Easy Logging is disabled as no config has been found"}
{"level":"INFO","message":"[8:20:09.421 PM]: Connection[id: 8c2a55b0-180b-4bf1-997c-b4aab688240d] - authentication successful using: SNOWFLAKE"}
{"level":"INFO","message":"[8:20:10.141 PM]: Connection[id: 8c2a55b0-180b-4bf1-997c-b4aab688240d] - connection established successfully after 721.18 milliseconds"}
{"level":"INFO","message":"[8:38:06.455 PM]: Creating new connection object"}
{"level":"INFO","message":"[8:38:06.460 PM]: Creating Connection[id: f246a1e5-02dd-4dbc-9ead-6843e3ff8fe4] with host: fya14544.snowflakecomputing.com, account: fya14544, accessUrl: https://fya14544.snowflakecomputing.com, user: EPIC_DEV, role: EPIC_DEV_ROLE, database: TEST_DEVELOPMENT_ENVIROMENT, schema: DEV_SCHEMA, warehouse: , proxy was not configured, password is provided, region: undefined, authenticator: SNOWFLAKE, ocsp mode: FAIL_OPEN, os: darwin, os version: 25.4.0"}
{"level":"INFO","message":"[8:38:06.460 PM]: Connection[id: f246a1e5-02dd-4dbc-9ead-6843e3ff8fe4] additional details: passcode in password is provided, passcode is not provided, private key is not provided, application: undefined, client name: snowflake-sdk, client version: 2.4.0, retry timeout: 300, private key path: undefined, private key pass is not provided, client store temporary credential: false, browser response timeout: 120000"}
{"level":"INFO","message":"[8:38:06.460 PM]: Connection[id: f246a1e5-02dd-4dbc-9ead-6843e3ff8fe4] - connection object created successfully."}
{"level":"INFO","message":"[8:38:06.460 PM]: Connection[id: f246a1e5-02dd-4dbc-9ead-6843e3ff8fe4] - async connecting. Associated Snowflake domain: GLOBAL"}
{"level":"INFO","message":"[8:38:06.460 PM]: Trying to initialize Easy Logging"}
{"level":"INFO","message":"[8:38:06.477 PM]: No client config detected."}
{"level":"INFO","message":"[8:38:06.477 PM]: No config file path found. Client config will not be used."}
{"level":"INFO","message":"[8:38:06.477 PM]: Easy Logging is disabled as no config has been found"}
{"level":"INFO","message":"[8:38:06.477 PM]: Connection[id: f246a1e5-02dd-4dbc-9ead-6843e3ff8fe4] - authentication successful using: SNOWFLAKE"}
{"level":"INFO","message":"[8:38:07.096 PM]: Connection[id: f246a1e5-02dd-4dbc-9ead-6843e3ff8fe4] - connection established successfully after 635.98 milliseconds"}
{"level":"INFO","message":"[8:39:30.776 PM]: Creating new connection object"}
{"level":"INFO","message":"[8:39:30.779 PM]: Creating Connection[id: 6d95b9e3-a99b-46d1-9304-971b06096cf0] with host: fya14544.snowflakecomputing.com, account: fya14544, accessUrl: https://fya14544.snowflakecomputing.com, user: EPIC_DEV, role: EPIC_DEV_ROLE, database: TEST_DEVELOPMENT_ENVIROMENT, schema: DEV_SCHEMA, warehouse: , proxy was not configured, password is provided, region: undefined, authenticator: SNOWFLAKE, ocsp mode: FAIL_OPEN, os: darwin, os version: 25.4.0"}
{"level":"INFO","message":"[8:39:30.779 PM]: Connection[id: 6d95b9e3-a99b-46d1-9304-971b06096cf0] additional details: passcode in password is provided, passcode is not provided, private key is not provided, application: undefined, client name: snowflake-sdk, client version: 2.4.0, retry timeout: 300, private key path: undefined, private key pass is not provided, client store temporary credential: false, browser response timeout: 120000"}
{"level":"INFO","message":"[8:39:30.779 PM]: Connection[id: 6d95b9e3-a99b-46d1-9304-971b06096cf0] - connection object created successfully."}
{"level":"INFO","message":"[8:39:30.779 PM]: Connection[id: 6d95b9e3-a99b-46d1-9304-971b06096cf0] - async connecting. Associated Snowflake domain: GLOBAL"}
{"level":"INFO","message":"[8:39:30.779 PM]: Trying to initialize Easy Logging"}
{"level":"INFO","message":"[8:39:30.780 PM]: No client config detected."}
{"level":"INFO","message":"[8:39:30.780 PM]: No config file path found. Client config will not be used."}
{"level":"INFO","message":"[8:39:30.780 PM]: Easy Logging is disabled as no config has been found"}
{"level":"INFO","message":"[8:39:30.781 PM]: Connection[id: 6d95b9e3-a99b-46d1-9304-971b06096cf0] - authentication successful using: SNOWFLAKE"}
{"level":"INFO","message":"[8:39:31.381 PM]: Connection[id: 6d95b9e3-a99b-46d1-9304-971b06096cf0] - connection established successfully after 601.91 milliseconds"}
{"level":"INFO","message":"[8:46:11.043 PM]: Creating new connection object"}
{"level":"INFO","message":"[8:46:11.045 PM]: Creating Connection[id: eb61c5dd-ede3-4eec-9edf-6078892f1317] with host: fya14544.snowflakecomputing.com, account: fya14544, accessUrl: https://fya14544.snowflakecomputing.com, user: EPIC_DEV, role: EPIC_DEV_ROLE, database: TEST_DEVELOPMENT_ENVIROMENT, schema: DEV_SCHEMA, warehouse: , proxy was not configured, password is provided, region: undefined, authenticator: SNOWFLAKE, ocsp mode: FAIL_OPEN, os: darwin, os version: 25.4.0"}
{"level":"INFO","message":"[8:46:11.045 PM]: Connection[id: eb61c5dd-ede3-4eec-9edf-6078892f1317] additional details: passcode in password is provided, passcode is not provided, private key is not provided, application: undefined, client name: snowflake-sdk, client version: 2.4.0, retry timeout: 300, private key path: undefined, private key pass is not provided, client store temporary credential: false, browser response timeout: 120000"}
{"level":"INFO","message":"[8:46:11.045 PM]: Connection[id: eb61c5dd-ede3-4eec-9edf-6078892f1317] - connection object created successfully."}
{"level":"INFO","message":"[8:46:11.045 PM]: Connection[id: eb61c5dd-ede3-4eec-9edf-6078892f1317] - async connecting. Associated Snowflake domain: GLOBAL"}
{"level":"INFO","message":"[8:46:11.045 PM]: Trying to initialize Easy Logging"}
{"level":"INFO","message":"[8:46:11.046 PM]: No client config detected."}
{"level":"INFO","message":"[8:46:11.046 PM]: No config file path found. Client config will not be used."}
{"level":"INFO","message":"[8:46:11.046 PM]: Easy Logging is disabled as no config has been found"}
{"level":"INFO","message":"[8:46:11.046 PM]: Connection[id: eb61c5dd-ede3-4eec-9edf-6078892f1317] - authentication successful using: SNOWFLAKE"}
{"level":"INFO","message":"[8:46:11.584 PM]: Connection[id: eb61c5dd-ede3-4eec-9edf-6078892f1317] - connection established successfully after 539.6 milliseconds"}
{"level":"INFO","message":"[9:07:51.033 PM]: Creating new connection object"}
{"level":"INFO","message":"[9:07:51.036 PM]: Creating Connection[id: 3a9c2904-a29f-41b5-9637-0ecb1846dfbc] with host: fya14544.snowflakecomputing.com, account: fya14544, accessUrl: https://fya14544.snowflakecomputing.com, user: EPIC_DEV, role: EPIC_DEV_ROLE, database: TEST_DEVELOPMENT_ENVIROMENT, schema: DEV_SCHEMA, warehouse: , proxy was not configured, password is provided, region: undefined, authenticator: SNOWFLAKE, ocsp mode: FAIL_OPEN, os: darwin, os version: 25.4.0"}
{"level":"INFO","message":"[9:07:51.037 PM]: Connection[id: 3a9c2904-a29f-41b5-9637-0ecb1846dfbc] additional details: passcode in password is provided, passcode is not provided, private key is not provided, application: undefined, client name: snowflake-sdk, client version: 2.4.0, retry timeout: 300, private key path: undefined, private key pass is not provided, client store temporary credential: false, browser response timeout: 120000"}
{"level":"INFO","message":"[9:07:51.037 PM]: Connection[id: 3a9c2904-a29f-41b5-9637-0ecb1846dfbc] - connection object created successfully."}
{"level":"INFO","message":"[9:07:51.037 PM]: Connection[id: 3a9c2904-a29f-41b5-9637-0ecb1846dfbc] - async connecting. Associated Snowflake domain: GLOBAL"}
{"level":"INFO","message":"[9:07:51.037 PM]: Trying to initialize Easy Logging"}
{"level":"INFO","message":"[9:07:51.038 PM]: No client config detected."}
{"level":"INFO","message":"[9:07:51.038 PM]: No config file path found. Client config will not be used."}
{"level":"INFO","message":"[9:07:51.038 PM]: Easy Logging is disabled as no config has been found"}
{"level":"INFO","message":"[9:07:51.038 PM]: Connection[id: 3a9c2904-a29f-41b5-9637-0ecb1846dfbc] - authentication successful using: SNOWFLAKE"}
{"level":"INFO","message":"[9:07:51.743 PM]: Connection[id: 3a9c2904-a29f-41b5-9637-0ecb1846dfbc] - connection established successfully after 706.1 milliseconds"}
{"level":"INFO","message":"[9:13:57.550 PM]: Creating new connection object"}
{"level":"INFO","message":"[9:13:57.554 PM]: Creating Connection[id: 77008a2c-f94c-4c4b-8460-8ffdd74ff2d9] with host: fya14544.snowflakecomputing.com, account: fya14544, accessUrl: https://fya14544.snowflakecomputing.com, user: EPIC_DEV, role: EPIC_DEV_ROLE, database: TEST_DEVELOPMENT_ENVIROMENT, schema: DEV_SCHEMA, warehouse: , proxy was not configured, password is provided, region: undefined, authenticator: SNOWFLAKE, ocsp mode: FAIL_OPEN, os: darwin, os version: 25.4.0"}
{"level":"INFO","message":"[9:13:57.554 PM]: Connection[id: 77008a2c-f94c-4c4b-8460-8ffdd74ff2d9] additional details: passcode in password is provided, passcode is not provided, private key is not provided, application: undefined, client name: snowflake-sdk, client version: 2.4.0, retry timeout: 300, private key path: undefined, private key pass is not provided, client store temporary credential: false, browser response timeout: 120000"}
{"level":"INFO","message":"[9:13:57.554 PM]: Connection[id: 77008a2c-f94c-4c4b-8460-8ffdd74ff2d9] - connection object created successfully."}
{"level":"INFO","message":"[9:13:57.554 PM]: Connection[id: 77008a2c-f94c-4c4b-8460-8ffdd74ff2d9] - async connecting. Associated Snowflake domain: GLOBAL"}
{"level":"INFO","message":"[9:13:57.554 PM]: Trying to initialize Easy Logging"}
{"level":"INFO","message":"[9:13:57.556 PM]: No client config detected."}
{"level":"INFO","message":"[9:13:57.556 PM]: No config file path found. Client config will not be used."}
{"level":"INFO","message":"[9:13:57.556 PM]: Easy Logging is disabled as no config has been found"}
{"level":"INFO","message":"[9:13:57.556 PM]: Connection[id: 77008a2c-f94c-4c4b-8460-8ffdd74ff2d9] - authentication successful using: SNOWFLAKE"}
{"level":"INFO","message":"[9:13:58.337 PM]: Connection[id: 77008a2c-f94c-4c4b-8460-8ffdd74ff2d9] - connection established successfully after 782.38 milliseconds"}
{"level":"INFO","message":"[10:31:24.405 AM]: Creating new connection object"}
{"level":"INFO","message":"[10:31:24.410 AM]: Creating Connection[id: 7c678d19-71ce-45e1-a8fa-c88f8a1be18a] with host: fya14544.snowflakecomputing.com, account: fya14544, accessUrl: https://fya14544.snowflakecomputing.com, user: EPIC_DEV, role: EPIC_DEV_ROLE, database: TEST_DEVELOPMENT_ENVIROMENT, schema: DEV_SCHEMA, warehouse: , proxy was not configured, password is provided, region: undefined, authenticator: SNOWFLAKE, ocsp mode: FAIL_OPEN, os: darwin, os version: 25.4.0"}
{"level":"INFO","message":"[10:31:24.410 AM]: Connection[id: 7c678d19-71ce-45e1-a8fa-c88f8a1be18a] additional details: passcode in password is provided, passcode is not provided, private key is not provided, application: undefined, client name: snowflake-sdk, client version: 2.4.0, retry timeout: 300, private key path: undefined, private key pass is not provided, client store temporary credential: false, browser response timeout: 120000"}
{"level":"INFO","message":"[10:31:24.410 AM]: Connection[id: 7c678d19-71ce-45e1-a8fa-c88f8a1be18a] - connection object created successfully."}
{"level":"INFO","message":"[10:31:24.410 AM]: Connection[id: 7c678d19-71ce-45e1-a8fa-c88f8a1be18a] - async connecting. Associated Snowflake domain: GLOBAL"}
{"level":"INFO","message":"[10:31:24.411 AM]: Trying to initialize Easy Logging"}
{"level":"INFO","message":"[10:31:24.424 AM]: No client config detected."}
{"level":"INFO","message":"[10:31:24.424 AM]: No config file path found. Client config will not be used."}
{"level":"INFO","message":"[10:31:24.424 AM]: Easy Logging is disabled as no config has been found"}
{"level":"INFO","message":"[10:31:24.424 AM]: Connection[id: 7c678d19-71ce-45e1-a8fa-c88f8a1be18a] - authentication successful using: SNOWFLAKE"}
{"level":"INFO","message":"[10:31:25.176 AM]: Connection[id: 7c678d19-71ce-45e1-a8fa-c88f8a1be18a] - connection established successfully after 765.96 milliseconds"}
{"level":"INFO","message":"[10:32:02.269 AM]: Creating new connection object"}
{"level":"INFO","message":"[10:32:02.274 AM]: Creating Connection[id: 13d1373c-6c5a-47cf-941b-556aa26e58dc] with host: fya14544.snowflakecomputing.com, account: fya14544, accessUrl: https://fya14544.snowflakecomputing.com, user: EPIC_DEV, role: EPIC_DEV_ROLE, database: TEST_DEVELOPMENT_ENVIROMENT, schema: DEV_SCHEMA, warehouse: , proxy was not configured, password is provided, region: undefined, authenticator: SNOWFLAKE, ocsp mode: FAIL_OPEN, os: darwin, os version: 25.4.0"}
{"level":"INFO","message":"[10:32:02.274 AM]: Connection[id: 13d1373c-6c5a-47cf-941b-556aa26e58dc] additional details: passcode in password is provided, passcode is not provided, private key is not provided, application: undefined, client name: snowflake-sdk, client version: 2.4.0, retry timeout: 300, private key path: undefined, private key pass is not provided, client store temporary credential: false, browser response timeout: 120000"}
{"level":"INFO","message":"[10:32:02.274 AM]: Connection[id: 13d1373c-6c5a-47cf-941b-556aa26e58dc] - connection object created successfully."}
{"level":"INFO","message":"[10:32:02.274 AM]: Connection[id: 13d1373c-6c5a-47cf-941b-556aa26e58dc] - async connecting. Associated Snowflake domain: GLOBAL"}
{"level":"INFO","message":"[10:32:02.275 AM]: Trying to initialize Easy Logging"}
{"level":"INFO","message":"[10:32:02.287 AM]: No client config detected."}
{"level":"INFO","message":"[10:32:02.287 AM]: No config file path found. Client config will not be used."}
{"level":"INFO","message":"[10:32:02.288 AM]: Easy Logging is disabled as no config has been found"}
{"level":"INFO","message":"[10:32:02.288 AM]: Connection[id: 13d1373c-6c5a-47cf-941b-556aa26e58dc] - authentication successful using: SNOWFLAKE"}
{"level":"INFO","message":"[10:32:03.003 AM]: Connection[id: 13d1373c-6c5a-47cf-941b-556aa26e58dc] - connection established successfully after 728.18 milliseconds"}
{"level":"INFO","message":"[10:37:38.908 AM]: Creating new connection object"}
{"level":"INFO","message":"[10:37:38.913 AM]: Creating Connection[id: 184f5ee3-07ce-4eaf-a07c-dfb0230763e0] with host: fya14544.snowflakecomputing.com, account: fya14544, accessUrl: https://fya14544.snowflakecomputing.com, user: EPIC_DEV, role: EPIC_DEV_ROLE, database: TEST_DEVELOPMENT_ENVIROMENT, schema: DEV_SCHEMA, warehouse: , proxy was not configured, password is provided, region: undefined, authenticator: SNOWFLAKE, ocsp mode: FAIL_OPEN, os: darwin, os version: 25.4.0"}
{"level":"INFO","message":"[10:37:38.913 AM]: Connection[id: 184f5ee3-07ce-4eaf-a07c-dfb0230763e0] additional details: passcode in password is provided, passcode is not provided, private key is not provided, application: undefined, client name: snowflake-sdk, client version: 2.4.0, retry timeout: 300, private key path: undefined, private key pass is not provided, client store temporary credential: false, browser response timeout: 120000"}
{"level":"INFO","message":"[10:37:38.913 AM]: Connection[id: 184f5ee3-07ce-4eaf-a07c-dfb0230763e0] - connection object created successfully."}
{"level":"INFO","message":"[10:37:38.913 AM]: Connection[id: 184f5ee3-07ce-4eaf-a07c-dfb0230763e0] - async connecting. Associated Snowflake domain: GLOBAL"}
{"level":"INFO","message":"[10:37:38.913 AM]: Trying to initialize Easy Logging"}
{"level":"INFO","message":"[10:37:38.936 AM]: No client config detected."}
{"level":"INFO","message":"[10:37:38.936 AM]: No config file path found. Client config will not be used."}
{"level":"INFO","message":"[10:37:38.936 AM]: Easy Logging is disabled as no config has been found"}
{"level":"INFO","message":"[10:37:38.936 AM]: Connection[id: 184f5ee3-07ce-4eaf-a07c-dfb0230763e0] - authentication successful using: SNOWFLAKE"}
{"level":"INFO","message":"[10:37:39.810 AM]: Connection[id: 184f5ee3-07ce-4eaf-a07c-dfb0230763e0] - connection established successfully after 897.07 milliseconds"}
{"level":"INFO","message":"[10:41:01.625 AM]: Creating new connection object"}
{"level":"INFO","message":"[10:41:01.630 AM]: Creating Connection[id: 31a382f5-f0b6-4c43-9dfd-b4ee254f9524] with host: fya14544.snowflakecomputing.com, account: fya14544, accessUrl: https://fya14544.snowflakecomputing.com, user: EPIC_DEV, role: EPIC_DEV_ROLE, database: TEST_DEVELOPMENT_ENVIROMENT, schema: DEV_SCHEMA, warehouse: , proxy was not configured, password is provided, region: undefined, authenticator: SNOWFLAKE, ocsp mode: FAIL_OPEN, os: darwin, os version: 25.4.0"}
{"level":"INFO","message":"[10:41:01.630 AM]: Connection[id: 31a382f5-f0b6-4c43-9dfd-b4ee254f9524] additional details: passcode in password is provided, passcode is not provided, private key is not provided, application: undefined, client name: snowflake-sdk, client version: 2.4.0, retry timeout: 300, private key path: undefined, private key pass is not provided, client store temporary credential: false, browser response timeout: 120000"}
{"level":"INFO","message":"[10:41:01.630 AM]: Connection[id: 31a382f5-f0b6-4c43-9dfd-b4ee254f9524] - connection object created successfully."}
{"level":"INFO","message":"[10:41:01.630 AM]: Connection[id: 31a382f5-f0b6-4c43-9dfd-b4ee254f9524] - async connecting. Associated Snowflake domain: GLOBAL"}
{"level":"INFO","message":"[10:41:01.630 AM]: Trying to initialize Easy Logging"}
{"level":"INFO","message":"[10:41:01.648 AM]: No client config detected."}
{"level":"INFO","message":"[10:41:01.648 AM]: No config file path found. Client config will not be used."}
{"level":"INFO","message":"[10:41:01.648 AM]: Easy Logging is disabled as no config has been found"}
{"level":"INFO","message":"[10:41:01.648 AM]: Connection[id: 31a382f5-f0b6-4c43-9dfd-b4ee254f9524] - authentication successful using: SNOWFLAKE"}
{"level":"INFO","message":"[10:41:02.223 AM]: Connection[id: 31a382f5-f0b6-4c43-9dfd-b4ee254f9524] - connection established successfully after 593.11 milliseconds"}
{"level":"INFO","message":"[10:52:51.164 AM]: Creating new connection object"}
{"level":"INFO","message":"[10:52:51.168 AM]: Creating Connection[id: 4b114a6c-31b7-4009-b718-56bc1b2a01d7] with host: fya14544.snowflakecomputing.com, account: fya14544, accessUrl: https://fya14544.snowflakecomputing.com, user: EPIC_DEV, role: EPIC_DEV_ROLE, database: TEST_DEVELOPMENT_ENVIROMENT, schema: DEV_SCHEMA, warehouse: , proxy was not configured, password is provided, region: undefined, authenticator: SNOWFLAKE, ocsp mode: FAIL_OPEN, os: darwin, os version: 25.4.0"}
{"level":"INFO","message":"[10:52:51.169 AM]: Connection[id: 4b114a6c-31b7-4009-b718-56bc1b2a01d7] additional details: passcode in password is provided, passcode is not provided, private key is not provided, application: undefined, client name: snowflake-sdk, client version: 2.4.0, retry timeout: 300, private key path: undefined, private key pass is not provided, client store temporary credential: false, browser response timeout: 120000"}
{"level":"INFO","message":"[10:52:51.169 AM]: Connection[id: 4b114a6c-31b7-4009-b718-56bc1b2a01d7] - connection object created successfully."}
{"level":"INFO","message":"[10:52:51.169 AM]: Connection[id: 4b114a6c-31b7-4009-b718-56bc1b2a01d7] - async connecting. Associated Snowflake domain: GLOBAL"}
{"level":"INFO","message":"[10:52:51.169 AM]: Trying to initialize Easy Logging"}
{"level":"INFO","message":"[10:52:51.172 AM]: No client config detected."}
{"level":"INFO","message":"[10:52:51.172 AM]: No config file path found. Client config will not be used."}
{"level":"INFO","message":"[10:52:51.173 AM]: Easy Logging is disabled as no config has been found"}
{"level":"INFO","message":"[10:52:51.173 AM]: Connection[id: 4b114a6c-31b7-4009-b718-56bc1b2a01d7] - authentication successful using: SNOWFLAKE"}
{"level":"INFO","message":"[10:52:51.742 AM]: Connection[id: 4b114a6c-31b7-4009-b718-56bc1b2a01d7] - connection established successfully after 573.47 milliseconds"}
{"level":"INFO","message":"[10:57:52.613 AM]: Creating new connection object"}
{"level":"INFO","message":"[10:57:52.618 AM]: Creating Connection[id: 762a63c0-8f3e-4a93-98a2-c041ed26122f] with host: fya14544.snowflakecomputing.com, account: fya14544, accessUrl: https://fya14544.snowflakecomputing.com, user: EPIC_DEV, role: EPIC_DEV_ROLE, database: TEST_DEVELOPMENT_ENVIROMENT, schema: DEV_SCHEMA, warehouse: , proxy was not configured, password is provided, region: undefined, authenticator: SNOWFLAKE, ocsp mode: FAIL_OPEN, os: darwin, os version: 25.4.0"}
{"level":"INFO","message":"[10:57:52.619 AM]: Connection[id: 762a63c0-8f3e-4a93-98a2-c041ed26122f] additional details: passcode in password is provided, passcode is not provided, private key is not provided, application: undefined, client name: snowflake-sdk, client version: 2.4.0, retry timeout: 300, private key path: undefined, private key pass is not provided, client store temporary credential: false, browser response timeout: 120000"}
{"level":"INFO","message":"[10:57:52.619 AM]: Connection[id: 762a63c0-8f3e-4a93-98a2-c041ed26122f] - connection object created successfully."}
{"level":"INFO","message":"[10:57:52.619 AM]: Connection[id: 762a63c0-8f3e-4a93-98a2-c041ed26122f] - async connecting. Associated Snowflake domain: GLOBAL"}
{"level":"INFO","message":"[10:57:52.619 AM]: Trying to initialize Easy Logging"}
{"level":"INFO","message":"[10:57:52.635 AM]: No client config detected."}
{"level":"INFO","message":"[10:57:52.636 AM]: No config file path found. Client config will not be used."}
{"level":"INFO","message":"[10:57:52.636 AM]: Easy Logging is disabled as no config has been found"}
{"level":"INFO","message":"[10:57:52.636 AM]: Connection[id: 762a63c0-8f3e-4a93-98a2-c041ed26122f] - authentication successful using: SNOWFLAKE"}
{"level":"INFO","message":"[10:57:53.220 AM]: Connection[id: 762a63c0-8f3e-4a93-98a2-c041ed26122f] - connection established successfully after 601.49 milliseconds"}
{"level":"INFO","message":"[11:06:33.747 AM]: Creating new connection object"}
{"level":"INFO","message":"[11:06:33.752 AM]: Creating Connection[id: 7964a9dc-3870-4693-b9e2-7f24a50f2248] with host: fya14544.snowflakecomputing.com, account: fya14544, accessUrl: https://fya14544.snowflakecomputing.com, user: EPIC_DEV, role: EPIC_DEV_ROLE, database: TEST_DEVELOPMENT_ENVIROMENT, schema: DEV_SCHEMA, warehouse: , proxy was not configured, password is provided, region: undefined, authenticator: SNOWFLAKE, ocsp mode: FAIL_OPEN, os: darwin, os version: 25.4.0"}
{"level":"INFO","message":"[11:06:33.752 AM]: Connection[id: 7964a9dc-3870-4693-b9e2-7f24a50f2248] additional details: passcode in password is provided, passcode is not provided, private key is not provided, application: undefined, client name: snowflake-sdk, client version: 2.4.0, retry timeout: 300, private key path: undefined, private key pass is not provided, client store temporary credential: false, browser response timeout: 120000"}
{"level":"INFO","message":"[11:06:33.752 AM]: Connection[id: 7964a9dc-3870-4693-b9e2-7f24a50f2248] - connection object created successfully."}
{"level":"INFO","message":"[11:06:33.753 AM]: Connection[id: 7964a9dc-3870-4693-b9e2-7f24a50f2248] - async connecting. Associated Snowflake domain: GLOBAL"}
{"level":"INFO","message":"[11:06:33.753 AM]: Trying to initialize Easy Logging"}
{"level":"INFO","message":"[11:06:33.769 AM]: No client config detected."}
{"level":"INFO","message":"[11:06:33.770 AM]: No config file path found. Client config will not be used."}
{"level":"INFO","message":"[11:06:33.770 AM]: Easy Logging is disabled as no config has been found"}
{"level":"INFO","message":"[11:06:33.770 AM]: Connection[id: 7964a9dc-3870-4693-b9e2-7f24a50f2248] - authentication successful using: SNOWFLAKE"}
{"level":"INFO","message":"[11:06:34.512 AM]: Connection[id: 7964a9dc-3870-4693-b9e2-7f24a50f2248] - connection established successfully after 758.86 milliseconds"}
{"level":"INFO","message":"[11:29:20.327 AM]: Creating new connection object"}
{"level":"INFO","message":"[11:29:20.333 AM]: Creating Connection[id: 9e187dd5-02b4-4bb5-9f0a-dc2df0f8fa3f] with host: fya14544.snowflakecomputing.com, account: fya14544, accessUrl: https://fya14544.snowflakecomputing.com, user: EPIC_DEV, role: EPIC_DEV_ROLE, database: TEST_DEVELOPMENT_ENVIROMENT, schema: DEV_SCHEMA, warehouse: , proxy was not configured, password is provided, region: undefined, authenticator: SNOWFLAKE, ocsp mode: FAIL_OPEN, os: darwin, os version: 25.4.0"}
{"level":"INFO","message":"[11:29:20.333 AM]: Connection[id: 9e187dd5-02b4-4bb5-9f0a-dc2df0f8fa3f] additional details: passcode in password is provided, passcode is not provided, private key is not provided, application: undefined, client name: snowflake-sdk, client version: 2.4.0, retry timeout: 300, private key path: undefined, private key pass is not provided, client store temporary credential: false, browser response timeout: 120000"}
{"level":"INFO","message":"[11:29:20.333 AM]: Connection[id: 9e187dd5-02b4-4bb5-9f0a-dc2df0f8fa3f] - connection object created successfully."}
{"level":"INFO","message":"[11:29:20.418 AM]: Connection[id: 9e187dd5-02b4-4bb5-9f0a-dc2df0f8fa3f] - async connecting. Associated Snowflake domain: GLOBAL"}
{"level":"INFO","message":"[11:29:20.418 AM]: Trying to initialize Easy Logging"}
{"level":"INFO","message":"[11:29:20.439 AM]: No client config detected."}
{"level":"INFO","message":"[11:29:20.439 AM]: No config file path found. Client config will not be used."}
{"level":"INFO","message":"[11:29:20.439 AM]: Easy Logging is disabled as no config has been found"}
{"level":"INFO","message":"[11:29:20.439 AM]: Connection[id: 9e187dd5-02b4-4bb5-9f0a-dc2df0f8fa3f] - authentication successful using: SNOWFLAKE"}
{"level":"INFO","message":"[11:29:21.040 AM]: Connection[id: 9e187dd5-02b4-4bb5-9f0a-dc2df0f8fa3f] - connection established successfully after 621.42 milliseconds"}
{"level":"INFO","message":"[11:29:32.746 AM]: Creating new connection object"}
{"level":"INFO","message":"[11:29:32.749 AM]: Creating Connection[id: 09e566a8-bfaf-4d60-98f4-9f9b82c142bf] with host: fya14544.snowflakecomputing.com, account: fya14544, accessUrl: https://fya14544.snowflakecomputing.com, user: EPIC_DEV, role: EPIC_DEV_ROLE, database: TEST_DEVELOPMENT_ENVIROMENT, schema: DEV_SCHEMA, warehouse: , proxy was not configured, password is provided, region: undefined, authenticator: SNOWFLAKE, ocsp mode: FAIL_OPEN, os: darwin, os version: 25.4.0"}
{"level":"INFO","message":"[11:29:32.749 AM]: Connection[id: 09e566a8-bfaf-4d60-98f4-9f9b82c142bf] additional details: passcode in password is provided, passcode is not provided, private key is not provided, application: undefined, client name: snowflake-sdk, client version: 2.4.0, retry timeout: 300, private key path: undefined, private key pass is not provided, client store temporary credential: false, browser response timeout: 120000"}
{"level":"INFO","message":"[11:29:32.749 AM]: Connection[id: 09e566a8-bfaf-4d60-98f4-9f9b82c142bf] - connection object created successfully."}
{"level":"INFO","message":"[11:29:32.750 AM]: Connection[id: 09e566a8-bfaf-4d60-98f4-9f9b82c142bf] - async connecting. Associated Snowflake domain: GLOBAL"}
{"level":"INFO","message":"[11:29:32.750 AM]: Trying to initialize Easy Logging"}
{"level":"INFO","message":"[11:29:32.752 AM]: No client config detected."}
{"level":"INFO","message":"[11:29:32.752 AM]: No config file path found. Client config will not be used."}
{"level":"INFO","message":"[11:29:32.752 AM]: Easy Logging is disabled as no config has been found"}
{"level":"INFO","message":"[11:29:32.752 AM]: Connection[id: 09e566a8-bfaf-4d60-98f4-9f9b82c142bf] - authentication successful using: SNOWFLAKE"}
{"level":"INFO","message":"[11:29:33.302 AM]: Connection[id: 09e566a8-bfaf-4d60-98f4-9f9b82c142bf] - connection established successfully after 552.34 milliseconds"}
{"level":"INFO","message":"[12:56:42.587 PM]: Creating new connection object"}
{"level":"INFO","message":"[12:56:42.591 PM]: Creating Connection[id: c60ecc40-9bbb-4674-beff-bf6e994b8e86] with host: fya14544.snowflakecomputing.com, account: fya14544, accessUrl: https://fya14544.snowflakecomputing.com, user: EPIC_DEV, role: EPIC_DEV_ROLE, database: TEST_DEVELOPMENT_ENVIROMENT, schema: DEV_SCHEMA, warehouse: , proxy was not configured, password is provided, region: undefined, authenticator: SNOWFLAKE, ocsp mode: FAIL_OPEN, os: darwin, os version: 25.4.0"}
{"level":"INFO","message":"[12:56:42.591 PM]: Connection[id: c60ecc40-9bbb-4674-beff-bf6e994b8e86] additional details: passcode in password is provided, passcode is not provided, private key is not provided, application: undefined, client name: snowflake-sdk, client version: 2.4.0, retry timeout: 300, private key path: undefined, private key pass is not provided, client store temporary credential: false, browser response timeout: 120000"}
{"level":"INFO","message":"[12:56:42.592 PM]: Connection[id: c60ecc40-9bbb-4674-beff-bf6e994b8e86] - connection object created successfully."}
{"level":"INFO","message":"[12:56:42.592 PM]: Connection[id: c60ecc40-9bbb-4674-beff-bf6e994b8e86] - async connecting. Associated Snowflake domain: GLOBAL"}
{"level":"INFO","message":"[12:56:42.592 PM]: Trying to initialize Easy Logging"}
{"level":"INFO","message":"[12:56:42.599 PM]: No client config detected."}
{"level":"INFO","message":"[12:56:42.599 PM]: No config file path found. Client config will not be used."}
{"level":"INFO","message":"[12:56:42.599 PM]: Easy Logging is disabled as no config has been found"}
{"level":"INFO","message":"[12:56:42.599 PM]: Connection[id: c60ecc40-9bbb-4674-beff-bf6e994b8e86] - authentication successful using: SNOWFLAKE"}
{"level":"INFO","message":"[12:56:43.184 PM]: Connection[id: c60ecc40-9bbb-4674-beff-bf6e994b8e86] - connection established successfully after 592.42 milliseconds"}
{"level":"INFO","message":"[12:56:56.279 PM]: Creating new connection object"}
{"level":"INFO","message":"[12:56:56.282 PM]: Creating Connection[id: 72f3c976-486e-459c-9333-7857b73eea67] with host: fya14544.snowflakecomputing.com, account: fya14544, accessUrl: https://fya14544.snowflakecomputing.com, user: EPIC_DEV, role: EPIC_DEV_ROLE, database: TEST_DEVELOPMENT_ENVIROMENT, schema: DEV_SCHEMA, warehouse: , proxy was not configured, password is provided, region: undefined, authenticator: SNOWFLAKE, ocsp mode: FAIL_OPEN, os: darwin, os version: 25.4.0"}
{"level":"INFO","message":"[12:56:56.282 PM]: Connection[id: 72f3c976-486e-459c-9333-7857b73eea67] additional details: passcode in password is provided, passcode is not provided, private key is not provided, application: undefined, client name: snowflake-sdk, client version: 2.4.0, retry timeout: 300, private key path: undefined, private key pass is not provided, client store temporary credential: false, browser response timeout: 120000"}
{"level":"INFO","message":"[12:56:56.282 PM]: Connection[id: 72f3c976-486e-459c-9333-7857b73eea67] - connection object created successfully."}
{"level":"INFO","message":"[12:56:56.283 PM]: Connection[id: 72f3c976-486e-459c-9333-7857b73eea67] - async connecting. Associated Snowflake domain: GLOBAL"}
{"level":"INFO","message":"[12:56:56.283 PM]: Trying to initialize Easy Logging"}
{"level":"INFO","message":"[12:56:56.284 PM]: No client config detected."}
{"level":"INFO","message":"[12:56:56.284 PM]: No config file path found. Client config will not be used."}
{"level":"INFO","message":"[12:56:56.284 PM]: Easy Logging is disabled as no config has been found"}
{"level":"INFO","message":"[12:56:56.284 PM]: Connection[id: 72f3c976-486e-459c-9333-7857b73eea67] - authentication successful using: SNOWFLAKE"}
{"level":"INFO","message":"[12:56:56.829 PM]: Connection[id: 72f3c976-486e-459c-9333-7857b73eea67] - connection established successfully after 545.84 milliseconds"}
{"level":"INFO","message":"[1:16:53.181 PM]: Creating new connection object"}
{"level":"INFO","message":"[1:16:53.186 PM]: Creating Connection[id: 1fad256b-4696-4427-8492-17193b31716c] with host: fya14544.snowflakecomputing.com, account: fya14544, accessUrl: https://fya14544.snowflakecomputing.com, user: EPIC_DEV, role: EPIC_DEV_ROLE, database: TEST_DEVELOPMENT_ENVIROMENT, schema: DEV_SCHEMA, warehouse: , proxy was not configured, password is provided, region: undefined, authenticator: SNOWFLAKE, ocsp mode: FAIL_OPEN, os: darwin, os version: 25.4.0"}
{"level":"INFO","message":"[1:16:53.186 PM]: Connection[id: 1fad256b-4696-4427-8492-17193b31716c] additional details: passcode in password is provided, passcode is not provided, private key is not provided, application: undefined, client name: snowflake-sdk, client version: 2.4.0, retry timeout: 300, private key path: undefined, private key pass is not provided, client store temporary credential: false, browser response timeout: 120000"}
{"level":"INFO","message":"[1:16:53.186 PM]: Connection[id: 1fad256b-4696-4427-8492-17193b31716c] - connection object created successfully."}
{"level":"INFO","message":"[1:16:53.186 PM]: Connection[id: 1fad256b-4696-4427-8492-17193b31716c] - async connecting. Associated Snowflake domain: GLOBAL"}
{"level":"INFO","message":"[1:16:53.186 PM]: Trying to initialize Easy Logging"}
{"level":"INFO","message":"[1:16:53.210 PM]: No client config detected."}
{"level":"INFO","message":"[1:16:53.210 PM]: No config file path found. Client config will not be used."}
{"level":"INFO","message":"[1:16:53.210 PM]: Easy Logging is disabled as no config has been found"}
{"level":"INFO","message":"[1:16:53.210 PM]: Connection[id: 1fad256b-4696-4427-8492-17193b31716c] - authentication successful using: SNOWFLAKE"}
{"level":"INFO","message":"[1:16:53.767 PM]: Connection[id: 1fad256b-4696-4427-8492-17193b31716c] - connection established successfully after 581 milliseconds"}
{"level":"INFO","message":"[1:21:37.581 PM]: Creating new connection object"}
{"level":"INFO","message":"[1:21:37.584 PM]: Creating Connection[id: 377e5441-8e0f-425f-858b-a3c576f138fb] with host: fya14544.snowflakecomputing.com, account: fya14544, accessUrl: https://fya14544.snowflakecomputing.com, user: EPIC_DEV, role: EPIC_DEV_ROLE, database: TEST_DEVELOPMENT_ENVIROMENT, schema: DEV_SCHEMA, warehouse: , proxy was not configured, password is provided, region: undefined, authenticator: SNOWFLAKE, ocsp mode: FAIL_OPEN, os: darwin, os version: 25.4.0"}
{"level":"INFO","message":"[1:21:37.584 PM]: Connection[id: 377e5441-8e0f-425f-858b-a3c576f138fb] additional details: passcode in password is provided, passcode is not provided, private key is not provided, application: undefined, client name: snowflake-sdk, client version: 2.4.0, retry timeout: 300, private key path: undefined, private key pass is not provided, client store temporary credential: false, browser response timeout: 120000"}
{"level":"INFO","message":"[1:21:37.585 PM]: Connection[id: 377e5441-8e0f-425f-858b-a3c576f138fb] - connection object created successfully."}
{"level":"INFO","message":"[1:21:37.585 PM]: Connection[id: 377e5441-8e0f-425f-858b-a3c576f138fb] - async connecting. Associated Snowflake domain: GLOBAL"}
{"level":"INFO","message":"[1:21:37.586 PM]: Trying to initialize Easy Logging"}
{"level":"INFO","message":"[1:21:37.587 PM]: No client config detected."}
{"level":"INFO","message":"[1:21:37.587 PM]: No config file path found. Client config will not be used."}
{"level":"INFO","message":"[1:21:37.587 PM]: Easy Logging is disabled as no config has been found"}
{"level":"INFO","message":"[1:21:37.587 PM]: Connection[id: 377e5441-8e0f-425f-858b-a3c576f138fb] - authentication successful using: SNOWFLAKE"}
{"level":"INFO","message":"[1:21:38.239 PM]: Connection[id: 377e5441-8e0f-425f-858b-a3c576f138fb] - connection established successfully after 653.96 milliseconds"}
{"level":"INFO","message":"[1:35:45.657 PM]: Creating new connection object"}
{"level":"INFO","message":"[1:35:45.663 PM]: Creating Connection[id: ce937112-c7ea-4e42-943c-2944f517d4b3] with host: fya14544.snowflakecomputing.com, account: fya14544, accessUrl: https://fya14544.snowflakecomputing.com, user: EPIC_DEV, role: EPIC_DEV_ROLE, database: TEST_DEVELOPMENT_ENVIROMENT, schema: DEV_SCHEMA, warehouse: , proxy was not configured, password is provided, region: undefined, authenticator: SNOWFLAKE, ocsp mode: FAIL_OPEN, os: darwin, os version: 25.4.0"}
{"level":"INFO","message":"[1:35:45.663 PM]: Connection[id: ce937112-c7ea-4e42-943c-2944f517d4b3] additional details: passcode in password is provided, passcode is not provided, private key is not provided, application: undefined, client name: snowflake-sdk, client version: 2.4.0, retry timeout: 300, private key path: undefined, private key pass is not provided, client store temporary credential: false, browser response timeout: 120000"}
{"level":"INFO","message":"[1:35:45.663 PM]: Connection[id: ce937112-c7ea-4e42-943c-2944f517d4b3] - connection object created successfully."}
{"level":"INFO","message":"[1:35:45.663 PM]: Connection[id: ce937112-c7ea-4e42-943c-2944f517d4b3] - async connecting. Associated Snowflake domain: GLOBAL"}
{"level":"INFO","message":"[1:35:45.663 PM]: Trying to initialize Easy Logging"}
{"level":"INFO","message":"[1:35:45.676 PM]: No client config detected."}
{"level":"INFO","message":"[1:35:45.676 PM]: No config file path found. Client config will not be used."}
{"level":"INFO","message":"[1:35:45.676 PM]: Easy Logging is disabled as no config has been found"}
{"level":"INFO","message":"[1:35:45.676 PM]: Connection[id: ce937112-c7ea-4e42-943c-2944f517d4b3] - authentication successful using: SNOWFLAKE"}
{"level":"INFO","message":"[1:35:46.301 PM]: Connection[id: ce937112-c7ea-4e42-943c-2944f517d4b3] - connection established successfully after 638.01 milliseconds"}
{"level":"INFO","message":"[1:36:00.462 PM]: Creating new connection object"}
{"level":"INFO","message":"[1:36:00.465 PM]: Creating Connection[id: f32548ed-96e8-49e2-b871-93a4bbec8a6b] with host: fya14544.snowflakecomputing.com, account: fya14544, accessUrl: https://fya14544.snowflakecomputing.com, user: EPIC_DEV, role: EPIC_DEV_ROLE, database: TEST_DEVELOPMENT_ENVIROMENT, schema: DEV_SCHEMA, warehouse: , proxy was not configured, password is provided, region: undefined, authenticator: SNOWFLAKE, ocsp mode: FAIL_OPEN, os: darwin, os version: 25.4.0"}
{"level":"INFO","message":"[1:36:00.465 PM]: Connection[id: f32548ed-96e8-49e2-b871-93a4bbec8a6b] additional details: passcode in password is provided, passcode is not provided, private key is not provided, application: undefined, client name: snowflake-sdk, client version: 2.4.0, retry timeout: 300, private key path: undefined, private key pass is not provided, client store temporary credential: false, browser response timeout: 120000"}
{"level":"INFO","message":"[1:36:00.465 PM]: Connection[id: f32548ed-96e8-49e2-b871-93a4bbec8a6b] - connection object created successfully."}
{"level":"INFO","message":"[1:36:00.466 PM]: Connection[id: f32548ed-96e8-49e2-b871-93a4bbec8a6b] - async connecting. Associated Snowflake domain: GLOBAL"}
{"level":"INFO","message":"[1:36:00.466 PM]: Trying to initialize Easy Logging"}
{"level":"INFO","message":"[1:36:00.467 PM]: No client config detected."}
{"level":"INFO","message":"[1:36:00.467 PM]: No config file path found. Client config will not be used."}
{"level":"INFO","message":"[1:36:00.467 PM]: Easy Logging is disabled as no config has been found"}
{"level":"INFO","message":"[1:36:00.467 PM]: Connection[id: f32548ed-96e8-49e2-b871-93a4bbec8a6b] - authentication successful using: SNOWFLAKE"}
{"level":"INFO","message":"[1:36:01.074 PM]: Connection[id: f32548ed-96e8-49e2-b871-93a4bbec8a6b] - connection established successfully after 608.61 milliseconds"}
{"level":"INFO","message":"[1:39:51.896 PM]: Creating new connection object"}
{"level":"INFO","message":"[1:39:51.901 PM]: Creating Connection[id: fda9f807-b554-49ea-8bcd-459308a0c6ea] with host: fya14544.snowflakecomputing.com, account: fya14544, accessUrl: https://fya14544.snowflakecomputing.com, user: EPIC_DEV, role: EPIC_DEV_ROLE, database: TEST_DEVELOPMENT_ENVIROMENT, schema: DEV_SCHEMA, warehouse: , proxy was not configured, password is provided, region: undefined, authenticator: SNOWFLAKE, ocsp mode: FAIL_OPEN, os: darwin, os version: 25.4.0"}
{"level":"INFO","message":"[1:39:51.901 PM]: Connection[id: fda9f807-b554-49ea-8bcd-459308a0c6ea] additional details: passcode in password is provided, passcode is not provided, private key is not provided, application: undefined, client name: snowflake-sdk, client version: 2.4.0, retry timeout: 300, private key path: undefined, private key pass is not provided, client store temporary credential: false, browser response timeout: 120000"}
{"level":"INFO","message":"[1:39:51.901 PM]: Connection[id: fda9f807-b554-49ea-8bcd-459308a0c6ea] - connection object created successfully."}
{"level":"INFO","message":"[1:39:51.901 PM]: Connection[id: fda9f807-b554-49ea-8bcd-459308a0c6ea] - async connecting. Associated Snowflake domain: GLOBAL"}
{"level":"INFO","message":"[1:39:51.901 PM]: Trying to initialize Easy Logging"}
{"level":"INFO","message":"[1:39:51.915 PM]: No client config detected."}
{"level":"INFO","message":"[1:39:51.916 PM]: No config file path found. Client config will not be used."}
{"level":"INFO","message":"[1:39:51.916 PM]: Easy Logging is disabled as no config has been found"}
{"level":"INFO","message":"[1:39:51.916 PM]: Connection[id: fda9f807-b554-49ea-8bcd-459308a0c6ea] - authentication successful using: SNOWFLAKE"}
{"level":"INFO","message":"[1:39:52.540 PM]: Connection[id: fda9f807-b554-49ea-8bcd-459308a0c6ea] - connection established successfully after 638.42 milliseconds"}
{"level":"INFO","message":"[1:40:26.174 PM]: Creating new connection object"}
{"level":"INFO","message":"[1:40:26.180 PM]: Creating Connection[id: fba2b656-2766-40eb-846c-6f2a0453f879] with host: fya14544.snowflakecomputing.com, account: fya14544, accessUrl: https://fya14544.snowflakecomputing.com, user: EPIC_DEV, role: EPIC_DEV_ROLE, database: TEST_DEVELOPMENT_ENVIROMENT, schema: DEV_SCHEMA, warehouse: , proxy was not configured, password is provided, region: undefined, authenticator: SNOWFLAKE, ocsp mode: FAIL_OPEN, os: darwin, os version: 25.4.0"}
{"level":"INFO","message":"[1:40:26.180 PM]: Connection[id: fba2b656-2766-40eb-846c-6f2a0453f879] additional details: passcode in password is provided, passcode is not provided, private key is not provided, application: undefined, client name: snowflake-sdk, client version: 2.4.0, retry timeout: 300, private key path: undefined, private key pass is not provided, client store temporary credential: false, browser response timeout: 120000"}
{"level":"INFO","message":"[1:40:26.180 PM]: Connection[id: fba2b656-2766-40eb-846c-6f2a0453f879] - connection object created successfully."}
{"level":"INFO","message":"[1:40:26.180 PM]: Connection[id: fba2b656-2766-40eb-846c-6f2a0453f879] - async connecting. Associated Snowflake domain: GLOBAL"}
{"level":"INFO","message":"[1:40:26.180 PM]: Trying to initialize Easy Logging"}
{"level":"INFO","message":"[1:40:26.208 PM]: No client config detected."}
{"level":"INFO","message":"[1:40:26.208 PM]: No config file path found. Client config will not be used."}
{"level":"INFO","message":"[1:40:26.208 PM]: Easy Logging is disabled as no config has been found"}
{"level":"INFO","message":"[1:40:26.208 PM]: Connection[id: fba2b656-2766-40eb-846c-6f2a0453f879] - authentication successful using: SNOWFLAKE"}
{"level":"INFO","message":"[1:40:27.103 PM]: Connection[id: fba2b656-2766-40eb-846c-6f2a0453f879] - connection established successfully after 923.24 milliseconds"}
{"level":"INFO","message":"[1:46:47.010 PM]: Creating new connection object"}
{"level":"INFO","message":"[1:46:47.015 PM]: Creating Connection[id: 11679a72-5a29-4fd7-89e8-a2894f94aedd] with host: fya14544.snowflakecomputing.com, account: fya14544, accessUrl: https://fya14544.snowflakecomputing.com, user: EPIC_DEV, role: EPIC_DEV_ROLE, database: TEST_DEVELOPMENT_ENVIROMENT, schema: DEV_SCHEMA, warehouse: , proxy was not configured, password is provided, region: undefined, authenticator: SNOWFLAKE, ocsp mode: FAIL_OPEN, os: darwin, os version: 25.4.0"}
{"level":"INFO","message":"[1:46:47.015 PM]: Connection[id: 11679a72-5a29-4fd7-89e8-a2894f94aedd] additional details: passcode in password is provided, passcode is not provided, private key is not provided, application: undefined, client name: snowflake-sdk, client version: 2.4.0, retry timeout: 300, private key path: undefined, private key pass is not provided, client store temporary credential: false, browser response timeout: 120000"}
{"level":"INFO","message":"[1:46:47.016 PM]: Connection[id: 11679a72-5a29-4fd7-89e8-a2894f94aedd] - connection object created successfully."}
{"level":"INFO","message":"[1:46:47.016 PM]: Connection[id: 11679a72-5a29-4fd7-89e8-a2894f94aedd] - async connecting. Associated Snowflake domain: GLOBAL"}
{"level":"INFO","message":"[1:46:47.016 PM]: Trying to initialize Easy Logging"}
{"level":"INFO","message":"[1:46:47.027 PM]: No client config detected."}
{"level":"INFO","message":"[1:46:47.027 PM]: No config file path found. Client config will not be used."}
{"level":"INFO","message":"[1:46:47.027 PM]: Easy Logging is disabled as no config has been found"}
{"level":"INFO","message":"[1:46:47.027 PM]: Connection[id: 11679a72-5a29-4fd7-89e8-a2894f94aedd] - authentication successful using: SNOWFLAKE"}
{"level":"INFO","message":"[1:46:47.649 PM]: Connection[id: 11679a72-5a29-4fd7-89e8-a2894f94aedd] - connection established successfully after 633.13 milliseconds"}
{"level":"INFO","message":"[2:23:48.395 PM]: Creating new connection object"}
{"level":"INFO","message":"[2:23:48.400 PM]: Creating Connection[id: 128db7d5-2e7d-4fb5-95bc-e78608976ce1] with host: fya14544.snowflakecomputing.com, account: fya14544, accessUrl: https://fya14544.snowflakecomputing.com, user: EPIC_DEV, role: EPIC_DEV_ROLE, database: TEST_DEVELOPMENT_ENVIROMENT, schema: DEV_SCHEMA, warehouse: , proxy was not configured, password is provided, region: undefined, authenticator: SNOWFLAKE, ocsp mode: FAIL_OPEN, os: darwin, os version: 25.4.0"}
{"level":"INFO","message":"[2:23:48.400 PM]: Connection[id: 128db7d5-2e7d-4fb5-95bc-e78608976ce1] additional details: passcode in password is provided, passcode is not provided, private key is not provided, application: undefined, client name: snowflake-sdk, client version: 2.4.0, retry timeout: 300, private key path: undefined, private key pass is not provided, client store temporary credential: false, browser response timeout: 120000"}
{"level":"INFO","message":"[2:23:48.400 PM]: Connection[id: 128db7d5-2e7d-4fb5-95bc-e78608976ce1] - connection object created successfully."}
{"level":"INFO","message":"[2:23:48.400 PM]: Connection[id: 128db7d5-2e7d-4fb5-95bc-e78608976ce1] - async connecting. Associated Snowflake domain: GLOBAL"}
{"level":"INFO","message":"[2:23:48.400 PM]: Trying to initialize Easy Logging"}
{"level":"INFO","message":"[2:23:48.408 PM]: No client config detected."}
{"level":"INFO","message":"[2:23:48.408 PM]: No config file path found. Client config will not be used."}
{"level":"INFO","message":"[2:23:48.408 PM]: Easy Logging is disabled as no config has been found"}
{"level":"INFO","message":"[2:23:48.408 PM]: Connection[id: 128db7d5-2e7d-4fb5-95bc-e78608976ce1] - authentication successful using: SNOWFLAKE"}
{"level":"INFO","message":"[2:23:49.013 PM]: Connection[id: 128db7d5-2e7d-4fb5-95bc-e78608976ce1] - connection established successfully after 612.61 milliseconds"}
{"level":"INFO","message":"[2:27:31.322 PM]: Creating new connection object"}
{"level":"INFO","message":"[2:27:31.327 PM]: Creating Connection[id: f0531d09-2cb8-49fa-8592-c19ac6657340] with host: fya14544.snowflakecomputing.com, account: fya14544, accessUrl: https://fya14544.snowflakecomputing.com, user: EPIC_DEV, role: EPIC_DEV_ROLE, database: TEST_DEVELOPMENT_ENVIROMENT, schema: DEV_SCHEMA, warehouse: , proxy was not configured, password is provided, region: undefined, authenticator: SNOWFLAKE, ocsp mode: FAIL_OPEN, os: darwin, os version: 25.4.0"}
{"level":"INFO","message":"[2:27:31.327 PM]: Connection[id: f0531d09-2cb8-49fa-8592-c19ac6657340] additional details: passcode in password is provided, passcode is not provided, private key is not provided, application: undefined, client name: snowflake-sdk, client version: 2.4.0, retry timeout: 300, private key path: undefined, private key pass is not provided, client store temporary credential: false, browser response timeout: 120000"}
{"level":"INFO","message":"[2:27:31.327 PM]: Connection[id: f0531d09-2cb8-49fa-8592-c19ac6657340] - connection object created successfully."}
{"level":"INFO","message":"[2:27:31.327 PM]: Connection[id: f0531d09-2cb8-49fa-8592-c19ac6657340] - async connecting. Associated Snowflake domain: GLOBAL"}
{"level":"INFO","message":"[2:27:31.327 PM]: Trying to initialize Easy Logging"}
{"level":"INFO","message":"[2:27:31.334 PM]: No client config detected."}
{"level":"INFO","message":"[2:27:31.334 PM]: No config file path found. Client config will not be used."}
{"level":"INFO","message":"[2:27:31.334 PM]: Easy Logging is disabled as no config has been found"}
{"level":"INFO","message":"[2:27:31.334 PM]: Connection[id: f0531d09-2cb8-49fa-8592-c19ac6657340] - authentication successful using: SNOWFLAKE"}
{"level":"INFO","message":"[2:27:32.107 PM]: Connection[id: f0531d09-2cb8-49fa-8592-c19ac6657340] - connection established successfully after 779.67 milliseconds"}
{"level":"INFO","message":"[2:52:52.359 PM]: Creating new connection object"}
{"level":"INFO","message":"[2:52:52.368 PM]: Creating Connection[id: 784fa4c7-efc5-4242-8eba-47755ab94bcb] with host: fya14544.snowflakecomputing.com, account: fya14544, accessUrl: https://fya14544.snowflakecomputing.com, user: EPIC_DEV, role: EPIC_DEV_ROLE, database: TEST_DEVELOPMENT_ENVIROMENT, schema: DEV_SCHEMA, warehouse: , proxy was not configured, password is provided, region: undefined, authenticator: SNOWFLAKE, ocsp mode: FAIL_OPEN, os: darwin, os version: 25.4.0"}
{"level":"INFO","message":"[2:52:52.368 PM]: Connection[id: 784fa4c7-efc5-4242-8eba-47755ab94bcb] additional details: passcode in password is provided, passcode is not provided, private key is not provided, application: undefined, client name: snowflake-sdk, client version: 2.4.0, retry timeout: 300, private key path: undefined, private key pass is not provided, client store temporary credential: false, browser response timeout: 120000"}
{"level":"INFO","message":"[2:52:52.368 PM]: Connection[id: 784fa4c7-efc5-4242-8eba-47755ab94bcb] - connection object created successfully."}
{"level":"INFO","message":"[2:52:52.368 PM]: Connection[id: 784fa4c7-efc5-4242-8eba-47755ab94bcb] - async connecting. Associated Snowflake domain: GLOBAL"}
{"level":"INFO","message":"[2:52:52.368 PM]: Trying to initialize Easy Logging"}
{"level":"INFO","message":"[2:52:52.371 PM]: No client config detected."}
{"level":"INFO","message":"[2:52:52.371 PM]: No config file path found. Client config will not be used."}
{"level":"INFO","message":"[2:52:52.371 PM]: Easy Logging is disabled as no config has been found"}
{"level":"INFO","message":"[2:52:52.372 PM]: Connection[id: 784fa4c7-efc5-4242-8eba-47755ab94bcb] - authentication successful using: SNOWFLAKE"}
{"level":"INFO","message":"[2:52:53.042 PM]: Connection[id: 784fa4c7-efc5-4242-8eba-47755ab94bcb] - connection established successfully after 673.98 milliseconds"}
{"level":"INFO","message":"[2:52:57.697 PM]: Creating new connection object"}
{"level":"INFO","message":"[2:52:57.700 PM]: Creating Connection[id: 8174f75b-70d1-416d-a68a-99e588a670e0] with host: fya14544.snowflakecomputing.com, account: fya14544, accessUrl: https://fya14544.snowflakecomputing.com, user: EPIC_DEV, role: EPIC_DEV_ROLE, database: TEST_DEVELOPMENT_ENVIROMENT, schema: DEV_SCHEMA, warehouse: , proxy was not configured, password is provided, region: undefined, authenticator: SNOWFLAKE, ocsp mode: FAIL_OPEN, os: darwin, os version: 25.4.0"}
{"level":"INFO","message":"[2:52:57.701 PM]: Connection[id: 8174f75b-70d1-416d-a68a-99e588a670e0] additional details: passcode in password is provided, passcode is not provided, private key is not provided, application: undefined, client name: snowflake-sdk, client version: 2.4.0, retry timeout: 300, private key path: undefined, private key pass is not provided, client store temporary credential: false, browser response timeout: 120000"}
{"level":"INFO","message":"[2:52:57.701 PM]: Connection[id: 8174f75b-70d1-416d-a68a-99e588a670e0] - connection object created successfully."}
{"level":"INFO","message":"[2:52:57.702 PM]: Connection[id: 8174f75b-70d1-416d-a68a-99e588a670e0] - async connecting. Associated Snowflake domain: GLOBAL"}
{"level":"INFO","message":"[2:52:57.702 PM]: Trying to initialize Easy Logging"}
{"level":"INFO","message":"[2:52:57.704 PM]: No client config detected."}
{"level":"INFO","message":"[2:52:57.704 PM]: No config file path found. Client config will not be used."}
{"level":"INFO","message":"[2:52:57.704 PM]: Easy Logging is disabled as no config has been found"}
{"level":"INFO","message":"[2:52:57.704 PM]: Connection[id: 8174f75b-70d1-416d-a68a-99e588a670e0] - authentication successful using: SNOWFLAKE"}
{"level":"INFO","message":"[2:52:58.273 PM]: Connection[id: 8174f75b-70d1-416d-a68a-99e588a670e0] - connection established successfully after 571.62 milliseconds"}
{"level":"INFO","message":"[3:12:39.181 PM]: Creating new connection object"}
{"level":"INFO","message":"[3:12:39.185 PM]: Creating Connection[id: 533c8361-2097-4a7b-86c0-875eec6db339] with host: fya14544.snowflakecomputing.com, account: fya14544, accessUrl: https://fya14544.snowflakecomputing.com, user: EPIC_DEV, role: EPIC_DEV_ROLE, database: TEST_DEVELOPMENT_ENVIROMENT, schema: DEV_SCHEMA, warehouse: , proxy was not configured, password is provided, region: undefined, authenticator: SNOWFLAKE, ocsp mode: FAIL_OPEN, os: darwin, os version: 25.4.0"}
{"level":"INFO","message":"[3:12:39.185 PM]: Connection[id: 533c8361-2097-4a7b-86c0-875eec6db339] additional details: passcode in password is provided, passcode is not provided, private key is not provided, application: undefined, client name: snowflake-sdk, client version: 2.4.0, retry timeout: 300, private key path: undefined, private key pass is not provided, client store temporary credential: false, browser response timeout: 120000"}
{"level":"INFO","message":"[3:12:39.185 PM]: Connection[id: 533c8361-2097-4a7b-86c0-875eec6db339] - connection object created successfully."}
{"level":"INFO","message":"[3:12:39.186 PM]: Connection[id: 533c8361-2097-4a7b-86c0-875eec6db339] - async connecting. Associated Snowflake domain: GLOBAL"}
{"level":"INFO","message":"[3:12:39.186 PM]: Trying to initialize Easy Logging"}
{"level":"INFO","message":"[3:12:39.203 PM]: No client config detected."}
{"level":"INFO","message":"[3:12:39.203 PM]: No config file path found. Client config will not be used."}
{"level":"INFO","message":"[3:12:39.203 PM]: Easy Logging is disabled as no config has been found"}
{"level":"INFO","message":"[3:12:39.203 PM]: Connection[id: 533c8361-2097-4a7b-86c0-875eec6db339] - authentication successful using: SNOWFLAKE"}
{"level":"INFO","message":"[3:12:39.825 PM]: Connection[id: 533c8361-2097-4a7b-86c0-875eec6db339] - connection established successfully after 639.16 milliseconds"}
{"level":"INFO","message":"[3:12:45.199 PM]: Creating new connection object"}
{"level":"INFO","message":"[3:12:45.202 PM]: Creating Connection[id: 1f8451d0-369f-4953-af34-c8776124f7d8] with host: fya14544.snowflakecomputing.com, account: fya14544, accessUrl: https://fya14544.snowflakecomputing.com, user: EPIC_DEV, role: EPIC_DEV_ROLE, database: TEST_DEVELOPMENT_ENVIROMENT, schema: DEV_SCHEMA, warehouse: , proxy was not configured, password is provided, region: undefined, authenticator: SNOWFLAKE, ocsp mode: FAIL_OPEN, os: darwin, os version: 25.4.0"}
{"level":"INFO","message":"[3:12:45.202 PM]: Connection[id: 1f8451d0-369f-4953-af34-c8776124f7d8] additional details: passcode in password is provided, passcode is not provided, private key is not provided, application: undefined, client name: snowflake-sdk, client version: 2.4.0, retry timeout: 300, private key path: undefined, private key pass is not provided, client store temporary credential: false, browser response timeout: 120000"}
{"level":"INFO","message":"[3:12:45.202 PM]: Connection[id: 1f8451d0-369f-4953-af34-c8776124f7d8] - connection object created successfully."}
{"level":"INFO","message":"[3:12:45.203 PM]: Connection[id: 1f8451d0-369f-4953-af34-c8776124f7d8] - async connecting. Associated Snowflake domain: GLOBAL"}
{"level":"INFO","message":"[3:12:45.203 PM]: Trying to initialize Easy Logging"}
{"level":"INFO","message":"[3:12:45.204 PM]: No client config detected."}
{"level":"INFO","message":"[3:12:45.204 PM]: No config file path found. Client config will not be used."}
{"level":"INFO","message":"[3:12:45.204 PM]: Easy Logging is disabled as no config has been found"}
{"level":"INFO","message":"[3:12:45.204 PM]: Connection[id: 1f8451d0-369f-4953-af34-c8776124f7d8] - authentication successful using: SNOWFLAKE"}
{"level":"INFO","message":"[3:12:45.770 PM]: Connection[id: 1f8451d0-369f-4953-af34-c8776124f7d8] - connection established successfully after 567.65 milliseconds"}
{"level":"INFO","message":"[3:13:39.596 PM]: Creating new connection object"}
{"level":"INFO","message":"[3:13:39.601 PM]: Creating Connection[id: fae3c7e8-e48d-4b95-b238-daa420565d41] with host: fya14544.snowflakecomputing.com, account: fya14544, accessUrl: https://fya14544.snowflakecomputing.com, user: EPIC_DEV, role: EPIC_DEV_ROLE, database: TEST_DEVELOPMENT_ENVIROMENT, schema: DEV_SCHEMA, warehouse: , proxy was not configured, password is provided, region: undefined, authenticator: SNOWFLAKE, ocsp mode: FAIL_OPEN, os: darwin, os version: 25.4.0"}
{"level":"INFO","message":"[3:13:39.601 PM]: Connection[id: fae3c7e8-e48d-4b95-b238-daa420565d41] additional details: passcode in password is provided, passcode is not provided, private key is not provided, application: undefined, client name: snowflake-sdk, client version: 2.4.0, retry timeout: 300, private key path: undefined, private key pass is not provided, client store temporary credential: false, browser response timeout: 120000"}
{"level":"INFO","message":"[3:13:39.601 PM]: Connection[id: fae3c7e8-e48d-4b95-b238-daa420565d41] - connection object created successfully."}
{"level":"INFO","message":"[3:13:39.601 PM]: Connection[id: fae3c7e8-e48d-4b95-b238-daa420565d41] - async connecting. Associated Snowflake domain: GLOBAL"}
{"level":"INFO","message":"[3:13:39.601 PM]: Trying to initialize Easy Logging"}
{"level":"INFO","message":"[3:13:39.621 PM]: No client config detected."}
{"level":"INFO","message":"[3:13:39.621 PM]: No config file path found. Client config will not be used."}
{"level":"INFO","message":"[3:13:39.621 PM]: Easy Logging is disabled as no config has been found"}
{"level":"INFO","message":"[3:13:39.621 PM]: Connection[id: fae3c7e8-e48d-4b95-b238-daa420565d41] - authentication successful using: SNOWFLAKE"}
{"level":"INFO","message":"[3:13:40.187 PM]: Connection[id: fae3c7e8-e48d-4b95-b238-daa420565d41] - connection established successfully after 585.9 milliseconds"}
{"level":"INFO","message":"[3:16:15.734 PM]: Creating new connection object"}
{"level":"INFO","message":"[3:16:15.740 PM]: Creating Connection[id: 65721a21-c622-4693-88bb-392282feab65] with host: fya14544.snowflakecomputing.com, account: fya14544, accessUrl: https://fya14544.snowflakecomputing.com, user: EPIC_DEV, role: EPIC_DEV_ROLE, database: TEST_DEVELOPMENT_ENVIROMENT, schema: DEV_SCHEMA, warehouse: , proxy was not configured, password is provided, region: undefined, authenticator: SNOWFLAKE, ocsp mode: FAIL_OPEN, os: darwin, os version: 25.4.0"}
{"level":"INFO","message":"[3:16:15.740 PM]: Connection[id: 65721a21-c622-4693-88bb-392282feab65] additional details: passcode in password is provided, passcode is not provided, private key is not provided, application: undefined, client name: snowflake-sdk, client version: 2.4.0, retry timeout: 300, private key path: undefined, private key pass is not provided, client store temporary credential: false, browser response timeout: 120000"}
{"level":"INFO","message":"[3:16:15.740 PM]: Connection[id: 65721a21-c622-4693-88bb-392282feab65] - connection object created successfully."}
{"level":"INFO","message":"[3:16:15.740 PM]: Connection[id: 65721a21-c622-4693-88bb-392282feab65] - async connecting. Associated Snowflake domain: GLOBAL"}
{"level":"INFO","message":"[3:16:15.740 PM]: Trying to initialize Easy Logging"}
{"level":"INFO","message":"[3:16:15.761 PM]: No client config detected."}
{"level":"INFO","message":"[3:16:15.761 PM]: No config file path found. Client config will not be used."}
{"level":"INFO","message":"[3:16:15.761 PM]: Easy Logging is disabled as no config has been found"}
{"level":"INFO","message":"[3:16:15.761 PM]: Connection[id: 65721a21-c622-4693-88bb-392282feab65] - authentication successful using: SNOWFLAKE"}
{"level":"INFO","message":"[3:16:16.402 PM]: Connection[id: 65721a21-c622-4693-88bb-392282feab65] - connection established successfully after 661.95 milliseconds"}
{"level":"INFO","message":"[3:16:33.469 PM]: Creating new connection object"}
{"level":"INFO","message":"[3:16:33.474 PM]: Creating Connection[id: 485957d9-3f21-4f94-aa8e-b1b72f54e9fa] with host: fya14544.snowflakecomputing.com, account: fya14544, accessUrl: https://fya14544.snowflakecomputing.com, user: EPIC_DEV, role: EPIC_DEV_ROLE, database: TEST_DEVELOPMENT_ENVIROMENT, schema: DEV_SCHEMA, warehouse: , proxy was not configured, password is provided, region: undefined, authenticator: SNOWFLAKE, ocsp mode: FAIL_OPEN, os: darwin, os version: 25.4.0"}
{"level":"INFO","message":"[3:16:33.475 PM]: Connection[id: 485957d9-3f21-4f94-aa8e-b1b72f54e9fa] additional details: passcode in password is provided, passcode is not provided, private key is not provided, application: undefined, client name: snowflake-sdk, client version: 2.4.0, retry timeout: 300, private key path: undefined, private key pass is not provided, client store temporary credential: false, browser response timeout: 120000"}
{"level":"INFO","message":"[3:16:33.475 PM]: Connection[id: 485957d9-3f21-4f94-aa8e-b1b72f54e9fa] - connection object created successfully."}
{"level":"INFO","message":"[3:16:33.475 PM]: Connection[id: 485957d9-3f21-4f94-aa8e-b1b72f54e9fa] - async connecting. Associated Snowflake domain: GLOBAL"}
{"level":"INFO","message":"[3:16:33.475 PM]: Trying to initialize Easy Logging"}
{"level":"INFO","message":"[3:16:33.495 PM]: No client config detected."}
{"level":"INFO","message":"[3:16:33.495 PM]: No config file path found. Client config will not be used."}
{"level":"INFO","message":"[3:16:33.495 PM]: Easy Logging is disabled as no config has been found"}
{"level":"INFO","message":"[3:16:33.496 PM]: Connection[id: 485957d9-3f21-4f94-aa8e-b1b72f54e9fa] - authentication successful using: SNOWFLAKE"}
{"level":"INFO","message":"[3:16:34.061 PM]: Connection[id: 485957d9-3f21-4f94-aa8e-b1b72f54e9fa] - connection established successfully after 586.15 milliseconds"}
{"level":"INFO","message":"[3:18:06.431 PM]: Creating new connection object"}
{"level":"INFO","message":"[3:18:06.436 PM]: Creating Connection[id: bd323143-2a28-4bf1-a524-48a2fca4dbfd] with host: fya14544.snowflakecomputing.com, account: fya14544, accessUrl: https://fya14544.snowflakecomputing.com, user: EPIC_DEV, role: EPIC_DEV_ROLE, database: TEST_DEVELOPMENT_ENVIROMENT, schema: DEV_SCHEMA, warehouse: , proxy was not configured, password is provided, region: undefined, authenticator: SNOWFLAKE, ocsp mode: FAIL_OPEN, os: darwin, os version: 25.4.0"}
{"level":"INFO","message":"[3:18:06.436 PM]: Connection[id: bd323143-2a28-4bf1-a524-48a2fca4dbfd] additional details: passcode in password is provided, passcode is not provided, private key is not provided, application: undefined, client name: snowflake-sdk, client version: 2.4.0, retry timeout: 300, private key path: undefined, private key pass is not provided, client store temporary credential: false, browser response timeout: 120000"}
{"level":"INFO","message":"[3:18:06.436 PM]: Connection[id: bd323143-2a28-4bf1-a524-48a2fca4dbfd] - connection object created successfully."}
{"level":"INFO","message":"[3:18:06.436 PM]: Connection[id: bd323143-2a28-4bf1-a524-48a2fca4dbfd] - async connecting. Associated Snowflake domain: GLOBAL"}
{"level":"INFO","message":"[3:18:06.436 PM]: Trying to initialize Easy Logging"}
{"level":"INFO","message":"[3:18:06.455 PM]: No client config detected."}
{"level":"INFO","message":"[3:18:06.455 PM]: No config file path found. Client config will not be used."}
{"level":"INFO","message":"[3:18:06.455 PM]: Easy Logging is disabled as no config has been found"}
{"level":"INFO","message":"[3:18:06.455 PM]: Connection[id: bd323143-2a28-4bf1-a524-48a2fca4dbfd] - authentication successful using: SNOWFLAKE"}
{"level":"INFO","message":"[3:18:07.197 PM]: Connection[id: bd323143-2a28-4bf1-a524-48a2fca4dbfd] - connection established successfully after 760.61 milliseconds"}
{"level":"INFO","message":"[4:26:37.835 PM]: Creating new connection object"}
{"level":"INFO","message":"[4:26:37.840 PM]: Creating Connection[id: bb309565-816a-4966-abb8-5df1cddc7102] with host: fya14544.snowflakecomputing.com, account: fya14544, accessUrl: https://fya14544.snowflakecomputing.com, user: EPIC_DEV, role: EPIC_DEV_ROLE, database: TEST_DEVELOPMENT_ENVIROMENT, schema: DEV_SCHEMA, warehouse: , proxy was not configured, password is provided, region: undefined, authenticator: SNOWFLAKE, ocsp mode: FAIL_OPEN, os: darwin, os version: 25.4.0"}
{"level":"INFO","message":"[4:26:37.840 PM]: Connection[id: bb309565-816a-4966-abb8-5df1cddc7102] additional details: passcode in password is provided, passcode is not provided, private key is not provided, application: undefined, client name: snowflake-sdk, client version: 2.4.0, retry timeout: 300, private key path: undefined, private key pass is not provided, client store temporary credential: false, browser response timeout: 120000"}
{"level":"INFO","message":"[4:26:37.840 PM]: Connection[id: bb309565-816a-4966-abb8-5df1cddc7102] - connection object created successfully."}
{"level":"INFO","message":"[4:26:37.840 PM]: Connection[id: bb309565-816a-4966-abb8-5df1cddc7102] - async connecting. Associated Snowflake domain: GLOBAL"}
{"level":"INFO","message":"[4:26:37.841 PM]: Trying to initialize Easy Logging"}
{"level":"INFO","message":"[4:26:37.866 PM]: No client config detected."}
{"level":"INFO","message":"[4:26:37.866 PM]: No config file path found. Client config will not be used."}
{"level":"INFO","message":"[4:26:37.866 PM]: Easy Logging is disabled as no config has been found"}
{"level":"INFO","message":"[4:26:37.867 PM]: Connection[id: bb309565-816a-4966-abb8-5df1cddc7102] - authentication successful using: SNOWFLAKE"}
{"level":"INFO","message":"[4:26:38.601 PM]: Connection[id: bb309565-816a-4966-abb8-5df1cddc7102] - connection established successfully after 760.8 milliseconds"}
{"level":"INFO","message":"[4:29:11.771 PM]: Creating new connection object"}
{"level":"INFO","message":"[4:29:11.777 PM]: Creating Connection[id: bfcc9b60-4177-4eb7-a3c5-c4ed02049b32] with host: fya14544.snowflakecomputing.com, account: fya14544, accessUrl: https://fya14544.snowflakecomputing.com, user: EPIC_DEV, role: EPIC_DEV_ROLE, database: TEST_DEVELOPMENT_ENVIROMENT, schema: DEV_SCHEMA, warehouse: , proxy was not configured, password is provided, region: undefined, authenticator: SNOWFLAKE, ocsp mode: FAIL_OPEN, os: darwin, os version: 25.4.0"}
{"level":"INFO","message":"[4:29:11.777 PM]: Connection[id: bfcc9b60-4177-4eb7-a3c5-c4ed02049b32] additional details: passcode in password is provided, passcode is not provided, private key is not provided, application: undefined, client name: snowflake-sdk, client version: 2.4.0, retry timeout: 300, private key path: undefined, private key pass is not provided, client store temporary credential: false, browser response timeout: 120000"}
{"level":"INFO","message":"[4:29:11.777 PM]: Connection[id: bfcc9b60-4177-4eb7-a3c5-c4ed02049b32] - connection object created successfully."}
{"level":"INFO","message":"[4:29:11.778 PM]: Connection[id: bfcc9b60-4177-4eb7-a3c5-c4ed02049b32] - async connecting. Associated Snowflake domain: GLOBAL"}
{"level":"INFO","message":"[4:29:11.778 PM]: Trying to initialize Easy Logging"}
{"level":"INFO","message":"[4:29:11.797 PM]: No client config detected."}
{"level":"INFO","message":"[4:29:11.797 PM]: No config file path found. Client config will not be used."}
{"level":"INFO","message":"[4:29:11.797 PM]: Easy Logging is disabled as no config has been found"}
{"level":"INFO","message":"[4:29:11.797 PM]: Connection[id: bfcc9b60-4177-4eb7-a3c5-c4ed02049b32] - authentication successful using: SNOWFLAKE"}
{"level":"INFO","message":"[4:29:12.367 PM]: Connection[id: bfcc9b60-4177-4eb7-a3c5-c4ed02049b32] - connection established successfully after 589.95 milliseconds"}
{"level":"INFO","message":"[5:01:32.488 PM]: Creating new connection object"}
{"level":"INFO","message":"[5:01:32.492 PM]: Creating Connection[id: 04e4c94d-217c-44ce-bb15-775966f19d4e] with host: fya14544.snowflakecomputing.com, account: fya14544, accessUrl: https://fya14544.snowflakecomputing.com, user: EPIC_DEV, role: EPIC_DEV_ROLE, database: TEST_DEVELOPMENT_ENVIROMENT, schema: DEV_SCHEMA, warehouse: , proxy was not configured, password is provided, region: undefined, authenticator: SNOWFLAKE, ocsp mode: FAIL_OPEN, os: darwin, os version: 25.4.0"}
{"level":"INFO","message":"[5:01:32.492 PM]: Connection[id: 04e4c94d-217c-44ce-bb15-775966f19d4e] additional details: passcode in password is provided, passcode is not provided, private key is not provided, application: undefined, client name: snowflake-sdk, client version: 2.4.0, retry timeout: 300, private key path: undefined, private key pass is not provided, client store temporary credential: false, browser response timeout: 120000"}
{"level":"INFO","message":"[5:01:32.492 PM]: Connection[id: 04e4c94d-217c-44ce-bb15-775966f19d4e] - connection object created successfully."}
{"level":"INFO","message":"[5:01:32.493 PM]: Connection[id: 04e4c94d-217c-44ce-bb15-775966f19d4e] - async connecting. Associated Snowflake domain: GLOBAL"}
{"level":"INFO","message":"[5:01:32.493 PM]: Trying to initialize Easy Logging"}
{"level":"INFO","message":"[5:01:32.495 PM]: No client config detected."}
{"level":"INFO","message":"[5:01:32.495 PM]: No config file path found. Client config will not be used."}
{"level":"INFO","message":"[5:01:32.495 PM]: Easy Logging is disabled as no config has been found"}
{"level":"INFO","message":"[5:01:32.495 PM]: Connection[id: 04e4c94d-217c-44ce-bb15-775966f19d4e] - authentication successful using: SNOWFLAKE"}
{"level":"INFO","message":"[5:01:33.537 PM]: Connection[id: 04e4c94d-217c-44ce-bb15-775966f19d4e] - connection established successfully after 1043.88 milliseconds"}
{"level":"INFO","message":"[9:20:43.235 AM]: Creating new connection object"}
{"level":"INFO","message":"[9:20:43.240 AM]: Creating Connection[id: a20802ef-3d8f-41e3-a74a-e3adf5d3fcd2] with host: fya14544.snowflakecomputing.com, account: fya14544, accessUrl: https://fya14544.snowflakecomputing.com, user: EPIC_DEV, role: EPIC_DEV_ROLE, database: TEST_DEVELOPMENT_ENVIROMENT, schema: DEV_SCHEMA, warehouse: , proxy was not configured, password is provided, region: undefined, authenticator: SNOWFLAKE, ocsp mode: FAIL_OPEN, os: darwin, os version: 25.4.0"}
{"level":"INFO","message":"[9:20:43.240 AM]: Connection[id: a20802ef-3d8f-41e3-a74a-e3adf5d3fcd2] additional details: passcode in password is provided, passcode is not provided, private key is not provided, application: undefined, client name: snowflake-sdk, client version: 2.4.0, retry timeout: 300, private key path: undefined, private key pass is not provided, client store temporary credential: false, browser response timeout: 120000"}
{"level":"INFO","message":"[9:20:43.240 AM]: Connection[id: a20802ef-3d8f-41e3-a74a-e3adf5d3fcd2] - connection object created successfully."}
{"level":"INFO","message":"[9:20:43.240 AM]: Connection[id: a20802ef-3d8f-41e3-a74a-e3adf5d3fcd2] - async connecting. Associated Snowflake domain: GLOBAL"}
{"level":"INFO","message":"[9:20:43.240 AM]: Trying to initialize Easy Logging"}
{"level":"INFO","message":"[9:20:43.243 AM]: No client config detected."}
{"level":"INFO","message":"[9:20:43.243 AM]: No config file path found. Client config will not be used."}
{"level":"INFO","message":"[9:20:43.243 AM]: Easy Logging is disabled as no config has been found"}
{"level":"INFO","message":"[9:20:43.243 AM]: Connection[id: a20802ef-3d8f-41e3-a74a-e3adf5d3fcd2] - authentication successful using: SNOWFLAKE"}
{"level":"INFO","message":"[9:20:44.371 AM]: Connection[id: a20802ef-3d8f-41e3-a74a-e3adf5d3fcd2] - connection established successfully after 1130.35 milliseconds"}
{"level":"INFO","message":"[9:31:11.501 AM]: Creating new connection object"}
{"level":"INFO","message":"[9:31:11.504 AM]: Creating Connection[id: 0745971a-ceab-41d8-8620-11ad134f33bf] with host: fya14544.snowflakecomputing.com, account: fya14544, accessUrl: https://fya14544.snowflakecomputing.com, user: EPIC_DEV, role: EPIC_DEV_ROLE, database: TEST_DEVELOPMENT_ENVIROMENT, schema: DEV_SCHEMA, warehouse: , proxy was not configured, password is provided, region: undefined, authenticator: SNOWFLAKE, ocsp mode: FAIL_OPEN, os: darwin, os version: 25.4.0"}
{"level":"INFO","message":"[9:31:11.504 AM]: Connection[id: 0745971a-ceab-41d8-8620-11ad134f33bf] additional details: passcode in password is provided, passcode is not provided, private key is not provided, application: undefined, client name: snowflake-sdk, client version: 2.4.0, retry timeout: 300, private key path: undefined, private key pass is not provided, client store temporary credential: false, browser response timeout: 120000"}
{"level":"INFO","message":"[9:31:11.504 AM]: Connection[id: 0745971a-ceab-41d8-8620-11ad134f33bf] - connection object created successfully."}
{"level":"INFO","message":"[9:31:11.504 AM]: Connection[id: 0745971a-ceab-41d8-8620-11ad134f33bf] - async connecting. Associated Snowflake domain: GLOBAL"}
{"level":"INFO","message":"[9:31:11.504 AM]: Trying to initialize Easy Logging"}
{"level":"INFO","message":"[9:31:11.511 AM]: No client config detected."}
{"level":"INFO","message":"[9:31:11.511 AM]: No config file path found. Client config will not be used."}
{"level":"INFO","message":"[9:31:11.511 AM]: Easy Logging is disabled as no config has been found"}
{"level":"INFO","message":"[9:31:11.512 AM]: Connection[id: 0745971a-ceab-41d8-8620-11ad134f33bf] - authentication successful using: SNOWFLAKE"}
{"level":"INFO","message":"[9:31:12.568 AM]: Connection[id: 0745971a-ceab-41d8-8620-11ad134f33bf] - connection established successfully after 1064.05 milliseconds"}
{"level":"INFO","message":"[9:36:59.875 AM]: Creating new connection object"}
{"level":"INFO","message":"[9:36:59.879 AM]: Creating Connection[id: 89f060fe-19b8-4e15-aae5-4e0418700691] with host: fya14544.snowflakecomputing.com, account: fya14544, accessUrl: https://fya14544.snowflakecomputing.com, user: EPIC_DEV, role: EPIC_DEV_ROLE, database: TEST_DEVELOPMENT_ENVIROMENT, schema: DEV_SCHEMA, warehouse: , proxy was not configured, password is provided, region: undefined, authenticator: SNOWFLAKE, ocsp mode: FAIL_OPEN, os: darwin, os version: 25.4.0"}
{"level":"INFO","message":"[9:36:59.879 AM]: Connection[id: 89f060fe-19b8-4e15-aae5-4e0418700691] additional details: passcode in password is provided, passcode is not provided, private key is not provided, application: undefined, client name: snowflake-sdk, client version: 2.4.0, retry timeout: 300, private key path: undefined, private key pass is not provided, client store temporary credential: false, browser response timeout: 120000"}
{"level":"INFO","message":"[9:36:59.879 AM]: Connection[id: 89f060fe-19b8-4e15-aae5-4e0418700691] - connection object created successfully."}
{"level":"INFO","message":"[9:36:59.879 AM]: Connection[id: 89f060fe-19b8-4e15-aae5-4e0418700691] - async connecting. Associated Snowflake domain: GLOBAL"}
{"level":"INFO","message":"[9:36:59.879 AM]: Trying to initialize Easy Logging"}
{"level":"INFO","message":"[9:36:59.881 AM]: No client config detected."}
{"level":"INFO","message":"[9:36:59.881 AM]: No config file path found. Client config will not be used."}
{"level":"INFO","message":"[9:36:59.881 AM]: Easy Logging is disabled as no config has been found"}
{"level":"INFO","message":"[9:36:59.881 AM]: Connection[id: 89f060fe-19b8-4e15-aae5-4e0418700691] - authentication successful using: SNOWFLAKE"}
{"level":"INFO","message":"[9:37:00.823 AM]: Connection[id: 89f060fe-19b8-4e15-aae5-4e0418700691] - connection established successfully after 943.43 milliseconds"}
{"level":"INFO","message":"[9:46:59.988 AM]: Creating new connection object"}
{"level":"INFO","message":"[9:46:59.993 AM]: Creating Connection[id: 87d2976d-1426-4d03-8773-35efcafeeb01] with host: fya14544.snowflakecomputing.com, account: fya14544, accessUrl: https://fya14544.snowflakecomputing.com, user: EPIC_DEV, role: EPIC_DEV_ROLE, database: TEST_DEVELOPMENT_ENVIROMENT, schema: DEV_SCHEMA, warehouse: , proxy was not configured, password is provided, region: undefined, authenticator: SNOWFLAKE, ocsp mode: FAIL_OPEN, os: darwin, os version: 25.4.0"}
{"level":"INFO","message":"[9:46:59.993 AM]: Connection[id: 87d2976d-1426-4d03-8773-35efcafeeb01] additional details: passcode in password is provided, passcode is not provided, private key is not provided, application: undefined, client name: snowflake-sdk, client version: 2.4.0, retry timeout: 300, private key path: undefined, private key pass is not provided, client store temporary credential: false, browser response timeout: 120000"}
{"level":"INFO","message":"[9:46:59.994 AM]: Connection[id: 87d2976d-1426-4d03-8773-35efcafeeb01] - connection object created successfully."}
{"level":"INFO","message":"[9:46:59.994 AM]: Connection[id: 87d2976d-1426-4d03-8773-35efcafeeb01] - async connecting. Associated Snowflake domain: GLOBAL"}
{"level":"INFO","message":"[9:46:59.994 AM]: Trying to initialize Easy Logging"}
{"level":"INFO","message":"[9:46:59.996 AM]: No client config detected."}
{"level":"INFO","message":"[9:46:59.996 AM]: No config file path found. Client config will not be used."}
{"level":"INFO","message":"[9:46:59.996 AM]: Easy Logging is disabled as no config has been found"}
{"level":"INFO","message":"[9:46:59.996 AM]: Connection[id: 87d2976d-1426-4d03-8773-35efcafeeb01] - authentication successful using: SNOWFLAKE"}
{"level":"INFO","message":"[9:47:00.732 AM]: Connection[id: 87d2976d-1426-4d03-8773-35efcafeeb01] - connection established successfully after 738.41 milliseconds"}
{"level":"INFO","message":"[9:56:04.640 AM]: Creating new connection object"}
{"level":"INFO","message":"[9:56:04.646 AM]: Creating Connection[id: bbdfbc4b-bb57-42d5-8d3d-ba339c5681e1] with host: fya14544.snowflakecomputing.com, account: fya14544, accessUrl: https://fya14544.snowflakecomputing.com, user: EPIC_DEV, role: EPIC_DEV_ROLE, database: TEST_DEVELOPMENT_ENVIROMENT, schema: DEV_SCHEMA, warehouse: , proxy was not configured, password is provided, region: undefined, authenticator: SNOWFLAKE, ocsp mode: FAIL_OPEN, os: darwin, os version: 25.4.0"}
{"level":"INFO","message":"[9:56:04.646 AM]: Connection[id: bbdfbc4b-bb57-42d5-8d3d-ba339c5681e1] additional details: passcode in password is provided, passcode is not provided, private key is not provided, application: undefined, client name: snowflake-sdk, client version: 2.4.0, retry timeout: 300, private key path: undefined, private key pass is not provided, client store temporary credential: false, browser response timeout: 120000"}
{"level":"INFO","message":"[9:56:04.646 AM]: Connection[id: bbdfbc4b-bb57-42d5-8d3d-ba339c5681e1] - connection object created successfully."}
{"level":"INFO","message":"[9:56:04.647 AM]: Connection[id: bbdfbc4b-bb57-42d5-8d3d-ba339c5681e1] - async connecting. Associated Snowflake domain: GLOBAL"}
{"level":"INFO","message":"[9:56:04.647 AM]: Trying to initialize Easy Logging"}
{"level":"INFO","message":"[9:56:04.656 AM]: No client config detected."}
{"level":"INFO","message":"[9:56:04.656 AM]: No config file path found. Client config will not be used."}
{"level":"INFO","message":"[9:56:04.656 AM]: Easy Logging is disabled as no config has been found"}
{"level":"INFO","message":"[9:56:04.656 AM]: Connection[id: bbdfbc4b-bb57-42d5-8d3d-ba339c5681e1] - authentication successful using: SNOWFLAKE"}
{"level":"INFO","message":"[9:56:05.303 AM]: Connection[id: bbdfbc4b-bb57-42d5-8d3d-ba339c5681e1] - connection established successfully after 655.91 milliseconds"}
{"level":"INFO","message":"[10:45:56.841 AM]: Creating new connection object"}
{"level":"INFO","message":"[10:45:56.848 AM]: Creating Connection[id: ca0f6c3a-9f8e-4333-bd00-7b8626213aa5] with host: fya14544.snowflakecomputing.com, account: fya14544, accessUrl: https://fya14544.snowflakecomputing.com, user: EPIC_DEV, role: EPIC_DEV_ROLE, database: TEST_DEVELOPMENT_ENVIROMENT, schema: DEV_SCHEMA, warehouse: , proxy was not configured, password is provided, region: undefined, authenticator: SNOWFLAKE, ocsp mode: FAIL_OPEN, os: darwin, os version: 25.4.0"}
{"level":"INFO","message":"[10:45:56.848 AM]: Connection[id: ca0f6c3a-9f8e-4333-bd00-7b8626213aa5] additional details: passcode in password is provided, passcode is not provided, private key is not provided, application: undefined, client name: snowflake-sdk, client version: 2.4.0, retry timeout: 300, private key path: undefined, private key pass is not provided, client store temporary credential: false, browser response timeout: 120000"}
{"level":"INFO","message":"[10:45:56.848 AM]: Connection[id: ca0f6c3a-9f8e-4333-bd00-7b8626213aa5] - connection object created successfully."}
{"level":"INFO","message":"[10:45:56.848 AM]: Connection[id: ca0f6c3a-9f8e-4333-bd00-7b8626213aa5] - async connecting. Associated Snowflake domain: GLOBAL"}
{"level":"INFO","message":"[10:45:56.848 AM]: Trying to initialize Easy Logging"}
{"level":"INFO","message":"[10:45:56.854 AM]: No client config detected."}
{"level":"INFO","message":"[10:45:56.855 AM]: No config file path found. Client config will not be used."}
{"level":"INFO","message":"[10:45:56.855 AM]: Easy Logging is disabled as no config has been found"}
{"level":"INFO","message":"[10:45:56.855 AM]: Connection[id: ca0f6c3a-9f8e-4333-bd00-7b8626213aa5] - authentication successful using: SNOWFLAKE"}
{"level":"INFO","message":"[10:45:57.487 AM]: Connection[id: ca0f6c3a-9f8e-4333-bd00-7b8626213aa5] - connection established successfully after 638.6 milliseconds"}
{"level":"INFO","message":"[10:46:11.900 AM]: Creating new connection object"}
{"level":"INFO","message":"[10:46:11.903 AM]: Creating Connection[id: 95d8b41d-d742-47ec-94d0-5f10e99f712a] with host: fya14544.snowflakecomputing.com, account: fya14544, accessUrl: https://fya14544.snowflakecomputing.com, user: EPIC_DEV, role: EPIC_DEV_ROLE, database: TEST_DEVELOPMENT_ENVIROMENT, schema: DEV_SCHEMA, warehouse: , proxy was not configured, password is provided, region: undefined, authenticator: SNOWFLAKE, ocsp mode: FAIL_OPEN, os: darwin, os version: 25.4.0"}
{"level":"INFO","message":"[10:46:11.903 AM]: Connection[id: 95d8b41d-d742-47ec-94d0-5f10e99f712a] additional details: passcode in password is provided, passcode is not provided, private key is not provided, application: undefined, client name: snowflake-sdk, client version: 2.4.0, retry timeout: 300, private key path: undefined, private key pass is not provided, client store temporary credential: false, browser response timeout: 120000"}
{"level":"INFO","message":"[10:46:11.904 AM]: Connection[id: 95d8b41d-d742-47ec-94d0-5f10e99f712a] - connection object created successfully."}
{"level":"INFO","message":"[10:46:11.905 AM]: Connection[id: 95d8b41d-d742-47ec-94d0-5f10e99f712a] - async connecting. Associated Snowflake domain: GLOBAL"}
{"level":"INFO","message":"[10:46:11.905 AM]: Trying to initialize Easy Logging"}
{"level":"INFO","message":"[10:46:11.913 AM]: No client config detected."}
{"level":"INFO","message":"[10:46:11.913 AM]: No config file path found. Client config will not be used."}
{"level":"INFO","message":"[10:46:11.913 AM]: Easy Logging is disabled as no config has been found"}
{"level":"INFO","message":"[10:46:11.913 AM]: Connection[id: 95d8b41d-d742-47ec-94d0-5f10e99f712a] - authentication successful using: SNOWFLAKE"}
{"level":"INFO","message":"[10:46:12.483 AM]: Connection[id: 95d8b41d-d742-47ec-94d0-5f10e99f712a] - connection established successfully after 578.6 milliseconds"}
{"level":"INFO","message":"[10:53:44.897 AM]: Creating new connection object"}
{"level":"INFO","message":"[10:53:44.902 AM]: Creating Connection[id: 8c5254fb-0793-453b-b60e-456bc7ee0fea] with host: fya14544.snowflakecomputing.com, account: fya14544, accessUrl: https://fya14544.snowflakecomputing.com, user: EPIC_DEV, role: EPIC_DEV_ROLE, database: TEST_DEVELOPMENT_ENVIROMENT, schema: DEV_SCHEMA, warehouse: , proxy was not configured, password is provided, region: undefined, authenticator: SNOWFLAKE, ocsp mode: FAIL_OPEN, os: darwin, os version: 25.4.0"}
{"level":"INFO","message":"[10:53:44.902 AM]: Connection[id: 8c5254fb-0793-453b-b60e-456bc7ee0fea] additional details: passcode in password is provided, passcode is not provided, private key is not provided, application: undefined, client name: snowflake-sdk, client version: 2.4.0, retry timeout: 300, private key path: undefined, private key pass is not provided, client store temporary credential: false, browser response timeout: 120000"}
{"level":"INFO","message":"[10:53:44.902 AM]: Connection[id: 8c5254fb-0793-453b-b60e-456bc7ee0fea] - connection object created successfully."}
{"level":"INFO","message":"[10:53:44.903 AM]: Connection[id: 8c5254fb-0793-453b-b60e-456bc7ee0fea] - async connecting. Associated Snowflake domain: GLOBAL"}
{"level":"INFO","message":"[10:53:44.903 AM]: Trying to initialize Easy Logging"}
{"level":"INFO","message":"[10:53:44.909 AM]: No client config detected."}
{"level":"INFO","message":"[10:53:44.910 AM]: No config file path found. Client config will not be used."}
{"level":"INFO","message":"[10:53:44.910 AM]: Easy Logging is disabled as no config has been found"}
{"level":"INFO","message":"[10:53:44.910 AM]: Connection[id: 8c5254fb-0793-453b-b60e-456bc7ee0fea] - authentication successful using: SNOWFLAKE"}
{"level":"INFO","message":"[10:53:46.400 AM]: Connection[id: 8c5254fb-0793-453b-b60e-456bc7ee0fea] - connection established successfully after 1497.65 milliseconds"}
{"level":"INFO","message":"[10:53:47.654 AM]: Creating new connection object"}
{"level":"INFO","message":"[10:53:47.657 AM]: Creating Connection[id: 87e885e2-33d9-45a7-a1d5-bce65f92f775] with host: fya14544.snowflakecomputing.com, account: fya14544, accessUrl: https://fya14544.snowflakecomputing.com, user: EPIC_DEV, role: EPIC_DEV_ROLE, database: TEST_DEVELOPMENT_ENVIROMENT, schema: DEV_SCHEMA, warehouse: , proxy was not configured, password is provided, region: undefined, authenticator: SNOWFLAKE, ocsp mode: FAIL_OPEN, os: darwin, os version: 25.4.0"}
{"level":"INFO","message":"[10:53:47.657 AM]: Connection[id: 87e885e2-33d9-45a7-a1d5-bce65f92f775] additional details: passcode in password is provided, passcode is not provided, private key is not provided, application: undefined, client name: snowflake-sdk, client version: 2.4.0, retry timeout: 300, private key path: undefined, private key pass is not provided, client store temporary credential: false, browser response timeout: 120000"}
{"level":"INFO","message":"[10:53:47.657 AM]: Connection[id: 87e885e2-33d9-45a7-a1d5-bce65f92f775] - connection object created successfully."}
{"level":"INFO","message":"[10:53:47.658 AM]: Connection[id: 87e885e2-33d9-45a7-a1d5-bce65f92f775] - async connecting. Associated Snowflake domain: GLOBAL"}
{"level":"INFO","message":"[10:53:47.658 AM]: Trying to initialize Easy Logging"}
{"level":"INFO","message":"[10:53:47.660 AM]: No client config detected."}
{"level":"INFO","message":"[10:53:47.660 AM]: No config file path found. Client config will not be used."}
{"level":"INFO","message":"[10:53:47.660 AM]: Easy Logging is disabled as no config has been found"}
{"level":"INFO","message":"[10:53:47.660 AM]: Connection[id: 87e885e2-33d9-45a7-a1d5-bce65f92f775] - authentication successful using: SNOWFLAKE"}
{"level":"INFO","message":"[10:53:48.242 AM]: Connection[id: 87e885e2-33d9-45a7-a1d5-bce65f92f775] - connection established successfully after 584.2 milliseconds"}
{"level":"INFO","message":"[10:54:21.952 AM]: Creating new connection object"}
{"level":"INFO","message":"[10:54:21.955 AM]: Creating Connection[id: 5d626f00-3b3a-44d7-a008-28c090f98b04] with host: fya14544.snowflakecomputing.com, account: fya14544, accessUrl: https://fya14544.snowflakecomputing.com, user: EPIC_DEV, role: EPIC_DEV_ROLE, database: TEST_DEVELOPMENT_ENVIROMENT, schema: DEV_SCHEMA, warehouse: , proxy was not configured, password is provided, region: undefined, authenticator: SNOWFLAKE, ocsp mode: FAIL_OPEN, os: darwin, os version: 25.4.0"}
{"level":"INFO","message":"[10:54:21.955 AM]: Connection[id: 5d626f00-3b3a-44d7-a008-28c090f98b04] additional details: passcode in password is provided, passcode is not provided, private key is not provided, application: undefined, client name: snowflake-sdk, client version: 2.4.0, retry timeout: 300, private key path: undefined, private key pass is not provided, client store temporary credential: false, browser response timeout: 120000"}
{"level":"INFO","message":"[10:54:21.955 AM]: Connection[id: 5d626f00-3b3a-44d7-a008-28c090f98b04] - connection object created successfully."}
{"level":"INFO","message":"[10:54:21.956 AM]: Connection[id: 5d626f00-3b3a-44d7-a008-28c090f98b04] - async connecting. Associated Snowflake domain: GLOBAL"}
{"level":"INFO","message":"[10:54:21.956 AM]: Trying to initialize Easy Logging"}
{"level":"INFO","message":"[10:54:21.959 AM]: No client config detected."}
{"level":"INFO","message":"[10:54:21.959 AM]: No config file path found. Client config will not be used."}
{"level":"INFO","message":"[10:54:21.959 AM]: Easy Logging is disabled as no config has been found"}
{"level":"INFO","message":"[10:54:21.959 AM]: Connection[id: 5d626f00-3b3a-44d7-a008-28c090f98b04] - authentication successful using: SNOWFLAKE"}
{"level":"INFO","message":"[10:54:22.610 AM]: Connection[id: 5d626f00-3b3a-44d7-a008-28c090f98b04] - connection established successfully after 653.95 milliseconds"}
{"level":"INFO","message":"[11:05:40.694 AM]: Creating new connection object"}
{"level":"INFO","message":"[11:05:40.697 AM]: Creating Connection[id: fbb3d900-53d9-4102-af0d-6338384b8703] with host: fya14544.snowflakecomputing.com, account: fya14544, accessUrl: https://fya14544.snowflakecomputing.com, user: EPIC_DEV, role: EPIC_DEV_ROLE, database: TEST_DEVELOPMENT_ENVIROMENT, schema: DEV_SCHEMA, warehouse: , proxy was not configured, password is provided, region: undefined, authenticator: SNOWFLAKE, ocsp mode: FAIL_OPEN, os: darwin, os version: 25.4.0"}
{"level":"INFO","message":"[11:05:40.697 AM]: Connection[id: fbb3d900-53d9-4102-af0d-6338384b8703] additional details: passcode in password is provided, passcode is not provided, private key is not provided, application: undefined, client name: snowflake-sdk, client version: 2.4.0, retry timeout: 300, private key path: undefined, private key pass is not provided, client store temporary credential: false, browser response timeout: 120000"}
{"level":"INFO","message":"[11:05:40.697 AM]: Connection[id: fbb3d900-53d9-4102-af0d-6338384b8703] - connection object created successfully."}
{"level":"INFO","message":"[11:05:40.698 AM]: Connection[id: fbb3d900-53d9-4102-af0d-6338384b8703] - async connecting. Associated Snowflake domain: GLOBAL"}
{"level":"INFO","message":"[11:05:40.698 AM]: Trying to initialize Easy Logging"}
{"level":"INFO","message":"[11:05:40.699 AM]: No client config detected."}
{"level":"INFO","message":"[11:05:40.699 AM]: No config file path found. Client config will not be used."}
{"level":"INFO","message":"[11:05:40.699 AM]: Easy Logging is disabled as no config has been found"}
{"level":"INFO","message":"[11:05:40.699 AM]: Connection[id: fbb3d900-53d9-4102-af0d-6338384b8703] - authentication successful using: SNOWFLAKE"}
{"level":"INFO","message":"[11:05:41.337 AM]: Connection[id: fbb3d900-53d9-4102-af0d-6338384b8703] - connection established successfully after 639.3 milliseconds"}
{"level":"INFO","message":"[11:05:48.200 AM]: Creating new connection object"}
{"level":"INFO","message":"[11:05:48.203 AM]: Creating Connection[id: f8d6bb36-8080-411d-9f13-4d7bc5f74023] with host: fya14544.snowflakecomputing.com, account: fya14544, accessUrl: https://fya14544.snowflakecomputing.com, user: EPIC_DEV, role: EPIC_DEV_ROLE, database: TEST_DEVELOPMENT_ENVIROMENT, schema: DEV_SCHEMA, warehouse: , proxy was not configured, password is provided, region: undefined, authenticator: SNOWFLAKE, ocsp mode: FAIL_OPEN, os: darwin, os version: 25.4.0"}
{"level":"INFO","message":"[11:05:48.203 AM]: Connection[id: f8d6bb36-8080-411d-9f13-4d7bc5f74023] additional details: passcode in password is provided, passcode is not provided, private key is not provided, application: undefined, client name: snowflake-sdk, client version: 2.4.0, retry timeout: 300, private key path: undefined, private key pass is not provided, client store temporary credential: false, browser response timeout: 120000"}
{"level":"INFO","message":"[11:05:48.204 AM]: Connection[id: f8d6bb36-8080-411d-9f13-4d7bc5f74023] - connection object created successfully."}
{"level":"INFO","message":"[11:05:48.204 AM]: Connection[id: f8d6bb36-8080-411d-9f13-4d7bc5f74023] - async connecting. Associated Snowflake domain: GLOBAL"}
{"level":"INFO","message":"[11:05:48.204 AM]: Trying to initialize Easy Logging"}
{"level":"INFO","message":"[11:05:48.207 AM]: No client config detected."}
{"level":"INFO","message":"[11:05:48.207 AM]: No config file path found. Client config will not be used."}
{"level":"INFO","message":"[11:05:48.207 AM]: Easy Logging is disabled as no config has been found"}
{"level":"INFO","message":"[11:05:48.207 AM]: Connection[id: f8d6bb36-8080-411d-9f13-4d7bc5f74023] - authentication successful using: SNOWFLAKE"}
{"level":"INFO","message":"[11:05:48.759 AM]: Connection[id: f8d6bb36-8080-411d-9f13-4d7bc5f74023] - connection established successfully after 555.03 milliseconds"}
{"level":"INFO","message":"[11:06:13.709 AM]: Creating new connection object"}
{"level":"INFO","message":"[11:06:13.713 AM]: Creating Connection[id: 21956bfb-d874-4ead-9156-043a496453f4] with host: fya14544.snowflakecomputing.com, account: fya14544, accessUrl: https://fya14544.snowflakecomputing.com, user: EPIC_DEV, role: EPIC_DEV_ROLE, database: TEST_DEVELOPMENT_ENVIROMENT, schema: DEV_SCHEMA, warehouse: , proxy was not configured, password is provided, region: undefined, authenticator: SNOWFLAKE, ocsp mode: FAIL_OPEN, os: darwin, os version: 25.4.0"}
{"level":"INFO","message":"[11:06:13.713 AM]: Connection[id: 21956bfb-d874-4ead-9156-043a496453f4] additional details: passcode in password is provided, passcode is not provided, private key is not provided, application: undefined, client name: snowflake-sdk, client version: 2.4.0, retry timeout: 300, private key path: undefined, private key pass is not provided, client store temporary credential: false, browser response timeout: 120000"}
{"level":"INFO","message":"[11:06:13.713 AM]: Connection[id: 21956bfb-d874-4ead-9156-043a496453f4] - connection object created successfully."}
{"level":"INFO","message":"[11:06:13.714 AM]: Connection[id: 21956bfb-d874-4ead-9156-043a496453f4] - async connecting. Associated Snowflake domain: GLOBAL"}
{"level":"INFO","message":"[11:06:13.714 AM]: Trying to initialize Easy Logging"}
{"level":"INFO","message":"[11:06:13.718 AM]: No client config detected."}
{"level":"INFO","message":"[11:06:13.718 AM]: No config file path found. Client config will not be used."}
{"level":"INFO","message":"[11:06:13.718 AM]: Easy Logging is disabled as no config has been found"}
{"level":"INFO","message":"[11:06:13.718 AM]: Connection[id: 21956bfb-d874-4ead-9156-043a496453f4] - authentication successful using: SNOWFLAKE"}
{"level":"INFO","message":"[11:06:14.597 AM]: Connection[id: 21956bfb-d874-4ead-9156-043a496453f4] - connection established successfully after 883.08 milliseconds"}
{"level":"INFO","message":"[11:12:43.364 AM]: Creating new connection object"}
{"level":"INFO","message":"[11:12:43.369 AM]: Creating Connection[id: 153addab-1f2e-46d4-a01b-c4ae26628f8d] with host: fya14544.snowflakecomputing.com, account: fya14544, accessUrl: https://fya14544.snowflakecomputing.com, user: EPIC_DEV, role: EPIC_DEV_ROLE, database: TEST_DEVELOPMENT_ENVIROMENT, schema: DEV_SCHEMA, warehouse: , proxy was not configured, password is provided, region: undefined, authenticator: SNOWFLAKE, ocsp mode: FAIL_OPEN, os: darwin, os version: 25.4.0"}
{"level":"INFO","message":"[11:12:43.370 AM]: Connection[id: 153addab-1f2e-46d4-a01b-c4ae26628f8d] additional details: passcode in password is provided, passcode is not provided, private key is not provided, application: undefined, client name: snowflake-sdk, client version: 2.4.0, retry timeout: 300, private key path: undefined, private key pass is not provided, client store temporary credential: false, browser response timeout: 120000"}
{"level":"INFO","message":"[11:12:43.370 AM]: Connection[id: 153addab-1f2e-46d4-a01b-c4ae26628f8d] - connection object created successfully."}
{"level":"INFO","message":"[11:12:43.370 AM]: Connection[id: 153addab-1f2e-46d4-a01b-c4ae26628f8d] - async connecting. Associated Snowflake domain: GLOBAL"}
{"level":"INFO","message":"[11:12:43.370 AM]: Trying to initialize Easy Logging"}
{"level":"INFO","message":"[11:12:43.371 AM]: No client config detected."}
{"level":"INFO","message":"[11:12:43.371 AM]: No config file path found. Client config will not be used."}
{"level":"INFO","message":"[11:12:43.371 AM]: Easy Logging is disabled as no config has been found"}
{"level":"INFO","message":"[11:12:43.371 AM]: Connection[id: 153addab-1f2e-46d4-a01b-c4ae26628f8d] - authentication successful using: SNOWFLAKE"}
{"level":"INFO","message":"[11:12:44.177 AM]: Connection[id: 153addab-1f2e-46d4-a01b-c4ae26628f8d] - connection established successfully after 807.06 milliseconds"}
{"level":"INFO","message":"[11:24:16.606 AM]: Creating new connection object"}
{"level":"INFO","message":"[11:24:16.609 AM]: Creating Connection[id: 0a79e1f5-7e6b-4c49-a23d-bcca27075ef8] with host: fya14544.snowflakecomputing.com, account: fya14544, accessUrl: https://fya14544.snowflakecomputing.com, user: EPIC_DEV, role: EPIC_DEV_ROLE, database: TEST_DEVELOPMENT_ENVIROMENT, schema: DEV_SCHEMA, warehouse: , proxy was not configured, password is provided, region: undefined, authenticator: SNOWFLAKE, ocsp mode: FAIL_OPEN, os: darwin, os version: 25.4.0"}
{"level":"INFO","message":"[11:24:16.609 AM]: Connection[id: 0a79e1f5-7e6b-4c49-a23d-bcca27075ef8] additional details: passcode in password is provided, passcode is not provided, private key is not provided, application: undefined, client name: snowflake-sdk, client version: 2.4.0, retry timeout: 300, private key path: undefined, private key pass is not provided, client store temporary credential: false, browser response timeout: 120000"}
{"level":"INFO","message":"[11:24:16.609 AM]: Connection[id: 0a79e1f5-7e6b-4c49-a23d-bcca27075ef8] - connection object created successfully."}
{"level":"INFO","message":"[11:24:16.610 AM]: Connection[id: 0a79e1f5-7e6b-4c49-a23d-bcca27075ef8] - async connecting. Associated Snowflake domain: GLOBAL"}
{"level":"INFO","message":"[11:24:16.610 AM]: Trying to initialize Easy Logging"}
{"level":"INFO","message":"[11:24:16.612 AM]: No client config detected."}
{"level":"INFO","message":"[11:24:16.612 AM]: No config file path found. Client config will not be used."}
{"level":"INFO","message":"[11:24:16.612 AM]: Easy Logging is disabled as no config has been found"}
{"level":"INFO","message":"[11:24:16.612 AM]: Connection[id: 0a79e1f5-7e6b-4c49-a23d-bcca27075ef8] - authentication successful using: SNOWFLAKE"}
{"level":"INFO","message":"[11:24:17.572 AM]: Connection[id: 0a79e1f5-7e6b-4c49-a23d-bcca27075ef8] - connection established successfully after 961.89 milliseconds"}
{"level":"INFO","message":"[11:24:25.162 AM]: Creating new connection object"}
{"level":"INFO","message":"[11:24:25.166 AM]: Creating Connection[id: a8d465af-4ca2-46e8-ba53-7b0fb4990f00] with host: fya14544.snowflakecomputing.com, account: fya14544, accessUrl: https://fya14544.snowflakecomputing.com, user: EPIC_DEV, role: EPIC_DEV_ROLE, database: TEST_DEVELOPMENT_ENVIROMENT, schema: DEV_SCHEMA, warehouse: , proxy was not configured, password is provided, region: undefined, authenticator: SNOWFLAKE, ocsp mode: FAIL_OPEN, os: darwin, os version: 25.4.0"}
{"level":"INFO","message":"[11:24:25.166 AM]: Connection[id: a8d465af-4ca2-46e8-ba53-7b0fb4990f00] additional details: passcode in password is provided, passcode is not provided, private key is not provided, application: undefined, client name: snowflake-sdk, client version: 2.4.0, retry timeout: 300, private key path: undefined, private key pass is not provided, client store temporary credential: false, browser response timeout: 120000"}
{"level":"INFO","message":"[11:24:25.166 AM]: Connection[id: a8d465af-4ca2-46e8-ba53-7b0fb4990f00] - connection object created successfully."}
{"level":"INFO","message":"[11:24:25.167 AM]: Connection[id: a8d465af-4ca2-46e8-ba53-7b0fb4990f00] - async connecting. Associated Snowflake domain: GLOBAL"}
{"level":"INFO","message":"[11:24:25.167 AM]: Trying to initialize Easy Logging"}
{"level":"INFO","message":"[11:24:25.169 AM]: No client config detected."}
{"level":"INFO","message":"[11:24:25.169 AM]: No config file path found. Client config will not be used."}
{"level":"INFO","message":"[11:24:25.170 AM]: Easy Logging is disabled as no config has been found"}
{"level":"INFO","message":"[11:24:25.170 AM]: Connection[id: a8d465af-4ca2-46e8-ba53-7b0fb4990f00] - authentication successful using: SNOWFLAKE"}
{"level":"INFO","message":"[11:24:25.740 AM]: Connection[id: a8d465af-4ca2-46e8-ba53-7b0fb4990f00] - connection established successfully after 573.26 milliseconds"}
{"level":"INFO","message":"[11:26:11.196 AM]: Creating new connection object"}
{"level":"INFO","message":"[11:26:11.201 AM]: Creating Connection[id: 67d44614-a152-4c25-b5e6-de8c066cfb4e] with host: fya14544.snowflakecomputing.com, account: fya14544, accessUrl: https://fya14544.snowflakecomputing.com, user: EPIC_DEV, role: EPIC_DEV_ROLE, database: TEST_DEVELOPMENT_ENVIROMENT, schema: DEV_SCHEMA, warehouse: , proxy was not configured, password is provided, region: undefined, authenticator: SNOWFLAKE, ocsp mode: FAIL_OPEN, os: darwin, os version: 25.4.0"}
{"level":"INFO","message":"[11:26:11.201 AM]: Connection[id: 67d44614-a152-4c25-b5e6-de8c066cfb4e] additional details: passcode in password is provided, passcode is not provided, private key is not provided, application: undefined, client name: snowflake-sdk, client version: 2.4.0, retry timeout: 300, private key path: undefined, private key pass is not provided, client store temporary credential: false, browser response timeout: 120000"}
{"level":"INFO","message":"[11:26:11.201 AM]: Connection[id: 67d44614-a152-4c25-b5e6-de8c066cfb4e] - connection object created successfully."}
{"level":"INFO","message":"[11:26:11.201 AM]: Connection[id: 67d44614-a152-4c25-b5e6-de8c066cfb4e] - async connecting. Associated Snowflake domain: GLOBAL"}
{"level":"INFO","message":"[11:26:11.202 AM]: Trying to initialize Easy Logging"}
{"level":"INFO","message":"[11:26:11.205 AM]: No client config detected."}
{"level":"INFO","message":"[11:26:11.205 AM]: No config file path found. Client config will not be used."}
{"level":"INFO","message":"[11:26:11.205 AM]: Easy Logging is disabled as no config has been found"}
{"level":"INFO","message":"[11:26:11.205 AM]: Connection[id: 67d44614-a152-4c25-b5e6-de8c066cfb4e] - authentication successful using: SNOWFLAKE"}
{"level":"INFO","message":"[11:26:11.852 AM]: Connection[id: 67d44614-a152-4c25-b5e6-de8c066cfb4e] - connection established successfully after 650.45 milliseconds"}
{"level":"INFO","message":"[11:41:34.998 AM]: Creating new connection object"}
{"level":"INFO","message":"[11:41:35.001 AM]: Creating Connection[id: 6bebdcb2-a838-4d32-8bae-d4c2ba46ba6d] with host: fya14544.snowflakecomputing.com, account: fya14544, accessUrl: https://fya14544.snowflakecomputing.com, user: EPIC_DEV, role: EPIC_DEV_ROLE, database: TEST_DEVELOPMENT_ENVIROMENT, schema: DEV_SCHEMA, warehouse: , proxy was not configured, password is provided, region: undefined, authenticator: SNOWFLAKE, ocsp mode: FAIL_OPEN, os: darwin, os version: 25.4.0"}
{"level":"INFO","message":"[11:41:35.002 AM]: Connection[id: 6bebdcb2-a838-4d32-8bae-d4c2ba46ba6d] additional details: passcode in password is provided, passcode is not provided, private key is not provided, application: undefined, client name: snowflake-sdk, client version: 2.4.0, retry timeout: 300, private key path: undefined, private key pass is not provided, client store temporary credential: false, browser response timeout: 120000"}
{"level":"INFO","message":"[11:41:35.002 AM]: Connection[id: 6bebdcb2-a838-4d32-8bae-d4c2ba46ba6d] - connection object created successfully."}
{"level":"INFO","message":"[11:41:35.003 AM]: Connection[id: 6bebdcb2-a838-4d32-8bae-d4c2ba46ba6d] - async connecting. Associated Snowflake domain: GLOBAL"}
{"level":"INFO","message":"[11:41:35.003 AM]: Trying to initialize Easy Logging"}
{"level":"INFO","message":"[11:41:35.005 AM]: No client config detected."}
{"level":"INFO","message":"[11:41:35.005 AM]: No config file path found. Client config will not be used."}
{"level":"INFO","message":"[11:41:35.005 AM]: Easy Logging is disabled as no config has been found"}
{"level":"INFO","message":"[11:41:35.005 AM]: Connection[id: 6bebdcb2-a838-4d32-8bae-d4c2ba46ba6d] - authentication successful using: SNOWFLAKE"}
{"level":"INFO","message":"[11:41:35.650 AM]: Connection[id: 6bebdcb2-a838-4d32-8bae-d4c2ba46ba6d] - connection established successfully after 647.49 milliseconds"}
{"level":"INFO","message":"[11:42:55.008 AM]: Creating new connection object"}
{"level":"INFO","message":"[11:42:55.012 AM]: Creating Connection[id: cfb15acc-d959-46c7-a22c-5a2871706f1a] with host: fya14544.snowflakecomputing.com, account: fya14544, accessUrl: https://fya14544.snowflakecomputing.com, user: EPIC_DEV, role: EPIC_DEV_ROLE, database: TEST_DEVELOPMENT_ENVIROMENT, schema: DEV_SCHEMA, warehouse: , proxy was not configured, password is provided, region: undefined, authenticator: SNOWFLAKE, ocsp mode: FAIL_OPEN, os: darwin, os version: 25.4.0"}
{"level":"INFO","message":"[11:42:55.013 AM]: Connection[id: cfb15acc-d959-46c7-a22c-5a2871706f1a] additional details: passcode in password is provided, passcode is not provided, private key is not provided, application: undefined, client name: snowflake-sdk, client version: 2.4.0, retry timeout: 300, private key path: undefined, private key pass is not provided, client store temporary credential: false, browser response timeout: 120000"}
{"level":"INFO","message":"[11:42:55.013 AM]: Connection[id: cfb15acc-d959-46c7-a22c-5a2871706f1a] - connection object created successfully."}
{"level":"INFO","message":"[11:42:55.013 AM]: Connection[id: cfb15acc-d959-46c7-a22c-5a2871706f1a] - async connecting. Associated Snowflake domain: GLOBAL"}
{"level":"INFO","message":"[11:42:55.013 AM]: Trying to initialize Easy Logging"}
{"level":"INFO","message":"[11:42:55.015 AM]: No client config detected."}
{"level":"INFO","message":"[11:42:55.015 AM]: No config file path found. Client config will not be used."}
{"level":"INFO","message":"[11:42:55.015 AM]: Easy Logging is disabled as no config has been found"}
{"level":"INFO","message":"[11:42:55.015 AM]: Connection[id: cfb15acc-d959-46c7-a22c-5a2871706f1a] - authentication successful using: SNOWFLAKE"}
{"level":"INFO","message":"[11:42:56.013 AM]: Connection[id: cfb15acc-d959-46c7-a22c-5a2871706f1a] - connection established successfully after 999.83 milliseconds"}
{"level":"INFO","message":"[12:28:36.198 PM]: Creating new connection object"}
{"level":"INFO","message":"[12:28:36.200 PM]: Creating Connection[id: f82f3492-4369-403f-a7c7-a820f353ce65] with host: fya14544.snowflakecomputing.com, account: fya14544, accessUrl: https://fya14544.snowflakecomputing.com, user: EPIC_DEV, role: EPIC_DEV_ROLE, database: TEST_DEVELOPMENT_ENVIROMENT, schema: DEV_SCHEMA, warehouse: , proxy was not configured, password is provided, region: undefined, authenticator: SNOWFLAKE, ocsp mode: FAIL_OPEN, os: darwin, os version: 25.4.0"}
{"level":"INFO","message":"[12:28:36.201 PM]: Connection[id: f82f3492-4369-403f-a7c7-a820f353ce65] additional details: passcode in password is provided, passcode is not provided, private key is not provided, application: undefined, client name: snowflake-sdk, client version: 2.4.0, retry timeout: 300, private key path: undefined, private key pass is not provided, client store temporary credential: false, browser response timeout: 120000"}
{"level":"INFO","message":"[12:28:36.201 PM]: Connection[id: f82f3492-4369-403f-a7c7-a820f353ce65] - connection object created successfully."}
{"level":"INFO","message":"[12:28:36.202 PM]: Connection[id: f82f3492-4369-403f-a7c7-a820f353ce65] - async connecting. Associated Snowflake domain: GLOBAL"}
{"level":"INFO","message":"[12:28:36.202 PM]: Trying to initialize Easy Logging"}
{"level":"INFO","message":"[12:28:36.203 PM]: No client config detected."}
{"level":"INFO","message":"[12:28:36.203 PM]: No config file path found. Client config will not be used."}
{"level":"INFO","message":"[12:28:36.203 PM]: Easy Logging is disabled as no config has been found"}
{"level":"INFO","message":"[12:28:36.203 PM]: Connection[id: f82f3492-4369-403f-a7c7-a820f353ce65] - authentication successful using: SNOWFLAKE"}
{"level":"INFO","message":"[12:28:37.450 PM]: Connection[id: f82f3492-4369-403f-a7c7-a820f353ce65] - connection established successfully after 1248.5 milliseconds"}
{"level":"INFO","message":"[12:28:38.095 PM]: Creating new connection object"}
{"level":"INFO","message":"[12:28:38.100 PM]: Creating Connection[id: 34f1a68f-943f-4afa-a4a0-d39779be4488] with host: fya14544.snowflakecomputing.com, account: fya14544, accessUrl: https://fya14544.snowflakecomputing.com, user: EPIC_DEV, role: EPIC_DEV_ROLE, database: TEST_DEVELOPMENT_ENVIROMENT, schema: DEV_SCHEMA, warehouse: , proxy was not configured, password is provided, region: undefined, authenticator: SNOWFLAKE, ocsp mode: FAIL_OPEN, os: darwin, os version: 25.4.0"}
{"level":"INFO","message":"[12:28:38.100 PM]: Connection[id: 34f1a68f-943f-4afa-a4a0-d39779be4488] additional details: passcode in password is provided, passcode is not provided, private key is not provided, application: undefined, client name: snowflake-sdk, client version: 2.4.0, retry timeout: 300, private key path: undefined, private key pass is not provided, client store temporary credential: false, browser response timeout: 120000"}
{"level":"INFO","message":"[12:28:38.100 PM]: Connection[id: 34f1a68f-943f-4afa-a4a0-d39779be4488] - connection object created successfully."}
{"level":"INFO","message":"[12:28:38.100 PM]: Connection[id: 34f1a68f-943f-4afa-a4a0-d39779be4488] - async connecting. Associated Snowflake domain: GLOBAL"}
{"level":"INFO","message":"[12:28:38.100 PM]: Trying to initialize Easy Logging"}
{"level":"INFO","message":"[12:28:38.101 PM]: No client config detected."}
{"level":"INFO","message":"[12:28:38.101 PM]: No config file path found. Client config will not be used."}
{"level":"INFO","message":"[12:28:38.101 PM]: Easy Logging is disabled as no config has been found"}
{"level":"INFO","message":"[12:28:38.101 PM]: Connection[id: 34f1a68f-943f-4afa-a4a0-d39779be4488] - authentication successful using: SNOWFLAKE"}
{"level":"INFO","message":"[12:28:38.928 PM]: Connection[id: 34f1a68f-943f-4afa-a4a0-d39779be4488] - connection established successfully after 827.26 milliseconds"}
{"level":"INFO","message":"[8:26:58.407 PM]: Creating new connection object"}
{"level":"INFO","message":"[8:26:58.412 PM]: Creating Connection[id: 18b8329e-6a41-4b54-b486-109cca5ab5c5] with host: fya14544.snowflakecomputing.com, account: fya14544, accessUrl: https://fya14544.snowflakecomputing.com, user: EPIC_DEV, role: EPIC_DEV_ROLE, database: TEST_DEVELOPMENT_ENVIROMENT, schema: DEV_SCHEMA, warehouse: , proxy was not configured, password is provided, region: undefined, authenticator: SNOWFLAKE, ocsp mode: FAIL_OPEN, os: darwin, os version: 25.4.0"}
{"level":"INFO","message":"[8:26:58.412 PM]: Connection[id: 18b8329e-6a41-4b54-b486-109cca5ab5c5] additional details: passcode in password is provided, passcode is not provided, private key is not provided, application: undefined, client name: snowflake-sdk, client version: 2.4.0, retry timeout: 300, private key path: undefined, private key pass is not provided, client store temporary credential: false, browser response timeout: 120000"}
{"level":"INFO","message":"[8:26:58.412 PM]: Connection[id: 18b8329e-6a41-4b54-b486-109cca5ab5c5] - connection object created successfully."}
{"level":"INFO","message":"[8:26:58.413 PM]: Connection[id: 18b8329e-6a41-4b54-b486-109cca5ab5c5] - async connecting. Associated Snowflake domain: GLOBAL"}
{"level":"INFO","message":"[8:26:58.413 PM]: Trying to initialize Easy Logging"}
{"level":"INFO","message":"[8:26:58.418 PM]: No client config detected."}
{"level":"INFO","message":"[8:26:58.419 PM]: No config file path found. Client config will not be used."}
{"level":"INFO","message":"[8:26:58.419 PM]: Easy Logging is disabled as no config has been found"}
{"level":"INFO","message":"[8:26:58.419 PM]: Connection[id: 18b8329e-6a41-4b54-b486-109cca5ab5c5] - authentication successful using: SNOWFLAKE"}
{"level":"INFO","message":"[8:26:59.176 PM]: Connection[id: 18b8329e-6a41-4b54-b486-109cca5ab5c5] - connection established successfully after 763.18 milliseconds"}
{"level":"INFO","message":"[8:37:37.176 PM]: Creating new connection object"}
{"level":"INFO","message":"[8:37:37.179 PM]: Creating Connection[id: 24b569d8-267f-49ed-8904-d8becad46530] with host: fya14544.snowflakecomputing.com, account: fya14544, accessUrl: https://fya14544.snowflakecomputing.com, user: EPIC_DEV, role: EPIC_DEV_ROLE, database: TEST_DEVELOPMENT_ENVIROMENT, schema: DEV_SCHEMA, warehouse: , proxy was not configured, password is provided, region: undefined, authenticator: SNOWFLAKE, ocsp mode: FAIL_OPEN, os: darwin, os version: 25.4.0"}
{"level":"INFO","message":"[8:37:37.179 PM]: Connection[id: 24b569d8-267f-49ed-8904-d8becad46530] additional details: passcode in password is provided, passcode is not provided, private key is not provided, application: undefined, client name: snowflake-sdk, client version: 2.4.0, retry timeout: 300, private key path: undefined, private key pass is not provided, client store temporary credential: false, browser response timeout: 120000"}
{"level":"INFO","message":"[8:37:37.179 PM]: Connection[id: 24b569d8-267f-49ed-8904-d8becad46530] - connection object created successfully."}
{"level":"INFO","message":"[8:37:37.180 PM]: Connection[id: 24b569d8-267f-49ed-8904-d8becad46530] - async connecting. Associated Snowflake domain: GLOBAL"}
{"level":"INFO","message":"[8:37:37.180 PM]: Trying to initialize Easy Logging"}
{"level":"INFO","message":"[8:37:37.182 PM]: No client config detected."}
{"level":"INFO","message":"[8:37:37.182 PM]: No config file path found. Client config will not be used."}
{"level":"INFO","message":"[8:37:37.182 PM]: Easy Logging is disabled as no config has been found"}
{"level":"INFO","message":"[8:37:37.182 PM]: Connection[id: 24b569d8-267f-49ed-8904-d8becad46530] - authentication successful using: SNOWFLAKE"}
{"level":"INFO","message":"[8:37:37.789 PM]: Connection[id: 24b569d8-267f-49ed-8904-d8becad46530] - connection established successfully after 609.2 milliseconds"}
{"level":"INFO","message":"[8:50:34.188 PM]: Creating new connection object"}
{"level":"INFO","message":"[8:50:34.191 PM]: Creating Connection[id: 031a5bcf-f90e-4bfc-8105-82cef73baefc] with host: fya14544.snowflakecomputing.com, account: fya14544, accessUrl: https://fya14544.snowflakecomputing.com, user: EPIC_DEV, role: EPIC_DEV_ROLE, database: TEST_DEVELOPMENT_ENVIROMENT, schema: DEV_SCHEMA, warehouse: , proxy was not configured, password is provided, region: undefined, authenticator: SNOWFLAKE, ocsp mode: FAIL_OPEN, os: darwin, os version: 25.4.0"}
{"level":"INFO","message":"[8:50:34.191 PM]: Connection[id: 031a5bcf-f90e-4bfc-8105-82cef73baefc] additional details: passcode in password is provided, passcode is not provided, private key is not provided, application: undefined, client name: snowflake-sdk, client version: 2.4.0, retry timeout: 300, private key path: undefined, private key pass is not provided, client store temporary credential: false, browser response timeout: 120000"}
{"level":"INFO","message":"[8:50:34.191 PM]: Connection[id: 031a5bcf-f90e-4bfc-8105-82cef73baefc] - connection object created successfully."}
{"level":"INFO","message":"[8:50:34.192 PM]: Connection[id: 031a5bcf-f90e-4bfc-8105-82cef73baefc] - async connecting. Associated Snowflake domain: GLOBAL"}
{"level":"INFO","message":"[8:50:34.192 PM]: Trying to initialize Easy Logging"}
{"level":"INFO","message":"[8:50:34.194 PM]: No client config detected."}
{"level":"INFO","message":"[8:50:34.194 PM]: No config file path found. Client config will not be used."}
{"level":"INFO","message":"[8:50:34.194 PM]: Easy Logging is disabled as no config has been found"}
{"level":"INFO","message":"[8:50:34.194 PM]: Connection[id: 031a5bcf-f90e-4bfc-8105-82cef73baefc] - authentication successful using: SNOWFLAKE"}
{"level":"INFO","message":"[8:50:34.781 PM]: Connection[id: 031a5bcf-f90e-4bfc-8105-82cef73baefc] - connection established successfully after 589.49 milliseconds"}
{"level":"INFO","message":"[9:02:35.458 PM]: Creating new connection object"}
{"level":"INFO","message":"[9:02:35.462 PM]: Creating Connection[id: 565e59d7-787d-4e40-9f51-0d8b376f8f52] with host: fya14544.snowflakecomputing.com, account: fya14544, accessUrl: https://fya14544.snowflakecomputing.com, user: EPIC_DEV, role: EPIC_DEV_ROLE, database: TEST_DEVELOPMENT_ENVIROMENT, schema: DEV_SCHEMA, warehouse: , proxy was not configured, password is provided, region: undefined, authenticator: SNOWFLAKE, ocsp mode: FAIL_OPEN, os: darwin, os version: 25.4.0"}
{"level":"INFO","message":"[9:02:35.463 PM]: Connection[id: 565e59d7-787d-4e40-9f51-0d8b376f8f52] additional details: passcode in password is provided, passcode is not provided, private key is not provided, application: undefined, client name: snowflake-sdk, client version: 2.4.0, retry timeout: 300, private key path: undefined, private key pass is not provided, client store temporary credential: false, browser response timeout: 120000"}
{"level":"INFO","message":"[9:02:35.463 PM]: Connection[id: 565e59d7-787d-4e40-9f51-0d8b376f8f52] - connection object created successfully."}
{"level":"INFO","message":"[9:02:35.463 PM]: Connection[id: 565e59d7-787d-4e40-9f51-0d8b376f8f52] - async connecting. Associated Snowflake domain: GLOBAL"}
{"level":"INFO","message":"[9:02:35.463 PM]: Trying to initialize Easy Logging"}
{"level":"INFO","message":"[9:02:35.470 PM]: No client config detected."}
{"level":"INFO","message":"[9:02:35.470 PM]: No config file path found. Client config will not be used."}
{"level":"INFO","message":"[9:02:35.470 PM]: Easy Logging is disabled as no config has been found"}
{"level":"INFO","message":"[9:02:35.470 PM]: Connection[id: 565e59d7-787d-4e40-9f51-0d8b376f8f52] - authentication successful using: SNOWFLAKE"}
{"level":"INFO","message":"[9:02:36.109 PM]: Connection[id: 565e59d7-787d-4e40-9f51-0d8b376f8f52] - connection established successfully after 645.76 milliseconds"}
{"level":"INFO","message":"[9:02:37.381 PM]: Creating new connection object"}
{"level":"INFO","message":"[9:02:37.384 PM]: Creating Connection[id: 923a7374-f309-4e7c-aae1-98ab5d1df2ec] with host: fya14544.snowflakecomputing.com, account: fya14544, accessUrl: https://fya14544.snowflakecomputing.com, user: EPIC_DEV, role: EPIC_DEV_ROLE, database: TEST_DEVELOPMENT_ENVIROMENT, schema: DEV_SCHEMA, warehouse: , proxy was not configured, password is provided, region: undefined, authenticator: SNOWFLAKE, ocsp mode: FAIL_OPEN, os: darwin, os version: 25.4.0"}
{"level":"INFO","message":"[9:02:37.384 PM]: Connection[id: 923a7374-f309-4e7c-aae1-98ab5d1df2ec] additional details: passcode in password is provided, passcode is not provided, private key is not provided, application: undefined, client name: snowflake-sdk, client version: 2.4.0, retry timeout: 300, private key path: undefined, private key pass is not provided, client store temporary credential: false, browser response timeout: 120000"}
{"level":"INFO","message":"[9:02:37.384 PM]: Connection[id: 923a7374-f309-4e7c-aae1-98ab5d1df2ec] - connection object created successfully."}
{"level":"INFO","message":"[9:02:37.385 PM]: Connection[id: 923a7374-f309-4e7c-aae1-98ab5d1df2ec] - async connecting. Associated Snowflake domain: GLOBAL"}
{"level":"INFO","message":"[9:02:37.385 PM]: Trying to initialize Easy Logging"}
{"level":"INFO","message":"[9:02:37.386 PM]: No client config detected."}
{"level":"INFO","message":"[9:02:37.386 PM]: No config file path found. Client config will not be used."}
{"level":"INFO","message":"[9:02:37.386 PM]: Easy Logging is disabled as no config has been found"}
{"level":"INFO","message":"[9:02:37.387 PM]: Connection[id: 923a7374-f309-4e7c-aae1-98ab5d1df2ec] - authentication successful using: SNOWFLAKE"}
{"level":"INFO","message":"[9:02:37.918 PM]: Connection[id: 923a7374-f309-4e7c-aae1-98ab5d1df2ec] - connection established successfully after 532.83 milliseconds"}
{"level":"INFO","message":"[9:19:43.103 PM]: Creating new connection object"}
{"level":"INFO","message":"[9:19:43.105 PM]: Creating Connection[id: 3d31500b-a34e-479a-a3da-26eb1546782b] with host: fya14544.snowflakecomputing.com, account: fya14544, accessUrl: https://fya14544.snowflakecomputing.com, user: EPIC_DEV, role: EPIC_DEV_ROLE, database: TEST_DEVELOPMENT_ENVIROMENT, schema: DEV_SCHEMA, warehouse: , proxy was not configured, password is provided, region: undefined, authenticator: SNOWFLAKE, ocsp mode: FAIL_OPEN, os: darwin, os version: 25.4.0"}
{"level":"INFO","message":"[9:19:43.105 PM]: Connection[id: 3d31500b-a34e-479a-a3da-26eb1546782b] additional details: passcode in password is provided, passcode is not provided, private key is not provided, application: undefined, client name: snowflake-sdk, client version: 2.4.0, retry timeout: 300, private key path: undefined, private key pass is not provided, client store temporary credential: false, browser response timeout: 120000"}
{"level":"INFO","message":"[9:19:43.105 PM]: Connection[id: 3d31500b-a34e-479a-a3da-26eb1546782b] - connection object created successfully."}
{"level":"INFO","message":"[9:19:43.106 PM]: Connection[id: 3d31500b-a34e-479a-a3da-26eb1546782b] - async connecting. Associated Snowflake domain: GLOBAL"}
{"level":"INFO","message":"[9:19:43.106 PM]: Trying to initialize Easy Logging"}
{"level":"INFO","message":"[9:19:43.217 PM]: No client config detected."}
{"level":"INFO","message":"[9:19:43.217 PM]: No config file path found. Client config will not be used."}
{"level":"INFO","message":"[9:19:43.217 PM]: Easy Logging is disabled as no config has been found"}
{"level":"INFO","message":"[9:19:43.217 PM]: Connection[id: 3d31500b-a34e-479a-a3da-26eb1546782b] - authentication successful using: SNOWFLAKE"}
{"level":"INFO","message":"[9:19:43.389 PM]: Creating new connection object"}
{"level":"INFO","message":"[9:19:43.390 PM]: Creating Connection[id: a2adc7b4-b49c-4539-8941-29db2fd1a881] with host: fya14544.snowflakecomputing.com, account: fya14544, accessUrl: https://fya14544.snowflakecomputing.com, user: EPIC_DEV, role: EPIC_DEV_ROLE, database: TEST_DEVELOPMENT_ENVIROMENT, schema: DEV_SCHEMA, warehouse: , proxy was not configured, password is provided, region: undefined, authenticator: SNOWFLAKE, ocsp mode: FAIL_OPEN, os: darwin, os version: 25.4.0"}
{"level":"INFO","message":"[9:19:43.391 PM]: Connection[id: a2adc7b4-b49c-4539-8941-29db2fd1a881] additional details: passcode in password is provided, passcode is not provided, private key is not provided, application: undefined, client name: snowflake-sdk, client version: 2.4.0, retry timeout: 300, private key path: undefined, private key pass is not provided, client store temporary credential: false, browser response timeout: 120000"}
{"level":"INFO","message":"[9:19:43.391 PM]: Connection[id: a2adc7b4-b49c-4539-8941-29db2fd1a881] - connection object created successfully."}
{"level":"INFO","message":"[9:19:43.391 PM]: Connection[id: a2adc7b4-b49c-4539-8941-29db2fd1a881] - async connecting. Associated Snowflake domain: GLOBAL"}
{"level":"INFO","message":"[9:19:43.391 PM]: Trying to initialize Easy Logging"}
{"level":"INFO","message":"[9:19:43.400 PM]: No client config detected."}
{"level":"INFO","message":"[9:19:43.400 PM]: No config file path found. Client config will not be used."}
{"level":"INFO","message":"[9:19:43.400 PM]: Easy Logging is disabled as no config has been found"}
{"level":"INFO","message":"[9:19:43.400 PM]: Connection[id: a2adc7b4-b49c-4539-8941-29db2fd1a881] - authentication successful using: SNOWFLAKE"}
{"level":"INFO","message":"[9:19:44.004 PM]: Connection[id: 3d31500b-a34e-479a-a3da-26eb1546782b] - connection established successfully after 897.59 milliseconds"}
{"level":"INFO","message":"[9:19:44.011 PM]: Connection[id: a2adc7b4-b49c-4539-8941-29db2fd1a881] - connection established successfully after 619.63 milliseconds"}
{"level":"INFO","message":"[9:27:05.218 PM]: Creating new connection object"}
{"level":"INFO","message":"[9:27:05.221 PM]: Creating Connection[id: 8e2f505b-bdbc-4b2f-91d3-55280e949e60] with host: fya14544.snowflakecomputing.com, account: fya14544, accessUrl: https://fya14544.snowflakecomputing.com, user: EPIC_DEV, role: EPIC_DEV_ROLE, database: TEST_DEVELOPMENT_ENVIROMENT, schema: DEV_SCHEMA, warehouse: , proxy was not configured, password is provided, region: undefined, authenticator: SNOWFLAKE, ocsp mode: FAIL_OPEN, os: darwin, os version: 25.4.0"}
{"level":"INFO","message":"[9:27:05.221 PM]: Connection[id: 8e2f505b-bdbc-4b2f-91d3-55280e949e60] additional details: passcode in password is provided, passcode is not provided, private key is not provided, application: undefined, client name: snowflake-sdk, client version: 2.4.0, retry timeout: 300, private key path: undefined, private key pass is not provided, client store temporary credential: false, browser response timeout: 120000"}
{"level":"INFO","message":"[9:27:05.221 PM]: Connection[id: 8e2f505b-bdbc-4b2f-91d3-55280e949e60] - connection object created successfully."}
{"level":"INFO","message":"[9:27:05.222 PM]: Connection[id: 8e2f505b-bdbc-4b2f-91d3-55280e949e60] - async connecting. Associated Snowflake domain: GLOBAL"}
{"level":"INFO","message":"[9:27:05.222 PM]: Trying to initialize Easy Logging"}
{"level":"INFO","message":"[9:27:05.352 PM]: No client config detected."}
{"level":"INFO","message":"[9:27:05.352 PM]: No config file path found. Client config will not be used."}
{"level":"INFO","message":"[9:27:05.352 PM]: Easy Logging is disabled as no config has been found"}
{"level":"INFO","message":"[9:27:05.353 PM]: Connection[id: 8e2f505b-bdbc-4b2f-91d3-55280e949e60] - authentication successful using: SNOWFLAKE"}
{"level":"INFO","message":"[9:27:05.652 PM]: Creating new connection object"}
{"level":"INFO","message":"[9:27:05.657 PM]: Creating Connection[id: 35ee0a32-481b-4e6a-96a2-94f323ae4adf] with host: fya14544.snowflakecomputing.com, account: fya14544, accessUrl: https://fya14544.snowflakecomputing.com, user: EPIC_DEV, role: EPIC_DEV_ROLE, database: TEST_DEVELOPMENT_ENVIROMENT, schema: DEV_SCHEMA, warehouse: , proxy was not configured, password is provided, region: undefined, authenticator: SNOWFLAKE, ocsp mode: FAIL_OPEN, os: darwin, os version: 25.4.0"}
{"level":"INFO","message":"[9:27:05.658 PM]: Connection[id: 35ee0a32-481b-4e6a-96a2-94f323ae4adf] additional details: passcode in password is provided, passcode is not provided, private key is not provided, application: undefined, client name: snowflake-sdk, client version: 2.4.0, retry timeout: 300, private key path: undefined, private key pass is not provided, client store temporary credential: false, browser response timeout: 120000"}
{"level":"INFO","message":"[9:27:05.658 PM]: Connection[id: 35ee0a32-481b-4e6a-96a2-94f323ae4adf] - connection object created successfully."}
{"level":"INFO","message":"[9:27:05.658 PM]: Connection[id: 35ee0a32-481b-4e6a-96a2-94f323ae4adf] - async connecting. Associated Snowflake domain: GLOBAL"}
{"level":"INFO","message":"[9:27:05.658 PM]: Trying to initialize Easy Logging"}
{"level":"INFO","message":"[9:27:05.732 PM]: No client config detected."}
{"level":"INFO","message":"[9:27:05.733 PM]: No config file path found. Client config will not be used."}
{"level":"INFO","message":"[9:27:05.733 PM]: Easy Logging is disabled as no config has been found"}
{"level":"INFO","message":"[9:27:05.733 PM]: Connection[id: 35ee0a32-481b-4e6a-96a2-94f323ae4adf] - authentication successful using: SNOWFLAKE"}
{"level":"INFO","message":"[9:27:06.364 PM]: Connection[id: 8e2f505b-bdbc-4b2f-91d3-55280e949e60] - connection established successfully after 1142.23 milliseconds"}
{"level":"INFO","message":"[9:27:06.374 PM]: Connection[id: 35ee0a32-481b-4e6a-96a2-94f323ae4adf] - connection established successfully after 716.7 milliseconds"}
{"level":"INFO","message":"[11:02:30.261 AM]: Creating new connection object"}
{"level":"INFO","message":"[11:02:30.266 AM]: Creating Connection[id: c5156349-20f0-4dad-b445-73b093a3add6] with host: fya14544.snowflakecomputing.com, account: fya14544, accessUrl: https://fya14544.snowflakecomputing.com, user: EPIC_DEV, role: EPIC_DEV_ROLE, database: TEST_DEVELOPMENT_ENVIROMENT, schema: DEV_SCHEMA, warehouse: , proxy was not configured, password is provided, region: undefined, authenticator: SNOWFLAKE, ocsp mode: FAIL_OPEN, os: darwin, os version: 25.4.0"}
{"level":"INFO","message":"[11:02:30.266 AM]: Connection[id: c5156349-20f0-4dad-b445-73b093a3add6] additional details: passcode in password is provided, passcode is not provided, private key is not provided, application: undefined, client name: snowflake-sdk, client version: 2.4.0, retry timeout: 300, private key path: undefined, private key pass is not provided, client store temporary credential: false, browser response timeout: 120000"}
{"level":"INFO","message":"[11:02:30.266 AM]: Connection[id: c5156349-20f0-4dad-b445-73b093a3add6] - connection object created successfully."}
{"level":"INFO","message":"[11:02:30.266 AM]: Connection[id: c5156349-20f0-4dad-b445-73b093a3add6] - async connecting. Associated Snowflake domain: GLOBAL"}
{"level":"INFO","message":"[11:02:30.266 AM]: Trying to initialize Easy Logging"}
{"level":"INFO","message":"[11:02:30.273 AM]: No client config detected."}
{"level":"INFO","message":"[11:02:30.273 AM]: No config file path found. Client config will not be used."}
{"level":"INFO","message":"[11:02:30.273 AM]: Easy Logging is disabled as no config has been found"}
{"level":"INFO","message":"[11:02:30.274 AM]: Connection[id: c5156349-20f0-4dad-b445-73b093a3add6] - authentication successful using: SNOWFLAKE"}
{"level":"INFO","message":"[11:02:31.179 AM]: Connection[id: c5156349-20f0-4dad-b445-73b093a3add6] - connection established successfully after 912.81 milliseconds"}
{"level":"INFO","message":"[11:02:41.555 AM]: Creating new connection object"}
{"level":"INFO","message":"[11:02:41.557 AM]: Creating Connection[id: 3ab3ad1a-8e00-409b-9c4e-13792e79db6c] with host: fya14544.snowflakecomputing.com, account: fya14544, accessUrl: https://fya14544.snowflakecomputing.com, user: EPIC_DEV, role: EPIC_DEV_ROLE, database: TEST_DEVELOPMENT_ENVIROMENT, schema: DEV_SCHEMA, warehouse: , proxy was not configured, password is provided, region: undefined, authenticator: SNOWFLAKE, ocsp mode: FAIL_OPEN, os: darwin, os version: 25.4.0"}
{"level":"INFO","message":"[11:02:41.558 AM]: Connection[id: 3ab3ad1a-8e00-409b-9c4e-13792e79db6c] additional details: passcode in password is provided, passcode is not provided, private key is not provided, application: undefined, client name: snowflake-sdk, client version: 2.4.0, retry timeout: 300, private key path: undefined, private key pass is not provided, client store temporary credential: false, browser response timeout: 120000"}
{"level":"INFO","message":"[11:02:41.558 AM]: Connection[id: 3ab3ad1a-8e00-409b-9c4e-13792e79db6c] - connection object created successfully."}
{"level":"INFO","message":"[11:02:41.559 AM]: Connection[id: 3ab3ad1a-8e00-409b-9c4e-13792e79db6c] - async connecting. Associated Snowflake domain: GLOBAL"}
{"level":"INFO","message":"[11:02:41.559 AM]: Trying to initialize Easy Logging"}
{"level":"INFO","message":"[11:02:41.560 AM]: No client config detected."}
{"level":"INFO","message":"[11:02:41.560 AM]: No config file path found. Client config will not be used."}
{"level":"INFO","message":"[11:02:41.560 AM]: Easy Logging is disabled as no config has been found"}
{"level":"INFO","message":"[11:02:41.560 AM]: Connection[id: 3ab3ad1a-8e00-409b-9c4e-13792e79db6c] - authentication successful using: SNOWFLAKE"}
{"level":"INFO","message":"[11:02:42.172 AM]: Connection[id: 3ab3ad1a-8e00-409b-9c4e-13792e79db6c] - connection established successfully after 613.77 milliseconds"}
{"level":"INFO","message":"[4:28:14.208 PM]: Creating new connection object"}
{"level":"INFO","message":"[4:28:14.213 PM]: Creating Connection[id: dd948fd2-4c40-4589-ac57-643850791b11] with host: fya14544.snowflakecomputing.com, account: fya14544, accessUrl: https://fya14544.snowflakecomputing.com, user: EPIC_DEV, role: EPIC_DEV_ROLE, database: TEST_DEVELOPMENT_ENVIROMENT, schema: DEV_SCHEMA, warehouse: , proxy was not configured, password is provided, region: undefined, authenticator: SNOWFLAKE, ocsp mode: FAIL_OPEN, os: darwin, os version: 25.4.0"}
{"level":"INFO","message":"[4:28:14.214 PM]: Connection[id: dd948fd2-4c40-4589-ac57-643850791b11] additional details: passcode in password is provided, passcode is not provided, private key is not provided, application: undefined, client name: snowflake-sdk, client version: 2.4.0, retry timeout: 300, private key path: undefined, private key pass is not provided, client store temporary credential: false, browser response timeout: 120000"}
{"level":"INFO","message":"[4:28:14.214 PM]: Connection[id: dd948fd2-4c40-4589-ac57-643850791b11] - connection object created successfully."}
{"level":"INFO","message":"[4:28:14.214 PM]: Connection[id: dd948fd2-4c40-4589-ac57-643850791b11] - async connecting. Associated Snowflake domain: GLOBAL"}
{"level":"INFO","message":"[4:28:14.214 PM]: Trying to initialize Easy Logging"}
{"level":"INFO","message":"[4:28:14.219 PM]: No client config detected."}
{"level":"INFO","message":"[4:28:14.219 PM]: No config file path found. Client config will not be used."}
{"level":"INFO","message":"[4:28:14.220 PM]: Easy Logging is disabled as no config has been found"}
{"level":"INFO","message":"[4:28:14.220 PM]: Connection[id: dd948fd2-4c40-4589-ac57-643850791b11] - authentication successful using: SNOWFLAKE"}
{"level":"INFO","message":"[4:28:14.840 PM]: Connection[id: dd948fd2-4c40-4589-ac57-643850791b11] - connection established successfully after 625.95 milliseconds"}
{"level":"INFO","message":"[4:28:17.192 PM]: Creating new connection object"}
{"level":"INFO","message":"[4:28:17.195 PM]: Creating Connection[id: 4f2aadfa-08ba-4715-ba0c-124da69eb389] with host: fya14544.snowflakecomputing.com, account: fya14544, accessUrl: https://fya14544.snowflakecomputing.com, user: EPIC_DEV, role: EPIC_DEV_ROLE, database: TEST_DEVELOPMENT_ENVIROMENT, schema: DEV_SCHEMA, warehouse: , proxy was not configured, password is provided, region: undefined, authenticator: SNOWFLAKE, ocsp mode: FAIL_OPEN, os: darwin, os version: 25.4.0"}
{"level":"INFO","message":"[4:28:17.195 PM]: Connection[id: 4f2aadfa-08ba-4715-ba0c-124da69eb389] additional details: passcode in password is provided, passcode is not provided, private key is not provided, application: undefined, client name: snowflake-sdk, client version: 2.4.0, retry timeout: 300, private key path: undefined, private key pass is not provided, client store temporary credential: false, browser response timeout: 120000"}
{"level":"INFO","message":"[4:28:17.195 PM]: Connection[id: 4f2aadfa-08ba-4715-ba0c-124da69eb389] - connection object created successfully."}
{"level":"INFO","message":"[4:28:17.196 PM]: Connection[id: 4f2aadfa-08ba-4715-ba0c-124da69eb389] - async connecting. Associated Snowflake domain: GLOBAL"}
{"level":"INFO","message":"[4:28:17.196 PM]: Trying to initialize Easy Logging"}
{"level":"INFO","message":"[4:28:17.197 PM]: No client config detected."}
{"level":"INFO","message":"[4:28:17.197 PM]: No config file path found. Client config will not be used."}
{"level":"INFO","message":"[4:28:17.197 PM]: Easy Logging is disabled as no config has been found"}
{"level":"INFO","message":"[4:28:17.197 PM]: Connection[id: 4f2aadfa-08ba-4715-ba0c-124da69eb389] - authentication successful using: SNOWFLAKE"}
{"level":"INFO","message":"[4:28:17.755 PM]: Connection[id: 4f2aadfa-08ba-4715-ba0c-124da69eb389] - connection established successfully after 559.11 milliseconds"}
{"level":"INFO","message":"[4:28:42.416 PM]: Creating new connection object"}
{"level":"INFO","message":"[4:28:42.420 PM]: Creating Connection[id: 50a9756f-b05d-4c43-a100-664647f0f62a] with host: fya14544.snowflakecomputing.com, account: fya14544, accessUrl: https://fya14544.snowflakecomputing.com, user: EPIC_DEV, role: EPIC_DEV_ROLE, database: TEST_DEVELOPMENT_ENVIROMENT, schema: DEV_SCHEMA, warehouse: , proxy was not configured, password is provided, region: undefined, authenticator: SNOWFLAKE, ocsp mode: FAIL_OPEN, os: darwin, os version: 25.4.0"}
{"level":"INFO","message":"[4:28:42.421 PM]: Connection[id: 50a9756f-b05d-4c43-a100-664647f0f62a] additional details: passcode in password is provided, passcode is not provided, private key is not provided, application: undefined, client name: snowflake-sdk, client version: 2.4.0, retry timeout: 300, private key path: undefined, private key pass is not provided, client store temporary credential: false, browser response timeout: 120000"}
{"level":"INFO","message":"[4:28:42.421 PM]: Connection[id: 50a9756f-b05d-4c43-a100-664647f0f62a] - connection object created successfully."}
{"level":"INFO","message":"[4:28:42.421 PM]: Connection[id: 50a9756f-b05d-4c43-a100-664647f0f62a] - async connecting. Associated Snowflake domain: GLOBAL"}
{"level":"INFO","message":"[4:28:42.421 PM]: Trying to initialize Easy Logging"}
{"level":"INFO","message":"[4:28:42.422 PM]: No client config detected."}
{"level":"INFO","message":"[4:28:42.422 PM]: No config file path found. Client config will not be used."}
{"level":"INFO","message":"[4:28:42.422 PM]: Easy Logging is disabled as no config has been found"}
{"level":"INFO","message":"[4:28:42.422 PM]: Connection[id: 50a9756f-b05d-4c43-a100-664647f0f62a] - authentication successful using: SNOWFLAKE"}
{"level":"INFO","message":"[4:28:43.068 PM]: Connection[id: 50a9756f-b05d-4c43-a100-664647f0f62a] - connection established successfully after 646.51 milliseconds"}
{"level":"INFO","message":"[4:28:47.461 PM]: Creating new connection object"}
{"level":"INFO","message":"[4:28:47.463 PM]: Creating Connection[id: 1b47485f-a537-443f-8821-83a2a0407680] with host: fya14544.snowflakecomputing.com, account: fya14544, accessUrl: https://fya14544.snowflakecomputing.com, user: EPIC_DEV, role: EPIC_DEV_ROLE, database: TEST_DEVELOPMENT_ENVIROMENT, schema: DEV_SCHEMA, warehouse: , proxy was not configured, password is provided, region: undefined, authenticator: SNOWFLAKE, ocsp mode: FAIL_OPEN, os: darwin, os version: 25.4.0"}
{"level":"INFO","message":"[4:28:47.463 PM]: Connection[id: 1b47485f-a537-443f-8821-83a2a0407680] additional details: passcode in password is provided, passcode is not provided, private key is not provided, application: undefined, client name: snowflake-sdk, client version: 2.4.0, retry timeout: 300, private key path: undefined, private key pass is not provided, client store temporary credential: false, browser response timeout: 120000"}
{"level":"INFO","message":"[4:28:47.463 PM]: Connection[id: 1b47485f-a537-443f-8821-83a2a0407680] - connection object created successfully."}
{"level":"INFO","message":"[4:28:47.464 PM]: Connection[id: 1b47485f-a537-443f-8821-83a2a0407680] - async connecting. Associated Snowflake domain: GLOBAL"}
{"level":"INFO","message":"[4:28:47.465 PM]: Trying to initialize Easy Logging"}
{"level":"INFO","message":"[4:28:47.466 PM]: No client config detected."}
{"level":"INFO","message":"[4:28:47.466 PM]: No config file path found. Client config will not be used."}
{"level":"INFO","message":"[4:28:47.466 PM]: Easy Logging is disabled as no config has been found"}
{"level":"INFO","message":"[4:28:47.467 PM]: Connection[id: 1b47485f-a537-443f-8821-83a2a0407680] - authentication successful using: SNOWFLAKE"}
{"level":"INFO","message":"[4:28:48.090 PM]: Connection[id: 1b47485f-a537-443f-8821-83a2a0407680] - connection established successfully after 625.34 milliseconds"}
{"level":"INFO","message":"[4:46:48.314 PM]: Creating new connection object"}
{"level":"INFO","message":"[4:46:48.318 PM]: Creating Connection[id: 17c94605-e67c-4f87-a186-72334c775c50] with host: fya14544.snowflakecomputing.com, account: fya14544, accessUrl: https://fya14544.snowflakecomputing.com, user: EPIC_DEV, role: EPIC_DEV_ROLE, database: TEST_DEVELOPMENT_ENVIROMENT, schema: DEV_SCHEMA, warehouse: , proxy was not configured, password is provided, region: undefined, authenticator: SNOWFLAKE, ocsp mode: FAIL_OPEN, os: darwin, os version: 25.4.0"}
{"level":"INFO","message":"[4:46:48.318 PM]: Connection[id: 17c94605-e67c-4f87-a186-72334c775c50] additional details: passcode in password is provided, passcode is not provided, private key is not provided, application: undefined, client name: snowflake-sdk, client version: 2.4.0, retry timeout: 300, private key path: undefined, private key pass is not provided, client store temporary credential: false, browser response timeout: 120000"}
{"level":"INFO","message":"[4:46:48.319 PM]: Connection[id: 17c94605-e67c-4f87-a186-72334c775c50] - connection object created successfully."}
{"level":"INFO","message":"[4:46:48.319 PM]: Connection[id: 17c94605-e67c-4f87-a186-72334c775c50] - async connecting. Associated Snowflake domain: GLOBAL"}
{"level":"INFO","message":"[4:46:48.319 PM]: Trying to initialize Easy Logging"}
{"level":"INFO","message":"[4:46:48.320 PM]: No client config detected."}
{"level":"INFO","message":"[4:46:48.320 PM]: No config file path found. Client config will not be used."}
{"level":"INFO","message":"[4:46:48.320 PM]: Easy Logging is disabled as no config has been found"}
{"level":"INFO","message":"[4:46:48.320 PM]: Connection[id: 17c94605-e67c-4f87-a186-72334c775c50] - authentication successful using: SNOWFLAKE"}
{"level":"INFO","message":"[4:46:49.048 PM]: Connection[id: 17c94605-e67c-4f87-a186-72334c775c50] - connection established successfully after 728.96 milliseconds"}
{"level":"INFO","message":"[4:57:50.288 PM]: Creating new connection object"}
{"level":"INFO","message":"[4:57:50.291 PM]: Creating Connection[id: dd46edab-549d-42ce-bb8c-b76ed02bb790] with host: fya14544.snowflakecomputing.com, account: fya14544, accessUrl: https://fya14544.snowflakecomputing.com, user: EPIC_DEV, role: EPIC_DEV_ROLE, database: TEST_DEVELOPMENT_ENVIROMENT, schema: DEV_SCHEMA, warehouse: , proxy was not configured, password is provided, region: undefined, authenticator: SNOWFLAKE, ocsp mode: FAIL_OPEN, os: darwin, os version: 25.4.0"}
{"level":"INFO","message":"[4:57:50.291 PM]: Connection[id: dd46edab-549d-42ce-bb8c-b76ed02bb790] additional details: passcode in password is provided, passcode is not provided, private key is not provided, application: undefined, client name: snowflake-sdk, client version: 2.4.0, retry timeout: 300, private key path: undefined, private key pass is not provided, client store temporary credential: false, browser response timeout: 120000"}
{"level":"INFO","message":"[4:57:50.291 PM]: Connection[id: dd46edab-549d-42ce-bb8c-b76ed02bb790] - connection object created successfully."}
{"level":"INFO","message":"[4:57:50.292 PM]: Connection[id: dd46edab-549d-42ce-bb8c-b76ed02bb790] - async connecting. Associated Snowflake domain: GLOBAL"}
{"level":"INFO","message":"[4:57:50.292 PM]: Trying to initialize Easy Logging"}
{"level":"INFO","message":"[4:57:50.293 PM]: No client config detected."}
{"level":"INFO","message":"[4:57:50.293 PM]: No config file path found. Client config will not be used."}
{"level":"INFO","message":"[4:57:50.294 PM]: Easy Logging is disabled as no config has been found"}
{"level":"INFO","message":"[4:57:50.294 PM]: Connection[id: dd46edab-549d-42ce-bb8c-b76ed02bb790] - authentication successful using: SNOWFLAKE"}
{"level":"INFO","message":"[4:57:50.838 PM]: Connection[id: dd46edab-549d-42ce-bb8c-b76ed02bb790] - connection established successfully after 545.33 milliseconds"}
{"level":"INFO","message":"[5:04:28.347 PM]: Creating new connection object"}
{"level":"INFO","message":"[5:04:28.351 PM]: Creating Connection[id: 1a1db05f-a4ca-46a4-b7a9-44d9e6f0f901] with host: fya14544.snowflakecomputing.com, account: fya14544, accessUrl: https://fya14544.snowflakecomputing.com, user: EPIC_DEV, role: EPIC_DEV_ROLE, database: TEST_DEVELOPMENT_ENVIROMENT, schema: DEV_SCHEMA, warehouse: , proxy was not configured, password is provided, region: undefined, authenticator: SNOWFLAKE, ocsp mode: FAIL_OPEN, os: darwin, os version: 25.4.0"}
{"level":"INFO","message":"[5:04:28.351 PM]: Connection[id: 1a1db05f-a4ca-46a4-b7a9-44d9e6f0f901] additional details: passcode in password is provided, passcode is not provided, private key is not provided, application: undefined, client name: snowflake-sdk, client version: 2.4.0, retry timeout: 300, private key path: undefined, private key pass is not provided, client store temporary credential: false, browser response timeout: 120000"}
{"level":"INFO","message":"[5:04:28.351 PM]: Connection[id: 1a1db05f-a4ca-46a4-b7a9-44d9e6f0f901] - connection object created successfully."}
{"level":"INFO","message":"[5:04:28.352 PM]: Connection[id: 1a1db05f-a4ca-46a4-b7a9-44d9e6f0f901] - async connecting. Associated Snowflake domain: GLOBAL"}
{"level":"INFO","message":"[5:04:28.352 PM]: Trying to initialize Easy Logging"}
{"level":"INFO","message":"[5:04:28.352 PM]: No client config detected."}
{"level":"INFO","message":"[5:04:28.352 PM]: No config file path found. Client config will not be used."}
{"level":"INFO","message":"[5:04:28.352 PM]: Easy Logging is disabled as no config has been found"}
{"level":"INFO","message":"[5:04:28.353 PM]: Connection[id: 1a1db05f-a4ca-46a4-b7a9-44d9e6f0f901] - authentication successful using: SNOWFLAKE"}
{"level":"INFO","message":"[5:04:29.003 PM]: Connection[id: 1a1db05f-a4ca-46a4-b7a9-44d9e6f0f901] - connection established successfully after 651.15 milliseconds"}
{"level":"INFO","message":"[10:07:41.979 AM]: Creating new connection object"}
{"level":"INFO","message":"[10:07:41.985 AM]: Creating Connection[id: 5bf32cdb-9c24-4425-82c5-b54fa4ce3c58] with host: fya14544.snowflakecomputing.com, account: fya14544, accessUrl: https://fya14544.snowflakecomputing.com, user: EPIC_DEV, role: EPIC_DEV_ROLE, database: TEST_DEVELOPMENT_ENVIROMENT, schema: DEV_SCHEMA, warehouse: , proxy was not configured, password is provided, region: undefined, authenticator: SNOWFLAKE, ocsp mode: FAIL_OPEN, os: darwin, os version: 25.4.0"}
{"level":"INFO","message":"[10:07:41.986 AM]: Connection[id: 5bf32cdb-9c24-4425-82c5-b54fa4ce3c58] additional details: passcode in password is provided, passcode is not provided, private key is not provided, application: undefined, client name: snowflake-sdk, client version: 2.4.0, retry timeout: 300, private key path: undefined, private key pass is not provided, client store temporary credential: false, browser response timeout: 120000"}
{"level":"INFO","message":"[10:07:41.986 AM]: Connection[id: 5bf32cdb-9c24-4425-82c5-b54fa4ce3c58] - connection object created successfully."}
{"level":"INFO","message":"[10:07:41.986 AM]: Connection[id: 5bf32cdb-9c24-4425-82c5-b54fa4ce3c58] - async connecting. Associated Snowflake domain: GLOBAL"}
{"level":"INFO","message":"[10:07:41.986 AM]: Trying to initialize Easy Logging"}
{"level":"INFO","message":"[10:07:41.990 AM]: No client config detected."}
{"level":"INFO","message":"[10:07:41.990 AM]: No config file path found. Client config will not be used."}
{"level":"INFO","message":"[10:07:41.990 AM]: Easy Logging is disabled as no config has been found"}
{"level":"INFO","message":"[10:07:41.990 AM]: Connection[id: 5bf32cdb-9c24-4425-82c5-b54fa4ce3c58] - authentication successful using: SNOWFLAKE"}
{"level":"INFO","message":"[10:07:43.209 AM]: Connection[id: 5bf32cdb-9c24-4425-82c5-b54fa4ce3c58] - connection established successfully after 1223.26 milliseconds"}
{"level":"INFO","message":"[10:14:30.123 AM]: Creating new connection object"}
{"level":"INFO","message":"[10:14:30.126 AM]: Creating Connection[id: 26d7ac49-9eb0-4199-8ef4-dafbfeb1511a] with host: fya14544.snowflakecomputing.com, account: fya14544, accessUrl: https://fya14544.snowflakecomputing.com, user: EPIC_DEV, role: EPIC_DEV_ROLE, database: TEST_DEVELOPMENT_ENVIROMENT, schema: DEV_SCHEMA, warehouse: , proxy was not configured, password is provided, region: undefined, authenticator: SNOWFLAKE, ocsp mode: FAIL_OPEN, os: darwin, os version: 25.4.0"}
{"level":"INFO","message":"[10:14:30.127 AM]: Connection[id: 26d7ac49-9eb0-4199-8ef4-dafbfeb1511a] additional details: passcode in password is provided, passcode is not provided, private key is not provided, application: undefined, client name: snowflake-sdk, client version: 2.4.0, retry timeout: 300, private key path: undefined, private key pass is not provided, client store temporary credential: false, browser response timeout: 120000"}
{"level":"INFO","message":"[10:14:30.127 AM]: Connection[id: 26d7ac49-9eb0-4199-8ef4-dafbfeb1511a] - connection object created successfully."}
{"level":"INFO","message":"[10:14:30.127 AM]: Connection[id: 26d7ac49-9eb0-4199-8ef4-dafbfeb1511a] - async connecting. Associated Snowflake domain: GLOBAL"}
{"level":"INFO","message":"[10:14:30.127 AM]: Trying to initialize Easy Logging"}
{"level":"INFO","message":"[10:14:30.128 AM]: No client config detected."}
{"level":"INFO","message":"[10:14:30.128 AM]: No config file path found. Client config will not be used."}
{"level":"INFO","message":"[10:14:30.128 AM]: Easy Logging is disabled as no config has been found"}
{"level":"INFO","message":"[10:14:30.128 AM]: Connection[id: 26d7ac49-9eb0-4199-8ef4-dafbfeb1511a] - authentication successful using: SNOWFLAKE"}
{"level":"INFO","message":"[10:14:31.157 AM]: Connection[id: 26d7ac49-9eb0-4199-8ef4-dafbfeb1511a] - connection established successfully after 1029.5 milliseconds"}
{"level":"INFO","message":"[11:46:16.515 AM]: Creating new connection object"}
{"level":"INFO","message":"[11:46:16.520 AM]: Creating Connection[id: ec6661d5-dc9e-4487-a922-592ab33bc6df] with host: fya14544.snowflakecomputing.com, account: fya14544, accessUrl: https://fya14544.snowflakecomputing.com, user: EPIC_DEV, role: EPIC_DEV_ROLE, database: TEST_DEVELOPMENT_ENVIROMENT, schema: DEV_SCHEMA, warehouse: , proxy was not configured, password is provided, region: undefined, authenticator: SNOWFLAKE, ocsp mode: FAIL_OPEN, os: darwin, os version: 25.4.0"}
{"level":"INFO","message":"[11:46:16.520 AM]: Connection[id: ec6661d5-dc9e-4487-a922-592ab33bc6df] additional details: passcode in password is provided, passcode is not provided, private key is not provided, application: undefined, client name: snowflake-sdk, client version: 2.4.0, retry timeout: 300, private key path: undefined, private key pass is not provided, client store temporary credential: false, browser response timeout: 120000"}
{"level":"INFO","message":"[11:46:16.520 AM]: Connection[id: ec6661d5-dc9e-4487-a922-592ab33bc6df] - connection object created successfully."}
{"level":"INFO","message":"[11:46:16.520 AM]: Connection[id: ec6661d5-dc9e-4487-a922-592ab33bc6df] - async connecting. Associated Snowflake domain: GLOBAL"}
{"level":"INFO","message":"[11:46:16.520 AM]: Trying to initialize Easy Logging"}
{"level":"INFO","message":"[11:46:16.525 AM]: No client config detected."}
{"level":"INFO","message":"[11:46:16.526 AM]: No config file path found. Client config will not be used."}
{"level":"INFO","message":"[11:46:16.526 AM]: Easy Logging is disabled as no config has been found"}
{"level":"INFO","message":"[11:46:16.526 AM]: Connection[id: ec6661d5-dc9e-4487-a922-592ab33bc6df] - authentication successful using: SNOWFLAKE"}
{"level":"INFO","message":"[11:46:17.532 AM]: Connection[id: ec6661d5-dc9e-4487-a922-592ab33bc6df] - connection established successfully after 1011.24 milliseconds"}
{"level":"INFO","message":"[3:21:49.863 PM]: Creating new connection object"}
{"level":"INFO","message":"[3:21:49.868 PM]: Creating Connection[id: 0fd26886-7b9c-470e-b959-73461a7e955a] with host: fya14544.snowflakecomputing.com, account: fya14544, accessUrl: https://fya14544.snowflakecomputing.com, user: EPIC_DEV, role: EPIC_DEV_ROLE, database: TEST_DEVELOPMENT_ENVIROMENT, schema: DEV_SCHEMA, warehouse: , proxy was not configured, password is provided, region: undefined, authenticator: SNOWFLAKE, ocsp mode: FAIL_OPEN, os: darwin, os version: 25.4.0"}
{"level":"INFO","message":"[3:21:49.868 PM]: Connection[id: 0fd26886-7b9c-470e-b959-73461a7e955a] additional details: passcode in password is provided, passcode is not provided, private key is not provided, application: undefined, client name: snowflake-sdk, client version: 2.4.0, retry timeout: 300, private key path: undefined, private key pass is not provided, client store temporary credential: false, browser response timeout: 120000"}
{"level":"INFO","message":"[3:21:49.868 PM]: Connection[id: 0fd26886-7b9c-470e-b959-73461a7e955a] - connection object created successfully."}
{"level":"INFO","message":"[3:21:49.868 PM]: Connection[id: 0fd26886-7b9c-470e-b959-73461a7e955a] - async connecting. Associated Snowflake domain: GLOBAL"}
{"level":"INFO","message":"[3:21:49.868 PM]: Trying to initialize Easy Logging"}
{"level":"INFO","message":"[3:21:49.870 PM]: No client config detected."}
{"level":"INFO","message":"[3:21:49.870 PM]: No config file path found. Client config will not be used."}
{"level":"INFO","message":"[3:21:49.870 PM]: Easy Logging is disabled as no config has been found"}
{"level":"INFO","message":"[3:21:49.870 PM]: Connection[id: 0fd26886-7b9c-470e-b959-73461a7e955a] - authentication successful using: SNOWFLAKE"}
{"level":"INFO","message":"[3:21:50.881 PM]: Connection[id: 0fd26886-7b9c-470e-b959-73461a7e955a] - connection established successfully after 1012.67 milliseconds"}
{"level":"INFO","message":"[8:22:40.531 PM]: Creating new connection object"}
{"level":"INFO","message":"[8:22:40.535 PM]: Creating Connection[id: bc3b80b6-9388-4556-ba40-2cb1a1a5d24e] with host: fya14544.snowflakecomputing.com, account: fya14544, accessUrl: https://fya14544.snowflakecomputing.com, user: EPIC_DEV, role: EPIC_DEV_ROLE, database: TEST_DEVELOPMENT_ENVIROMENT, schema: DEV_SCHEMA, warehouse: , proxy was not configured, password is provided, region: undefined, authenticator: SNOWFLAKE, ocsp mode: FAIL_OPEN, os: darwin, os version: 25.4.0"}
{"level":"INFO","message":"[8:22:40.535 PM]: Connection[id: bc3b80b6-9388-4556-ba40-2cb1a1a5d24e] additional details: passcode in password is provided, passcode is not provided, private key is not provided, application: undefined, client name: snowflake-sdk, client version: 2.4.0, retry timeout: 300, private key path: undefined, private key pass is not provided, client store temporary credential: false, browser response timeout: 120000"}
{"level":"INFO","message":"[8:22:40.535 PM]: Connection[id: bc3b80b6-9388-4556-ba40-2cb1a1a5d24e] - connection object created successfully."}
{"level":"INFO","message":"[8:22:40.535 PM]: Connection[id: bc3b80b6-9388-4556-ba40-2cb1a1a5d24e] - async connecting. Associated Snowflake domain: GLOBAL"}
{"level":"INFO","message":"[8:22:40.536 PM]: Trying to initialize Easy Logging"}
{"level":"INFO","message":"[8:22:40.537 PM]: No client config detected."}
{"level":"INFO","message":"[8:22:40.537 PM]: No config file path found. Client config will not be used."}
{"level":"INFO","message":"[8:22:40.537 PM]: Easy Logging is disabled as no config has been found"}
{"level":"INFO","message":"[8:22:40.537 PM]: Connection[id: bc3b80b6-9388-4556-ba40-2cb1a1a5d24e] - authentication successful using: SNOWFLAKE"}
{"level":"INFO","message":"[8:22:41.516 PM]: Connection[id: bc3b80b6-9388-4556-ba40-2cb1a1a5d24e] - connection established successfully after 980.52 milliseconds"}
{"level":"INFO","message":"[8:27:20.160 PM]: Creating new connection object"}
{"level":"INFO","message":"[8:27:20.180 PM]: Creating Connection[id: 0216f359-9f5b-40a0-bde3-5e87d68bf6c0] with host: fya14544.snowflakecomputing.com, account: fya14544, accessUrl: https://fya14544.snowflakecomputing.com, user: EPIC_DEV, role: EPIC_DEV_ROLE, database: TEST_DEVELOPMENT_ENVIROMENT, schema: DEV_SCHEMA, warehouse: , proxy was not configured, password is provided, region: undefined, authenticator: SNOWFLAKE, ocsp mode: FAIL_OPEN, os: darwin, os version: 25.4.0"}
{"level":"INFO","message":"[8:27:20.180 PM]: Connection[id: 0216f359-9f5b-40a0-bde3-5e87d68bf6c0] additional details: passcode in password is provided, passcode is not provided, private key is not provided, application: undefined, client name: snowflake-sdk, client version: 2.4.0, retry timeout: 300, private key path: undefined, private key pass is not provided, client store temporary credential: false, browser response timeout: 120000"}
{"level":"INFO","message":"[8:27:20.180 PM]: Connection[id: 0216f359-9f5b-40a0-bde3-5e87d68bf6c0] - connection object created successfully."}
{"level":"INFO","message":"[8:27:20.180 PM]: Connection[id: 0216f359-9f5b-40a0-bde3-5e87d68bf6c0] - async connecting. Associated Snowflake domain: GLOBAL"}
{"level":"INFO","message":"[8:27:20.180 PM]: Trying to initialize Easy Logging"}
{"level":"INFO","message":"[8:27:20.184 PM]: No client config detected."}
{"level":"INFO","message":"[8:27:20.184 PM]: No config file path found. Client config will not be used."}
{"level":"INFO","message":"[8:27:20.184 PM]: Easy Logging is disabled as no config has been found"}
{"level":"INFO","message":"[8:27:20.184 PM]: Connection[id: 0216f359-9f5b-40a0-bde3-5e87d68bf6c0] - authentication successful using: SNOWFLAKE"}
{"level":"INFO","message":"[8:27:20.932 PM]: Connection[id: 0216f359-9f5b-40a0-bde3-5e87d68bf6c0] - connection established successfully after 752.16 milliseconds"}
{"level":"INFO","message":"[8:33:30.971 PM]: Creating new connection object"}
{"level":"INFO","message":"[8:33:30.976 PM]: Creating Connection[id: 78f86def-f3f7-4047-8731-9d3eee13e097] with host: fya14544.snowflakecomputing.com, account: fya14544, accessUrl: https://fya14544.snowflakecomputing.com, user: EPIC_DEV, role: EPIC_DEV_ROLE, database: TEST_DEVELOPMENT_ENVIROMENT, schema: DEV_SCHEMA, warehouse: , proxy was not configured, password is provided, region: undefined, authenticator: SNOWFLAKE, ocsp mode: FAIL_OPEN, os: darwin, os version: 25.4.0"}
{"level":"INFO","message":"[8:33:30.976 PM]: Connection[id: 78f86def-f3f7-4047-8731-9d3eee13e097] additional details: passcode in password is provided, passcode is not provided, private key is not provided, application: undefined, client name: snowflake-sdk, client version: 2.4.0, retry timeout: 300, private key path: undefined, private key pass is not provided, client store temporary credential: false, browser response timeout: 120000"}
{"level":"INFO","message":"[8:33:30.976 PM]: Connection[id: 78f86def-f3f7-4047-8731-9d3eee13e097] - connection object created successfully."}
{"level":"INFO","message":"[8:33:30.976 PM]: Connection[id: 78f86def-f3f7-4047-8731-9d3eee13e097] - async connecting. Associated Snowflake domain: GLOBAL"}
{"level":"INFO","message":"[8:33:30.976 PM]: Trying to initialize Easy Logging"}
{"level":"INFO","message":"[8:33:30.989 PM]: No client config detected."}
{"level":"INFO","message":"[8:33:30.989 PM]: No config file path found. Client config will not be used."}
{"level":"INFO","message":"[8:33:30.989 PM]: Easy Logging is disabled as no config has been found"}
{"level":"INFO","message":"[8:33:30.989 PM]: Connection[id: 78f86def-f3f7-4047-8731-9d3eee13e097] - authentication successful using: SNOWFLAKE"}
{"level":"INFO","message":"[8:33:31.684 PM]: Connection[id: 78f86def-f3f7-4047-8731-9d3eee13e097] - connection established successfully after 708 milliseconds"}
{"level":"INFO","message":"[9:22:06.356 PM]: Creating new connection object"}
{"level":"INFO","message":"[9:22:06.361 PM]: Creating Connection[id: 052d0761-1b68-40c0-8ac1-da7331da24d3] with host: fya14544.snowflakecomputing.com, account: fya14544, accessUrl: https://fya14544.snowflakecomputing.com, user: EPIC_DEV, role: EPIC_DEV_ROLE, database: TEST_DEVELOPMENT_ENVIROMENT, schema: DEV_SCHEMA, warehouse: , proxy was not configured, password is provided, region: undefined, authenticator: SNOWFLAKE, ocsp mode: FAIL_OPEN, os: darwin, os version: 25.4.0"}
{"level":"INFO","message":"[9:22:06.361 PM]: Connection[id: 052d0761-1b68-40c0-8ac1-da7331da24d3] additional details: passcode in password is provided, passcode is not provided, private key is not provided, application: undefined, client name: snowflake-sdk, client version: 2.4.0, retry timeout: 300, private key path: undefined, private key pass is not provided, client store temporary credential: false, browser response timeout: 120000"}
{"level":"INFO","message":"[9:22:06.361 PM]: Connection[id: 052d0761-1b68-40c0-8ac1-da7331da24d3] - connection object created successfully."}
{"level":"INFO","message":"[9:22:06.361 PM]: Connection[id: 052d0761-1b68-40c0-8ac1-da7331da24d3] - async connecting. Associated Snowflake domain: GLOBAL"}
{"level":"INFO","message":"[9:22:06.362 PM]: Trying to initialize Easy Logging"}
{"level":"INFO","message":"[9:22:06.368 PM]: No client config detected."}
{"level":"INFO","message":"[9:22:06.368 PM]: No config file path found. Client config will not be used."}
{"level":"INFO","message":"[9:22:06.368 PM]: Easy Logging is disabled as no config has been found"}
{"level":"INFO","message":"[9:22:06.368 PM]: Connection[id: 052d0761-1b68-40c0-8ac1-da7331da24d3] - authentication successful using: SNOWFLAKE"}
{"level":"INFO","message":"[9:22:07.056 PM]: Connection[id: 052d0761-1b68-40c0-8ac1-da7331da24d3] - connection established successfully after 694.11 milliseconds"}
{"level":"INFO","message":"[10:56:30.993 AM]: Creating new connection object"}
{"level":"INFO","message":"[10:56:30.997 AM]: Creating Connection[id: 7f8e8ef3-6920-4e88-bd27-4914ac8594c4] with host: fya14544.snowflakecomputing.com, account: fya14544, accessUrl: https://fya14544.snowflakecomputing.com, user: EPIC_DEV, role: EPIC_DEV_ROLE, database: TEST_DEVELOPMENT_ENVIROMENT, schema: DEV_SCHEMA, warehouse: , proxy was not configured, password is provided, region: undefined, authenticator: SNOWFLAKE, ocsp mode: FAIL_OPEN, os: darwin, os version: 25.4.0"}
{"level":"INFO","message":"[10:56:30.997 AM]: Connection[id: 7f8e8ef3-6920-4e88-bd27-4914ac8594c4] additional details: passcode in password is provided, passcode is not provided, private key is not provided, application: undefined, client name: snowflake-sdk, client version: 2.4.0, retry timeout: 300, private key path: undefined, private key pass is not provided, client store temporary credential: false, browser response timeout: 120000"}
{"level":"INFO","message":"[10:56:30.997 AM]: Connection[id: 7f8e8ef3-6920-4e88-bd27-4914ac8594c4] - connection object created successfully."}
{"level":"INFO","message":"[10:56:30.997 AM]: Connection[id: 7f8e8ef3-6920-4e88-bd27-4914ac8594c4] - async connecting. Associated Snowflake domain: GLOBAL"}
{"level":"INFO","message":"[10:56:30.997 AM]: Trying to initialize Easy Logging"}
{"level":"INFO","message":"[10:56:30.998 AM]: No client config detected."}
{"level":"INFO","message":"[10:56:30.998 AM]: No config file path found. Client config will not be used."}
{"level":"INFO","message":"[10:56:30.998 AM]: Easy Logging is disabled as no config has been found"}
{"level":"INFO","message":"[10:56:30.998 AM]: Connection[id: 7f8e8ef3-6920-4e88-bd27-4914ac8594c4] - authentication successful using: SNOWFLAKE"}
{"level":"INFO","message":"[10:56:31.693 AM]: Connection[id: 7f8e8ef3-6920-4e88-bd27-4914ac8594c4] - connection established successfully after 695.94 milliseconds"}
{"level":"INFO","message":"[11:50:54.767 AM]: Creating new connection object"}
{"level":"INFO","message":"[11:50:54.772 AM]: Creating Connection[id: 4a831f9b-22a3-4c08-a94e-3b9963b11c77] with host: fya14544.snowflakecomputing.com, account: fya14544, accessUrl: https://fya14544.snowflakecomputing.com, user: EPIC_DEV, role: EPIC_DEV_ROLE, database: TEST_DEVELOPMENT_ENVIROMENT, schema: DEV_SCHEMA, warehouse: , proxy was not configured, password is provided, region: undefined, authenticator: SNOWFLAKE, ocsp mode: FAIL_OPEN, os: darwin, os version: 25.4.0"}
{"level":"INFO","message":"[11:50:54.772 AM]: Connection[id: 4a831f9b-22a3-4c08-a94e-3b9963b11c77] additional details: passcode in password is provided, passcode is not provided, private key is not provided, application: undefined, client name: snowflake-sdk, client version: 2.4.0, retry timeout: 300, private key path: undefined, private key pass is not provided, client store temporary credential: false, browser response timeout: 120000"}
{"level":"INFO","message":"[11:50:54.772 AM]: Connection[id: 4a831f9b-22a3-4c08-a94e-3b9963b11c77] - connection object created successfully."}
{"level":"INFO","message":"[11:50:54.772 AM]: Connection[id: 4a831f9b-22a3-4c08-a94e-3b9963b11c77] - async connecting. Associated Snowflake domain: GLOBAL"}
{"level":"INFO","message":"[11:50:54.772 AM]: Trying to initialize Easy Logging"}
{"level":"INFO","message":"[11:50:54.775 AM]: No client config detected."}
{"level":"INFO","message":"[11:50:54.775 AM]: No config file path found. Client config will not be used."}
{"level":"INFO","message":"[11:50:54.775 AM]: Easy Logging is disabled as no config has been found"}
{"level":"INFO","message":"[11:50:54.775 AM]: Connection[id: 4a831f9b-22a3-4c08-a94e-3b9963b11c77] - authentication successful using: SNOWFLAKE"}
{"level":"INFO","message":"[11:50:55.827 AM]: Connection[id: 4a831f9b-22a3-4c08-a94e-3b9963b11c77] - connection established successfully after 1054.88 milliseconds"}
{"level":"INFO","message":"[12:04:07.647 PM]: Creating new connection object"}
{"level":"INFO","message":"[12:04:07.652 PM]: Creating Connection[id: 9458ae55-01a3-427c-b695-36e5eca73711] with host: fya14544.snowflakecomputing.com, account: fya14544, accessUrl: https://fya14544.snowflakecomputing.com, user: EPIC_DEV, role: EPIC_DEV_ROLE, database: TEST_DEVELOPMENT_ENVIROMENT, schema: DEV_SCHEMA, warehouse: , proxy was not configured, password is provided, region: undefined, authenticator: SNOWFLAKE, ocsp mode: FAIL_OPEN, os: darwin, os version: 25.4.0"}
{"level":"INFO","message":"[12:04:07.652 PM]: Connection[id: 9458ae55-01a3-427c-b695-36e5eca73711] additional details: passcode in password is provided, passcode is not provided, private key is not provided, application: undefined, client name: snowflake-sdk, client version: 2.4.0, retry timeout: 300, private key path: undefined, private key pass is not provided, client store temporary credential: false, browser response timeout: 120000"}
{"level":"INFO","message":"[12:04:07.653 PM]: Connection[id: 9458ae55-01a3-427c-b695-36e5eca73711] - connection object created successfully."}
{"level":"INFO","message":"[12:04:07.653 PM]: Connection[id: 9458ae55-01a3-427c-b695-36e5eca73711] - async connecting. Associated Snowflake domain: GLOBAL"}
{"level":"INFO","message":"[12:04:07.653 PM]: Trying to initialize Easy Logging"}
{"level":"INFO","message":"[12:04:07.656 PM]: No client config detected."}
{"level":"INFO","message":"[12:04:07.656 PM]: No config file path found. Client config will not be used."}
{"level":"INFO","message":"[12:04:07.656 PM]: Easy Logging is disabled as no config has been found"}
{"level":"INFO","message":"[12:04:07.656 PM]: Connection[id: 9458ae55-01a3-427c-b695-36e5eca73711] - authentication successful using: SNOWFLAKE"}
{"level":"INFO","message":"[12:04:08.496 PM]: Connection[id: 9458ae55-01a3-427c-b695-36e5eca73711] - connection established successfully after 842.98 milliseconds"}
{"level":"INFO","message":"[2:53:55.667 PM]: Creating new connection object"}
{"level":"INFO","message":"[2:53:55.671 PM]: Creating Connection[id: 4cefda77-84e8-4554-beba-2c55f99dc6d7] with host: fya14544.snowflakecomputing.com, account: fya14544, accessUrl: https://fya14544.snowflakecomputing.com, user: EPIC_DEV, role: EPIC_DEV_ROLE, database: TEST_DEVELOPMENT_ENVIROMENT, schema: DEV_SCHEMA, warehouse: , proxy was not configured, password is provided, region: undefined, authenticator: SNOWFLAKE, ocsp mode: FAIL_OPEN, os: darwin, os version: 25.4.0"}
{"level":"INFO","message":"[2:53:55.671 PM]: Connection[id: 4cefda77-84e8-4554-beba-2c55f99dc6d7] additional details: passcode in password is provided, passcode is not provided, private key is not provided, application: undefined, client name: snowflake-sdk, client version: 2.4.0, retry timeout: 300, private key path: undefined, private key pass is not provided, client store temporary credential: false, browser response timeout: 120000"}
{"level":"INFO","message":"[2:53:55.671 PM]: Connection[id: 4cefda77-84e8-4554-beba-2c55f99dc6d7] - connection object created successfully."}
{"level":"INFO","message":"[2:53:55.672 PM]: Connection[id: 4cefda77-84e8-4554-beba-2c55f99dc6d7] - async connecting. Associated Snowflake domain: GLOBAL"}
{"level":"INFO","message":"[2:53:55.672 PM]: Trying to initialize Easy Logging"}
{"level":"INFO","message":"[2:53:55.673 PM]: No client config detected."}
{"level":"INFO","message":"[2:53:55.673 PM]: No config file path found. Client config will not be used."}
{"level":"INFO","message":"[2:53:55.673 PM]: Easy Logging is disabled as no config has been found"}
{"level":"INFO","message":"[2:53:55.673 PM]: Connection[id: 4cefda77-84e8-4554-beba-2c55f99dc6d7] - authentication successful using: SNOWFLAKE"}
{"level":"INFO","message":"[2:53:56.322 PM]: Connection[id: 4cefda77-84e8-4554-beba-2c55f99dc6d7] - connection established successfully after 650.22 milliseconds"}
{"level":"INFO","message":"[4:10:18.645 PM]: Creating new connection object"}
{"level":"INFO","message":"[4:10:18.651 PM]: Creating Connection[id: ea72184d-a5a5-4180-8589-f8051ad3281d] with host: fya14544.snowflakecomputing.com, account: fya14544, accessUrl: https://fya14544.snowflakecomputing.com, user: EPIC_DEV, role: EPIC_DEV_ROLE, database: TEST_DEVELOPMENT_ENVIROMENT, schema: DEV_SCHEMA, warehouse: , proxy was not configured, password is provided, region: undefined, authenticator: SNOWFLAKE, ocsp mode: FAIL_OPEN, os: darwin, os version: 25.4.0"}
{"level":"INFO","message":"[4:10:18.652 PM]: Connection[id: ea72184d-a5a5-4180-8589-f8051ad3281d] additional details: passcode in password is provided, passcode is not provided, private key is not provided, application: undefined, client name: snowflake-sdk, client version: 2.4.0, retry timeout: 300, private key path: undefined, private key pass is not provided, client store temporary credential: false, browser response timeout: 120000"}
{"level":"INFO","message":"[4:10:18.652 PM]: Connection[id: ea72184d-a5a5-4180-8589-f8051ad3281d] - connection object created successfully."}
{"level":"INFO","message":"[4:10:18.652 PM]: Connection[id: ea72184d-a5a5-4180-8589-f8051ad3281d] - async connecting. Associated Snowflake domain: GLOBAL"}
{"level":"INFO","message":"[4:10:18.652 PM]: Trying to initialize Easy Logging"}
{"level":"INFO","message":"[4:10:18.680 PM]: No client config detected."}
{"level":"INFO","message":"[4:10:18.680 PM]: No config file path found. Client config will not be used."}
{"level":"INFO","message":"[4:10:18.680 PM]: Easy Logging is disabled as no config has been found"}
{"level":"INFO","message":"[4:10:18.680 PM]: Connection[id: ea72184d-a5a5-4180-8589-f8051ad3281d] - authentication successful using: SNOWFLAKE"}
{"level":"INFO","message":"[4:10:19.910 PM]: Connection[id: ea72184d-a5a5-4180-8589-f8051ad3281d] - connection established successfully after 1258.23 milliseconds"}
{"level":"INFO","message":"[4:29:19.665 PM]: Creating new connection object"}
{"level":"INFO","message":"[4:29:19.669 PM]: Creating Connection[id: e4d6a6b2-d4d2-4ee8-9e5e-3b2635cb7b9e] with host: fya14544.snowflakecomputing.com, account: fya14544, accessUrl: https://fya14544.snowflakecomputing.com, user: EPIC_DEV, role: EPIC_DEV_ROLE, database: TEST_DEVELOPMENT_ENVIROMENT, schema: DEV_SCHEMA, warehouse: , proxy was not configured, password is provided, region: undefined, authenticator: SNOWFLAKE, ocsp mode: FAIL_OPEN, os: darwin, os version: 25.4.0"}
{"level":"INFO","message":"[4:29:19.669 PM]: Connection[id: e4d6a6b2-d4d2-4ee8-9e5e-3b2635cb7b9e] additional details: passcode in password is provided, passcode is not provided, private key is not provided, application: undefined, client name: snowflake-sdk, client version: 2.4.0, retry timeout: 300, private key path: undefined, private key pass is not provided, client store temporary credential: false, browser response timeout: 120000"}
{"level":"INFO","message":"[4:29:19.670 PM]: Connection[id: e4d6a6b2-d4d2-4ee8-9e5e-3b2635cb7b9e] - connection object created successfully."}
{"level":"INFO","message":"[4:29:19.670 PM]: Connection[id: e4d6a6b2-d4d2-4ee8-9e5e-3b2635cb7b9e] - async connecting. Associated Snowflake domain: GLOBAL"}
{"level":"INFO","message":"[4:29:19.670 PM]: Trying to initialize Easy Logging"}
{"level":"INFO","message":"[4:29:19.683 PM]: No client config detected."}
{"level":"INFO","message":"[4:29:19.683 PM]: No config file path found. Client config will not be used."}
{"level":"INFO","message":"[4:29:19.683 PM]: Easy Logging is disabled as no config has been found"}
{"level":"INFO","message":"[4:29:19.683 PM]: Connection[id: e4d6a6b2-d4d2-4ee8-9e5e-3b2635cb7b9e] - authentication successful using: SNOWFLAKE"}
{"level":"INFO","message":"[4:29:20.444 PM]: Connection[id: e4d6a6b2-d4d2-4ee8-9e5e-3b2635cb7b9e] - connection established successfully after 774.31 milliseconds"}
{"level":"INFO","message":"[4:44:16.668 PM]: Creating new connection object"}
{"level":"INFO","message":"[4:44:16.674 PM]: Creating Connection[id: 34f94ce2-de42-4137-9584-e31e5e393996] with host: fya14544.snowflakecomputing.com, account: fya14544, accessUrl: https://fya14544.snowflakecomputing.com, user: EPIC_DEV, role: EPIC_DEV_ROLE, database: TEST_DEVELOPMENT_ENVIROMENT, schema: DEV_SCHEMA, warehouse: , proxy was not configured, password is provided, region: undefined, authenticator: SNOWFLAKE, ocsp mode: FAIL_OPEN, os: darwin, os version: 25.4.0"}
{"level":"INFO","message":"[4:44:16.674 PM]: Connection[id: 34f94ce2-de42-4137-9584-e31e5e393996] additional details: passcode in password is provided, passcode is not provided, private key is not provided, application: undefined, client name: snowflake-sdk, client version: 2.4.0, retry timeout: 300, private key path: undefined, private key pass is not provided, client store temporary credential: false, browser response timeout: 120000"}
{"level":"INFO","message":"[4:44:16.674 PM]: Connection[id: 34f94ce2-de42-4137-9584-e31e5e393996] - connection object created successfully."}
{"level":"INFO","message":"[4:44:16.674 PM]: Connection[id: 34f94ce2-de42-4137-9584-e31e5e393996] - async connecting. Associated Snowflake domain: GLOBAL"}
{"level":"INFO","message":"[4:44:16.674 PM]: Trying to initialize Easy Logging"}
{"level":"INFO","message":"[4:44:16.681 PM]: No client config detected."}
{"level":"INFO","message":"[4:44:16.681 PM]: No config file path found. Client config will not be used."}
{"level":"INFO","message":"[4:44:16.681 PM]: Easy Logging is disabled as no config has been found"}
{"level":"INFO","message":"[4:44:16.681 PM]: Connection[id: 34f94ce2-de42-4137-9584-e31e5e393996] - authentication successful using: SNOWFLAKE"}
{"level":"INFO","message":"[4:44:17.616 PM]: Connection[id: 34f94ce2-de42-4137-9584-e31e5e393996] - connection established successfully after 942.35 milliseconds"}
{"level":"INFO","message":"[3:51:48.996 PM]: Creating new connection object"}
{"level":"INFO","message":"[3:51:49.002 PM]: Creating Connection[id: 4a9107e5-42d3-42f2-9453-42f0cbd4b3f8] with host: fya14544.snowflakecomputing.com, account: fya14544, accessUrl: https://fya14544.snowflakecomputing.com, user: EPIC_DEV, role: EPIC_DEV_ROLE, database: TEST_DEVELOPMENT_ENVIROMENT, schema: DEV_SCHEMA, warehouse: , proxy was not configured, password is provided, region: undefined, authenticator: SNOWFLAKE, ocsp mode: FAIL_OPEN, os: darwin, os version: 25.4.0"}
{"level":"INFO","message":"[3:51:49.002 PM]: Connection[id: 4a9107e5-42d3-42f2-9453-42f0cbd4b3f8] additional details: passcode in password is provided, passcode is not provided, private key is not provided, application: undefined, client name: snowflake-sdk, client version: 2.4.0, retry timeout: 300, private key path: undefined, private key pass is not provided, client store temporary credential: false, browser response timeout: 120000"}
{"level":"INFO","message":"[3:51:49.002 PM]: Connection[id: 4a9107e5-42d3-42f2-9453-42f0cbd4b3f8] - connection object created successfully."}
{"level":"INFO","message":"[3:51:49.002 PM]: Connection[id: 4a9107e5-42d3-42f2-9453-42f0cbd4b3f8] - async connecting. Associated Snowflake domain: GLOBAL"}
{"level":"INFO","message":"[3:51:49.002 PM]: Trying to initialize Easy Logging"}
{"level":"INFO","message":"[3:51:49.010 PM]: No client config detected."}
{"level":"INFO","message":"[3:51:49.010 PM]: No config file path found. Client config will not be used."}
{"level":"INFO","message":"[3:51:49.010 PM]: Easy Logging is disabled as no config has been found"}
{"level":"INFO","message":"[3:51:49.010 PM]: Connection[id: 4a9107e5-42d3-42f2-9453-42f0cbd4b3f8] - authentication successful using: SNOWFLAKE"}
{"level":"INFO","message":"[3:51:49.882 PM]: Connection[id: 4a9107e5-42d3-42f2-9453-42f0cbd4b3f8] - connection established successfully after 879.92 milliseconds"}
{"level":"INFO","message":"[12:30:30.519 PM]: Creating new connection object"}
{"level":"INFO","message":"[12:30:30.524 PM]: Creating Connection[id: 2de6bae5-a137-4110-b9ab-c01721e49979] with host: fya14544.snowflakecomputing.com, account: fya14544, accessUrl: https://fya14544.snowflakecomputing.com, user: EPIC_DEV, role: EPIC_DEV_ROLE, database: TEST_DEVELOPMENT_ENVIROMENT, schema: DEV_SCHEMA, warehouse: , proxy was not configured, password is provided, region: undefined, authenticator: SNOWFLAKE, ocsp mode: FAIL_OPEN, os: darwin, os version: 25.4.0"}
{"level":"INFO","message":"[12:30:30.524 PM]: Connection[id: 2de6bae5-a137-4110-b9ab-c01721e49979] additional details: passcode in password is provided, passcode is not provided, private key is not provided, application: undefined, client name: snowflake-sdk, client version: 2.4.0, retry timeout: 300, private key path: undefined, private key pass is not provided, client store temporary credential: false, browser response timeout: 120000"}
{"level":"INFO","message":"[12:30:30.525 PM]: Connection[id: 2de6bae5-a137-4110-b9ab-c01721e49979] - connection object created successfully."}
{"level":"INFO","message":"[12:30:30.525 PM]: Connection[id: 2de6bae5-a137-4110-b9ab-c01721e49979] - async connecting. Associated Snowflake domain: GLOBAL"}
{"level":"INFO","message":"[12:30:30.525 PM]: Trying to initialize Easy Logging"}
{"level":"INFO","message":"[12:30:30.533 PM]: No client config detected."}
{"level":"INFO","message":"[12:30:30.533 PM]: No config file path found. Client config will not be used."}
{"level":"INFO","message":"[12:30:30.533 PM]: Easy Logging is disabled as no config has been found"}
{"level":"INFO","message":"[12:30:30.533 PM]: Connection[id: 2de6bae5-a137-4110-b9ab-c01721e49979] - authentication successful using: SNOWFLAKE"}
{"level":"INFO","message":"[12:30:31.280 PM]: Connection[id: 2de6bae5-a137-4110-b9ab-c01721e49979] - connection established successfully after 755.7 milliseconds"}
{"level":"INFO","message":"[12:43:32.377 PM]: Creating new connection object"}
{"level":"INFO","message":"[12:43:32.382 PM]: Creating Connection[id: e547c24c-885a-4101-b9d8-1b2979acb910] with host: fya14544.snowflakecomputing.com, account: fya14544, accessUrl: https://fya14544.snowflakecomputing.com, user: EPIC_DEV, role: EPIC_DEV_ROLE, database: TEST_DEVELOPMENT_ENVIROMENT, schema: DEV_SCHEMA, warehouse: , proxy was not configured, password is provided, region: undefined, authenticator: SNOWFLAKE, ocsp mode: FAIL_OPEN, os: darwin, os version: 25.4.0"}
{"level":"INFO","message":"[12:43:32.382 PM]: Connection[id: e547c24c-885a-4101-b9d8-1b2979acb910] additional details: passcode in password is provided, passcode is not provided, private key is not provided, application: undefined, client name: snowflake-sdk, client version: 2.4.0, retry timeout: 300, private key path: undefined, private key pass is not provided, client store temporary credential: false, browser response timeout: 120000"}
{"level":"INFO","message":"[12:43:32.383 PM]: Connection[id: e547c24c-885a-4101-b9d8-1b2979acb910] - connection object created successfully."}
{"level":"INFO","message":"[12:43:32.383 PM]: Connection[id: e547c24c-885a-4101-b9d8-1b2979acb910] - async connecting. Associated Snowflake domain: GLOBAL"}
{"level":"INFO","message":"[12:43:32.383 PM]: Trying to initialize Easy Logging"}
{"level":"INFO","message":"[12:43:32.387 PM]: No client config detected."}
{"level":"INFO","message":"[12:43:32.387 PM]: No config file path found. Client config will not be used."}
{"level":"INFO","message":"[12:43:32.387 PM]: Easy Logging is disabled as no config has been found"}
{"level":"INFO","message":"[12:43:32.388 PM]: Connection[id: e547c24c-885a-4101-b9d8-1b2979acb910] - authentication successful using: SNOWFLAKE"}
{"level":"INFO","message":"[12:43:33.424 PM]: Connection[id: e547c24c-885a-4101-b9d8-1b2979acb910] - connection established successfully after 1040.97 milliseconds"}
{"level":"INFO","message":"[1:15:07.152 PM]: Creating new connection object"}
{"level":"INFO","message":"[1:15:07.153 PM]: Creating Connection[id: 64e2d1ed-ed91-4136-8d17-1a10b122b4e5] with host: fya14544.snowflakecomputing.com, account: fya14544, accessUrl: https://fya14544.snowflakecomputing.com, user: EPIC_DEV, role: EPIC_DEV_ROLE, database: TEST_DEVELOPMENT_ENVIROMENT, schema: DEV_SCHEMA, warehouse: , proxy was not configured, password is provided, region: undefined, authenticator: SNOWFLAKE, ocsp mode: FAIL_OPEN, os: darwin, os version: 25.4.0"}
{"level":"INFO","message":"[1:15:07.153 PM]: Connection[id: 64e2d1ed-ed91-4136-8d17-1a10b122b4e5] additional details: passcode in password is provided, passcode is not provided, private key is not provided, application: undefined, client name: snowflake-sdk, client version: 2.4.0, retry timeout: 300, private key path: undefined, private key pass is not provided, client store temporary credential: false, browser response timeout: 120000"}
{"level":"INFO","message":"[1:15:07.154 PM]: Connection[id: 64e2d1ed-ed91-4136-8d17-1a10b122b4e5] - connection object created successfully."}
{"level":"INFO","message":"[1:15:07.154 PM]: Connection[id: 64e2d1ed-ed91-4136-8d17-1a10b122b4e5] - async connecting. Associated Snowflake domain: GLOBAL"}
{"level":"INFO","message":"[1:15:07.154 PM]: Trying to initialize Easy Logging"}
{"level":"INFO","message":"[1:15:07.164 PM]: No client config detected."}
{"level":"INFO","message":"[1:15:07.164 PM]: No config file path found. Client config will not be used."}
{"level":"INFO","message":"[1:15:07.164 PM]: Easy Logging is disabled as no config has been found"}
{"level":"INFO","message":"[1:15:07.164 PM]: Connection[id: 64e2d1ed-ed91-4136-8d17-1a10b122b4e5] - authentication successful using: SNOWFLAKE"}
{"level":"INFO","message":"[1:15:07.802 PM]: Connection[id: 64e2d1ed-ed91-4136-8d17-1a10b122b4e5] - connection established successfully after 648.15 milliseconds"}
{"level":"INFO","message":"[1:32:34.355 PM]: Creating new connection object"}
{"level":"INFO","message":"[1:32:34.360 PM]: Creating Connection[id: 294525ba-ce41-48c5-b398-38fda034b290] with host: fya14544.snowflakecomputing.com, account: fya14544, accessUrl: https://fya14544.snowflakecomputing.com, user: EPIC_DEV, role: EPIC_DEV_ROLE, database: TEST_DEVELOPMENT_ENVIROMENT, schema: DEV_SCHEMA, warehouse: , proxy was not configured, password is provided, region: undefined, authenticator: SNOWFLAKE, ocsp mode: FAIL_OPEN, os: darwin, os version: 25.4.0"}
{"level":"INFO","message":"[1:32:34.360 PM]: Connection[id: 294525ba-ce41-48c5-b398-38fda034b290] additional details: passcode in password is provided, passcode is not provided, private key is not provided, application: undefined, client name: snowflake-sdk, client version: 2.4.0, retry timeout: 300, private key path: undefined, private key pass is not provided, client store temporary credential: false, browser response timeout: 120000"}
{"level":"INFO","message":"[1:32:34.360 PM]: Connection[id: 294525ba-ce41-48c5-b398-38fda034b290] - connection object created successfully."}
{"level":"INFO","message":"[1:32:34.361 PM]: Connection[id: 294525ba-ce41-48c5-b398-38fda034b290] - async connecting. Associated Snowflake domain: GLOBAL"}
{"level":"INFO","message":"[1:32:34.361 PM]: Trying to initialize Easy Logging"}
{"level":"INFO","message":"[1:32:34.380 PM]: No client config detected."}
{"level":"INFO","message":"[1:32:34.380 PM]: No config file path found. Client config will not be used."}
{"level":"INFO","message":"[1:32:34.380 PM]: Easy Logging is disabled as no config has been found"}
{"level":"INFO","message":"[1:32:34.380 PM]: Connection[id: 294525ba-ce41-48c5-b398-38fda034b290] - authentication successful using: SNOWFLAKE"}
{"level":"INFO","message":"[1:32:34.999 PM]: Connection[id: 294525ba-ce41-48c5-b398-38fda034b290] - connection established successfully after 638.27 milliseconds"}
{"level":"INFO","message":"[1:58:24.915 PM]: Creating new connection object"}
{"level":"INFO","message":"[1:58:24.920 PM]: Creating Connection[id: 917dbc19-123a-4254-92c3-13d062df867e] with host: fya14544.snowflakecomputing.com, account: fya14544, accessUrl: https://fya14544.snowflakecomputing.com, user: EPIC_DEV, role: EPIC_DEV_ROLE, database: TEST_DEVELOPMENT_ENVIROMENT, schema: DEV_SCHEMA, warehouse: , proxy was not configured, password is provided, region: undefined, authenticator: SNOWFLAKE, ocsp mode: FAIL_OPEN, os: darwin, os version: 25.4.0"}
{"level":"INFO","message":"[1:58:24.920 PM]: Connection[id: 917dbc19-123a-4254-92c3-13d062df867e] additional details: passcode in password is provided, passcode is not provided, private key is not provided, application: undefined, client name: snowflake-sdk, client version: 2.4.0, retry timeout: 300, private key path: undefined, private key pass is not provided, client store temporary credential: false, browser response timeout: 120000"}
{"level":"INFO","message":"[1:58:24.920 PM]: Connection[id: 917dbc19-123a-4254-92c3-13d062df867e] - connection object created successfully."}
{"level":"INFO","message":"[1:58:24.920 PM]: Connection[id: 917dbc19-123a-4254-92c3-13d062df867e] - async connecting. Associated Snowflake domain: GLOBAL"}
{"level":"INFO","message":"[1:58:24.920 PM]: Trying to initialize Easy Logging"}
{"level":"INFO","message":"[1:58:24.938 PM]: No client config detected."}
{"level":"INFO","message":"[1:58:24.938 PM]: No config file path found. Client config will not be used."}
{"level":"INFO","message":"[1:58:24.938 PM]: Easy Logging is disabled as no config has been found"}
{"level":"INFO","message":"[1:58:24.938 PM]: Connection[id: 917dbc19-123a-4254-92c3-13d062df867e] - authentication successful using: SNOWFLAKE"}
{"level":"INFO","message":"[1:58:26.146 PM]: Connection[id: 917dbc19-123a-4254-92c3-13d062df867e] - connection established successfully after 1225.98 milliseconds"}
{"level":"INFO","message":"[2:44:01.903 PM]: Creating new connection object"}
{"level":"INFO","message":"[2:44:01.907 PM]: Creating Connection[id: 37c6e015-5cfa-47dd-9bba-90516d6627ec] with host: fya14544.snowflakecomputing.com, account: fya14544, accessUrl: https://fya14544.snowflakecomputing.com, user: EPIC_DEV, role: EPIC_DEV_ROLE, database: TEST_DEVELOPMENT_ENVIROMENT, schema: DEV_SCHEMA, warehouse: , proxy was not configured, password is provided, region: undefined, authenticator: SNOWFLAKE, ocsp mode: FAIL_OPEN, os: darwin, os version: 25.4.0"}
{"level":"INFO","message":"[2:44:01.908 PM]: Connection[id: 37c6e015-5cfa-47dd-9bba-90516d6627ec] additional details: passcode in password is provided, passcode is not provided, private key is not provided, application: undefined, client name: snowflake-sdk, client version: 2.4.0, retry timeout: 300, private key path: undefined, private key pass is not provided, client store temporary credential: false, browser response timeout: 120000"}
{"level":"INFO","message":"[2:44:01.908 PM]: Connection[id: 37c6e015-5cfa-47dd-9bba-90516d6627ec] - connection object created successfully."}
{"level":"INFO","message":"[2:44:01.908 PM]: Connection[id: 37c6e015-5cfa-47dd-9bba-90516d6627ec] - async connecting. Associated Snowflake domain: GLOBAL"}
{"level":"INFO","message":"[2:44:01.908 PM]: Trying to initialize Easy Logging"}
{"level":"INFO","message":"[2:44:01.910 PM]: No client config detected."}
{"level":"INFO","message":"[2:44:01.910 PM]: No config file path found. Client config will not be used."}
{"level":"INFO","message":"[2:44:01.911 PM]: Easy Logging is disabled as no config has been found"}
{"level":"INFO","message":"[2:44:01.911 PM]: Connection[id: 37c6e015-5cfa-47dd-9bba-90516d6627ec] - authentication successful using: SNOWFLAKE"}
{"level":"INFO","message":"[2:44:02.955 PM]: Connection[id: 37c6e015-5cfa-47dd-9bba-90516d6627ec] - connection established successfully after 1046.78 milliseconds"}
{"level":"INFO","message":"[2:59:49.228 PM]: Creating new connection object"}
{"level":"INFO","message":"[2:59:49.234 PM]: Creating Connection[id: 654fb590-4016-4201-a255-741ad206f5d9] with host: fya14544.snowflakecomputing.com, account: fya14544, accessUrl: https://fya14544.snowflakecomputing.com, user: EPIC_DEV, role: EPIC_DEV_ROLE, database: TEST_DEVELOPMENT_ENVIROMENT, schema: DEV_SCHEMA, warehouse: , proxy was not configured, password is provided, region: undefined, authenticator: SNOWFLAKE, ocsp mode: FAIL_OPEN, os: darwin, os version: 25.4.0"}
{"level":"INFO","message":"[2:59:49.234 PM]: Connection[id: 654fb590-4016-4201-a255-741ad206f5d9] additional details: passcode in password is provided, passcode is not provided, private key is not provided, application: undefined, client name: snowflake-sdk, client version: 2.4.0, retry timeout: 300, private key path: undefined, private key pass is not provided, client store temporary credential: false, browser response timeout: 120000"}
{"level":"INFO","message":"[2:59:49.234 PM]: Connection[id: 654fb590-4016-4201-a255-741ad206f5d9] - connection object created successfully."}
{"level":"INFO","message":"[2:59:49.234 PM]: Connection[id: 654fb590-4016-4201-a255-741ad206f5d9] - async connecting. Associated Snowflake domain: GLOBAL"}
{"level":"INFO","message":"[2:59:49.235 PM]: Trying to initialize Easy Logging"}
{"level":"INFO","message":"[2:59:49.240 PM]: No client config detected."}
{"level":"INFO","message":"[2:59:49.241 PM]: No config file path found. Client config will not be used."}
{"level":"INFO","message":"[2:59:49.241 PM]: Easy Logging is disabled as no config has been found"}
{"level":"INFO","message":"[2:59:49.241 PM]: Connection[id: 654fb590-4016-4201-a255-741ad206f5d9] - authentication successful using: SNOWFLAKE"}
{"level":"INFO","message":"[2:59:50.251 PM]: Connection[id: 654fb590-4016-4201-a255-741ad206f5d9] - connection established successfully after 1016.39 milliseconds"}
{"level":"INFO","message":"[11:47:04.928 AM]: Creating new connection object"}
{"level":"INFO","message":"[11:47:04.933 AM]: Creating Connection[id: 4e8e0788-e13e-4378-8c5d-17624f0b2c70] with host: fya14544.snowflakecomputing.com, account: fya14544, accessUrl: https://fya14544.snowflakecomputing.com, user: EPIC_DEV, role: EPIC_DEV_ROLE, database: TEST_DEVELOPMENT_ENVIROMENT, schema: DEV_SCHEMA, warehouse: , proxy was not configured, password is provided, region: undefined, authenticator: SNOWFLAKE, ocsp mode: FAIL_OPEN, os: darwin, os version: 25.4.0"}
{"level":"INFO","message":"[11:47:04.934 AM]: Connection[id: 4e8e0788-e13e-4378-8c5d-17624f0b2c70] additional details: passcode in password is provided, passcode is not provided, private key is not provided, application: undefined, client name: snowflake-sdk, client version: 2.4.0, retry timeout: 300, private key path: undefined, private key pass is not provided, client store temporary credential: false, browser response timeout: 120000"}
{"level":"INFO","message":"[11:47:04.934 AM]: Connection[id: 4e8e0788-e13e-4378-8c5d-17624f0b2c70] - connection object created successfully."}
{"level":"INFO","message":"[11:47:04.934 AM]: Connection[id: 4e8e0788-e13e-4378-8c5d-17624f0b2c70] - async connecting. Associated Snowflake domain: GLOBAL"}
{"level":"INFO","message":"[11:47:04.934 AM]: Trying to initialize Easy Logging"}
{"level":"INFO","message":"[11:47:04.939 AM]: No client config detected."}
{"level":"INFO","message":"[11:47:04.939 AM]: No config file path found. Client config will not be used."}
{"level":"INFO","message":"[11:47:04.940 AM]: Easy Logging is disabled as no config has been found"}
{"level":"INFO","message":"[11:47:04.940 AM]: Connection[id: 4e8e0788-e13e-4378-8c5d-17624f0b2c70] - authentication successful using: SNOWFLAKE"}
{"level":"INFO","message":"[11:47:05.978 AM]: Connection[id: 4e8e0788-e13e-4378-8c5d-17624f0b2c70] - connection established successfully after 1044.22 milliseconds"}
{"level":"INFO","message":"[9:25:38.858 PM]: Creating new connection object"}
{"level":"INFO","message":"[9:25:38.863 PM]: Creating Connection[id: e4e100c2-3406-4a6f-9268-c4f06e2b5a15] with host: fya14544.snowflakecomputing.com, account: fya14544, accessUrl: https://fya14544.snowflakecomputing.com, user: EPIC_DEV, role: EPIC_DEV_ROLE, database: TEST_DEVELOPMENT_ENVIROMENT, schema: DEV_SCHEMA, warehouse: , proxy was not configured, password is provided, region: undefined, authenticator: SNOWFLAKE, ocsp mode: FAIL_OPEN, os: darwin, os version: 25.4.0"}
{"level":"INFO","message":"[9:25:38.864 PM]: Connection[id: e4e100c2-3406-4a6f-9268-c4f06e2b5a15] additional details: passcode in password is provided, passcode is not provided, private key is not provided, application: undefined, client name: snowflake-sdk, client version: 2.4.0, retry timeout: 300, private key path: undefined, private key pass is not provided, client store temporary credential: false, browser response timeout: 120000"}
{"level":"INFO","message":"[9:25:38.864 PM]: Connection[id: e4e100c2-3406-4a6f-9268-c4f06e2b5a15] - connection object created successfully."}
{"level":"INFO","message":"[9:25:38.864 PM]: Connection[id: e4e100c2-3406-4a6f-9268-c4f06e2b5a15] - async connecting. Associated Snowflake domain: GLOBAL"}
{"level":"INFO","message":"[9:25:38.864 PM]: Trying to initialize Easy Logging"}
{"level":"INFO","message":"[9:25:38.875 PM]: No client config detected."}
{"level":"INFO","message":"[9:25:38.875 PM]: No config file path found. Client config will not be used."}
{"level":"INFO","message":"[9:25:38.875 PM]: Easy Logging is disabled as no config has been found"}
{"level":"INFO","message":"[9:25:38.875 PM]: Connection[id: e4e100c2-3406-4a6f-9268-c4f06e2b5a15] - authentication successful using: SNOWFLAKE"}
{"level":"INFO","message":"[9:25:40.293 PM]: Connection[id: e4e100c2-3406-4a6f-9268-c4f06e2b5a15] - connection established successfully after 1429.05 milliseconds"}
{"level":"INFO","message":"[9:40:57.169 PM]: Creating new connection object"}
{"level":"INFO","message":"[9:40:57.173 PM]: Creating Connection[id: 1481d124-e8d8-495a-bfe2-71b6a8ee1e2d] with host: fya14544.snowflakecomputing.com, account: fya14544, accessUrl: https://fya14544.snowflakecomputing.com, user: EPIC_DEV, role: EPIC_DEV_ROLE, database: TEST_DEVELOPMENT_ENVIROMENT, schema: DEV_SCHEMA, warehouse: , proxy was not configured, password is provided, region: undefined, authenticator: SNOWFLAKE, ocsp mode: FAIL_OPEN, os: darwin, os version: 25.4.0"}
{"level":"INFO","message":"[9:40:57.174 PM]: Connection[id: 1481d124-e8d8-495a-bfe2-71b6a8ee1e2d] additional details: passcode in password is provided, passcode is not provided, private key is not provided, application: undefined, client name: snowflake-sdk, client version: 2.4.0, retry timeout: 300, private key path: undefined, private key pass is not provided, client store temporary credential: false, browser response timeout: 120000"}
{"level":"INFO","message":"[9:40:57.174 PM]: Connection[id: 1481d124-e8d8-495a-bfe2-71b6a8ee1e2d] - connection object created successfully."}
{"level":"INFO","message":"[9:40:57.174 PM]: Connection[id: 1481d124-e8d8-495a-bfe2-71b6a8ee1e2d] - async connecting. Associated Snowflake domain: GLOBAL"}
{"level":"INFO","message":"[9:40:57.174 PM]: Trying to initialize Easy Logging"}
{"level":"INFO","message":"[9:40:57.195 PM]: No client config detected."}
{"level":"INFO","message":"[9:40:57.195 PM]: No config file path found. Client config will not be used."}
{"level":"INFO","message":"[9:40:57.195 PM]: Easy Logging is disabled as no config has been found"}
{"level":"INFO","message":"[9:40:57.195 PM]: Connection[id: 1481d124-e8d8-495a-bfe2-71b6a8ee1e2d] - authentication successful using: SNOWFLAKE"}
{"level":"INFO","message":"[9:40:57.904 PM]: Connection[id: 1481d124-e8d8-495a-bfe2-71b6a8ee1e2d] - connection established successfully after 730.47 milliseconds"}
{"level":"INFO","message":"[10:08:16.171 PM]: Creating new connection object"}
{"level":"INFO","message":"[10:08:16.177 PM]: Creating Connection[id: 22a6e8d6-9eb9-4a40-8c5e-e163fa86da6e] with host: fya14544.snowflakecomputing.com, account: fya14544, accessUrl: https://fya14544.snowflakecomputing.com, user: EPIC_DEV, role: EPIC_DEV_ROLE, database: TEST_DEVELOPMENT_ENVIROMENT, schema: DEV_SCHEMA, warehouse: , proxy was not configured, password is provided, region: undefined, authenticator: SNOWFLAKE, ocsp mode: FAIL_OPEN, os: darwin, os version: 25.4.0"}
{"level":"INFO","message":"[10:08:16.177 PM]: Connection[id: 22a6e8d6-9eb9-4a40-8c5e-e163fa86da6e] additional details: passcode in password is provided, passcode is not provided, private key is not provided, application: undefined, client name: snowflake-sdk, client version: 2.4.0, retry timeout: 300, private key path: undefined, private key pass is not provided, client store temporary credential: false, browser response timeout: 120000"}
{"level":"INFO","message":"[10:08:16.177 PM]: Connection[id: 22a6e8d6-9eb9-4a40-8c5e-e163fa86da6e] - connection object created successfully."}
{"level":"INFO","message":"[10:08:16.177 PM]: Connection[id: 22a6e8d6-9eb9-4a40-8c5e-e163fa86da6e] - async connecting. Associated Snowflake domain: GLOBAL"}
{"level":"INFO","message":"[10:08:16.178 PM]: Trying to initialize Easy Logging"}
{"level":"INFO","message":"[10:08:16.188 PM]: No client config detected."}
{"level":"INFO","message":"[10:08:16.188 PM]: No config file path found. Client config will not be used."}
{"level":"INFO","message":"[10:08:16.188 PM]: Easy Logging is disabled as no config has been found"}
{"level":"INFO","message":"[10:08:16.188 PM]: Connection[id: 22a6e8d6-9eb9-4a40-8c5e-e163fa86da6e] - authentication successful using: SNOWFLAKE"}
{"level":"INFO","message":"[10:08:17.543 PM]: Connection[id: 22a6e8d6-9eb9-4a40-8c5e-e163fa86da6e] - connection established successfully after 1365.73 milliseconds"}
{"level":"INFO","message":"[10:48:06.252 AM]: Creating new connection object"}
{"level":"INFO","message":"[10:48:06.257 AM]: Creating Connection[id: 2721753c-ac2e-462e-a98d-c419dc5a5e63] with host: fya14544.snowflakecomputing.com, account: fya14544, accessUrl: https://fya14544.snowflakecomputing.com, user: EPIC_DEV, role: EPIC_DEV_ROLE, database: TEST_DEVELOPMENT_ENVIROMENT, schema: DEV_SCHEMA, warehouse: , proxy was not configured, password is provided, region: undefined, authenticator: SNOWFLAKE, ocsp mode: FAIL_OPEN, os: darwin, os version: 25.4.0"}
{"level":"INFO","message":"[10:48:06.257 AM]: Connection[id: 2721753c-ac2e-462e-a98d-c419dc5a5e63] additional details: passcode in password is provided, passcode is not provided, private key is not provided, application: undefined, client name: snowflake-sdk, client version: 2.4.0, retry timeout: 300, private key path: undefined, private key pass is not provided, client store temporary credential: false, browser response timeout: 120000"}
{"level":"INFO","message":"[10:48:06.258 AM]: Connection[id: 2721753c-ac2e-462e-a98d-c419dc5a5e63] - connection object created successfully."}
{"level":"INFO","message":"[10:48:06.258 AM]: Connection[id: 2721753c-ac2e-462e-a98d-c419dc5a5e63] - async connecting. Associated Snowflake domain: GLOBAL"}
{"level":"INFO","message":"[10:48:06.258 AM]: Trying to initialize Easy Logging"}
{"level":"INFO","message":"[10:48:06.277 AM]: No client config detected."}
{"level":"INFO","message":"[10:48:06.277 AM]: No config file path found. Client config will not be used."}
{"level":"INFO","message":"[10:48:06.277 AM]: Easy Logging is disabled as no config has been found"}
{"level":"INFO","message":"[10:48:06.278 AM]: Connection[id: 2721753c-ac2e-462e-a98d-c419dc5a5e63] - authentication successful using: SNOWFLAKE"}
{"level":"INFO","message":"[10:48:07.043 AM]: Connection[id: 2721753c-ac2e-462e-a98d-c419dc5a5e63] - connection established successfully after 785.09 milliseconds"}
{"level":"INFO","message":"[1:38:15.783 PM]: Creating new connection object"}
{"level":"INFO","message":"[1:38:15.789 PM]: Creating Connection[id: 974635b0-8966-44e1-ba82-08915f705fb9] with host: fya14544.snowflakecomputing.com, account: fya14544, accessUrl: https://fya14544.snowflakecomputing.com, user: EPIC_DEV, role: EPIC_DEV_ROLE, database: TEST_DEVELOPMENT_ENVIROMENT, schema: DEV_SCHEMA, warehouse: , proxy was not configured, password is provided, region: undefined, authenticator: SNOWFLAKE, ocsp mode: FAIL_OPEN, os: darwin, os version: 25.4.0"}
{"level":"INFO","message":"[1:38:15.789 PM]: Connection[id: 974635b0-8966-44e1-ba82-08915f705fb9] additional details: passcode in password is provided, passcode is not provided, private key is not provided, application: undefined, client name: snowflake-sdk, client version: 2.4.0, retry timeout: 300, private key path: undefined, private key pass is not provided, client store temporary credential: false, browser response timeout: 120000"}
{"level":"INFO","message":"[1:38:15.790 PM]: Connection[id: 974635b0-8966-44e1-ba82-08915f705fb9] - connection object created successfully."}
{"level":"INFO","message":"[1:38:15.790 PM]: Connection[id: 974635b0-8966-44e1-ba82-08915f705fb9] - async connecting. Associated Snowflake domain: GLOBAL"}
{"level":"INFO","message":"[1:38:15.790 PM]: Trying to initialize Easy Logging"}
{"level":"INFO","message":"[1:38:15.793 PM]: No client config detected."}
{"level":"INFO","message":"[1:38:15.793 PM]: No config file path found. Client config will not be used."}
{"level":"INFO","message":"[1:38:15.793 PM]: Easy Logging is disabled as no config has been found"}
{"level":"INFO","message":"[1:38:15.793 PM]: Connection[id: 974635b0-8966-44e1-ba82-08915f705fb9] - authentication successful using: SNOWFLAKE"}
{"level":"INFO","message":"[1:38:16.635 PM]: Connection[id: 974635b0-8966-44e1-ba82-08915f705fb9] - connection established successfully after 845.41 milliseconds"}
{"level":"INFO","message":"[1:49:04.435 PM]: Creating new connection object"}
{"level":"INFO","message":"[1:49:04.440 PM]: Creating Connection[id: e4a8a189-4f07-4867-b9f3-96435e1a8a5b] with host: fya14544.snowflakecomputing.com, account: fya14544, accessUrl: https://fya14544.snowflakecomputing.com, user: EPIC_DEV, role: EPIC_DEV_ROLE, database: TEST_DEVELOPMENT_ENVIROMENT, schema: DEV_SCHEMA, warehouse: , proxy was not configured, password is provided, region: undefined, authenticator: SNOWFLAKE, ocsp mode: FAIL_OPEN, os: darwin, os version: 25.4.0"}
{"level":"INFO","message":"[1:49:04.440 PM]: Connection[id: e4a8a189-4f07-4867-b9f3-96435e1a8a5b] additional details: passcode in password is provided, passcode is not provided, private key is not provided, application: undefined, client name: snowflake-sdk, client version: 2.4.0, retry timeout: 300, private key path: undefined, private key pass is not provided, client store temporary credential: false, browser response timeout: 120000"}
{"level":"INFO","message":"[1:49:04.440 PM]: Connection[id: e4a8a189-4f07-4867-b9f3-96435e1a8a5b] - connection object created successfully."}
{"level":"INFO","message":"[1:49:04.441 PM]: Connection[id: e4a8a189-4f07-4867-b9f3-96435e1a8a5b] - async connecting. Associated Snowflake domain: GLOBAL"}
{"level":"INFO","message":"[1:49:04.441 PM]: Trying to initialize Easy Logging"}
{"level":"INFO","message":"[1:49:04.447 PM]: No client config detected."}
{"level":"INFO","message":"[1:49:04.447 PM]: No config file path found. Client config will not be used."}
{"level":"INFO","message":"[1:49:04.447 PM]: Easy Logging is disabled as no config has been found"}
{"level":"INFO","message":"[1:49:04.447 PM]: Connection[id: e4a8a189-4f07-4867-b9f3-96435e1a8a5b] - authentication successful using: SNOWFLAKE"}
{"level":"INFO","message":"[1:49:05.060 PM]: Connection[id: e4a8a189-4f07-4867-b9f3-96435e1a8a5b] - connection established successfully after 619.42 milliseconds"}
{"level":"INFO","message":"[2:24:33.346 PM]: Creating new connection object"}
{"level":"INFO","message":"[2:24:33.352 PM]: Creating Connection[id: be56f817-6285-4b08-a2bb-942a7c09a31d] with host: fya14544.snowflakecomputing.com, account: fya14544, accessUrl: https://fya14544.snowflakecomputing.com, user: EPIC_DEV, role: EPIC_DEV_ROLE, database: TEST_DEVELOPMENT_ENVIROMENT, schema: DEV_SCHEMA, warehouse: , proxy was not configured, password is provided, region: undefined, authenticator: SNOWFLAKE, ocsp mode: FAIL_OPEN, os: darwin, os version: 25.4.0"}
{"level":"INFO","message":"[2:24:33.352 PM]: Connection[id: be56f817-6285-4b08-a2bb-942a7c09a31d] additional details: passcode in password is provided, passcode is not provided, private key is not provided, application: undefined, client name: snowflake-sdk, client version: 2.4.0, retry timeout: 300, private key path: undefined, private key pass is not provided, client store temporary credential: false, browser response timeout: 120000"}
{"level":"INFO","message":"[2:24:33.352 PM]: Connection[id: be56f817-6285-4b08-a2bb-942a7c09a31d] - connection object created successfully."}
{"level":"INFO","message":"[2:24:33.353 PM]: Connection[id: be56f817-6285-4b08-a2bb-942a7c09a31d] - async connecting. Associated Snowflake domain: GLOBAL"}
{"level":"INFO","message":"[2:24:33.353 PM]: Trying to initialize Easy Logging"}
{"level":"INFO","message":"[2:24:33.355 PM]: No client config detected."}
{"level":"INFO","message":"[2:24:33.355 PM]: No config file path found. Client config will not be used."}
{"level":"INFO","message":"[2:24:33.355 PM]: Easy Logging is disabled as no config has been found"}
{"level":"INFO","message":"[2:24:33.355 PM]: Connection[id: be56f817-6285-4b08-a2bb-942a7c09a31d] - authentication successful using: SNOWFLAKE"}
{"level":"INFO","message":"[2:24:33.955 PM]: Connection[id: be56f817-6285-4b08-a2bb-942a7c09a31d] - connection established successfully after 602.37 milliseconds"}
{"level":"INFO","message":"[2:41:12.167 PM]: Creating new connection object"}
{"level":"INFO","message":"[2:41:12.172 PM]: Creating Connection[id: b02edf77-641c-4a2d-87c7-dcee1e5115cf] with host: fya14544.snowflakecomputing.com, account: fya14544, accessUrl: https://fya14544.snowflakecomputing.com, user: EPIC_DEV, role: EPIC_DEV_ROLE, database: TEST_DEVELOPMENT_ENVIROMENT, schema: DEV_SCHEMA, warehouse: , proxy was not configured, password is provided, region: undefined, authenticator: SNOWFLAKE, ocsp mode: FAIL_OPEN, os: darwin, os version: 25.4.0"}
{"level":"INFO","message":"[2:41:12.172 PM]: Connection[id: b02edf77-641c-4a2d-87c7-dcee1e5115cf] additional details: passcode in password is provided, passcode is not provided, private key is not provided, application: undefined, client name: snowflake-sdk, client version: 2.4.0, retry timeout: 300, private key path: undefined, private key pass is not provided, client store temporary credential: false, browser response timeout: 120000"}
{"level":"INFO","message":"[2:41:12.172 PM]: Connection[id: b02edf77-641c-4a2d-87c7-dcee1e5115cf] - connection object created successfully."}
{"level":"INFO","message":"[2:41:12.172 PM]: Connection[id: b02edf77-641c-4a2d-87c7-dcee1e5115cf] - async connecting. Associated Snowflake domain: GLOBAL"}
{"level":"INFO","message":"[2:41:12.173 PM]: Trying to initialize Easy Logging"}
{"level":"INFO","message":"[2:41:12.176 PM]: No client config detected."}
{"level":"INFO","message":"[2:41:12.176 PM]: No config file path found. Client config will not be used."}
{"level":"INFO","message":"[2:41:12.177 PM]: Easy Logging is disabled as no config has been found"}
{"level":"INFO","message":"[2:41:12.177 PM]: Connection[id: b02edf77-641c-4a2d-87c7-dcee1e5115cf] - authentication successful using: SNOWFLAKE"}
{"level":"INFO","message":"[2:41:12.850 PM]: Connection[id: b02edf77-641c-4a2d-87c7-dcee1e5115cf] - connection established successfully after 677.96 milliseconds"}
{"level":"INFO","message":"[2:43:21.954 PM]: Creating new connection object"}
{"level":"INFO","message":"[2:43:21.960 PM]: Creating Connection[id: 9d239890-760c-469f-b219-cbd123e4f1db] with host: fya14544.snowflakecomputing.com, account: fya14544, accessUrl: https://fya14544.snowflakecomputing.com, user: EPIC_DEV, role: EPIC_DEV_ROLE, database: TEST_DEVELOPMENT_ENVIROMENT, schema: DEV_SCHEMA, warehouse: , proxy was not configured, password is provided, region: undefined, authenticator: SNOWFLAKE, ocsp mode: FAIL_OPEN, os: darwin, os version: 25.4.0"}
{"level":"INFO","message":"[2:43:21.960 PM]: Connection[id: 9d239890-760c-469f-b219-cbd123e4f1db] additional details: passcode in password is provided, passcode is not provided, private key is not provided, application: undefined, client name: snowflake-sdk, client version: 2.4.0, retry timeout: 300, private key path: undefined, private key pass is not provided, client store temporary credential: false, browser response timeout: 120000"}
{"level":"INFO","message":"[2:43:21.960 PM]: Connection[id: 9d239890-760c-469f-b219-cbd123e4f1db] - connection object created successfully."}
{"level":"INFO","message":"[2:43:21.960 PM]: Connection[id: 9d239890-760c-469f-b219-cbd123e4f1db] - async connecting. Associated Snowflake domain: GLOBAL"}
{"level":"INFO","message":"[2:43:21.960 PM]: Trying to initialize Easy Logging"}
{"level":"INFO","message":"[2:43:21.981 PM]: No client config detected."}
{"level":"INFO","message":"[2:43:21.981 PM]: No config file path found. Client config will not be used."}
{"level":"INFO","message":"[2:43:21.981 PM]: Easy Logging is disabled as no config has been found"}
{"level":"INFO","message":"[2:43:21.981 PM]: Connection[id: 9d239890-760c-469f-b219-cbd123e4f1db] - authentication successful using: SNOWFLAKE"}
{"level":"INFO","message":"[2:43:22.546 PM]: Connection[id: 9d239890-760c-469f-b219-cbd123e4f1db] - connection established successfully after 585.59 milliseconds"}
{"level":"INFO","message":"[3:15:49.712 PM]: Creating new connection object"}
{"level":"INFO","message":"[3:15:49.717 PM]: Creating Connection[id: 61fb175d-433a-4ce5-a2e7-f2206db941fa] with host: fya14544.snowflakecomputing.com, account: fya14544, accessUrl: https://fya14544.snowflakecomputing.com, user: EPIC_DEV, role: EPIC_DEV_ROLE, database: TEST_DEVELOPMENT_ENVIROMENT, schema: DEV_SCHEMA, warehouse: , proxy was not configured, password is provided, region: undefined, authenticator: SNOWFLAKE, ocsp mode: FAIL_OPEN, os: darwin, os version: 25.4.0"}
{"level":"INFO","message":"[3:15:49.718 PM]: Connection[id: 61fb175d-433a-4ce5-a2e7-f2206db941fa] additional details: passcode in password is provided, passcode is not provided, private key is not provided, application: undefined, client name: snowflake-sdk, client version: 2.4.0, retry timeout: 300, private key path: undefined, private key pass is not provided, client store temporary credential: false, browser response timeout: 120000"}
{"level":"INFO","message":"[3:15:49.718 PM]: Connection[id: 61fb175d-433a-4ce5-a2e7-f2206db941fa] - connection object created successfully."}
{"level":"INFO","message":"[3:15:49.718 PM]: Connection[id: 61fb175d-433a-4ce5-a2e7-f2206db941fa] - async connecting. Associated Snowflake domain: GLOBAL"}
{"level":"INFO","message":"[3:15:49.718 PM]: Trying to initialize Easy Logging"}
{"level":"INFO","message":"[3:15:49.735 PM]: No client config detected."}
{"level":"INFO","message":"[3:15:49.735 PM]: No config file path found. Client config will not be used."}
{"level":"INFO","message":"[3:15:49.735 PM]: Easy Logging is disabled as no config has been found"}
{"level":"INFO","message":"[3:15:49.735 PM]: Connection[id: 61fb175d-433a-4ce5-a2e7-f2206db941fa] - authentication successful using: SNOWFLAKE"}
{"level":"INFO","message":"[3:15:50.390 PM]: Connection[id: 61fb175d-433a-4ce5-a2e7-f2206db941fa] - connection established successfully after 672.07 milliseconds"}
{"level":"INFO","message":"[3:35:20.002 PM]: Creating new connection object"}
{"level":"INFO","message":"[3:35:20.007 PM]: Creating Connection[id: aabad9aa-aafd-4147-a0c0-71ddf3a17a81] with host: fya14544.snowflakecomputing.com, account: fya14544, accessUrl: https://fya14544.snowflakecomputing.com, user: EPIC_DEV, role: EPIC_DEV_ROLE, database: TEST_DEVELOPMENT_ENVIROMENT, schema: DEV_SCHEMA, warehouse: , proxy was not configured, password is provided, region: undefined, authenticator: SNOWFLAKE, ocsp mode: FAIL_OPEN, os: darwin, os version: 25.4.0"}
{"level":"INFO","message":"[3:35:20.007 PM]: Connection[id: aabad9aa-aafd-4147-a0c0-71ddf3a17a81] additional details: passcode in password is provided, passcode is not provided, private key is not provided, application: undefined, client name: snowflake-sdk, client version: 2.4.0, retry timeout: 300, private key path: undefined, private key pass is not provided, client store temporary credential: false, browser response timeout: 120000"}
{"level":"INFO","message":"[3:35:20.008 PM]: Connection[id: aabad9aa-aafd-4147-a0c0-71ddf3a17a81] - connection object created successfully."}
{"level":"INFO","message":"[3:35:20.008 PM]: Connection[id: aabad9aa-aafd-4147-a0c0-71ddf3a17a81] - async connecting. Associated Snowflake domain: GLOBAL"}
{"level":"INFO","message":"[3:35:20.008 PM]: Trying to initialize Easy Logging"}
{"level":"INFO","message":"[3:35:20.055 PM]: No client config detected."}
{"level":"INFO","message":"[3:35:20.055 PM]: No config file path found. Client config will not be used."}
{"level":"INFO","message":"[3:35:20.055 PM]: Easy Logging is disabled as no config has been found"}
{"level":"INFO","message":"[3:35:20.055 PM]: Connection[id: aabad9aa-aafd-4147-a0c0-71ddf3a17a81] - authentication successful using: SNOWFLAKE"}
{"level":"INFO","message":"[3:35:20.738 PM]: Connection[id: aabad9aa-aafd-4147-a0c0-71ddf3a17a81] - connection established successfully after 730.62 milliseconds"}
{"level":"INFO","message":"[3:37:22.010 PM]: Creating new connection object"}
{"level":"INFO","message":"[3:37:22.016 PM]: Creating Connection[id: 72f257bc-17db-40a8-9f10-1f7916af90e5] with host: fya14544.snowflakecomputing.com, account: fya14544, accessUrl: https://fya14544.snowflakecomputing.com, user: EPIC_DEV, role: EPIC_DEV_ROLE, database: TEST_DEVELOPMENT_ENVIROMENT, schema: DEV_SCHEMA, warehouse: , proxy was not configured, password is provided, region: undefined, authenticator: SNOWFLAKE, ocsp mode: FAIL_OPEN, os: darwin, os version: 25.4.0"}
{"level":"INFO","message":"[3:37:22.016 PM]: Connection[id: 72f257bc-17db-40a8-9f10-1f7916af90e5] additional details: passcode in password is provided, passcode is not provided, private key is not provided, application: undefined, client name: snowflake-sdk, client version: 2.4.0, retry timeout: 300, private key path: undefined, private key pass is not provided, client store temporary credential: false, browser response timeout: 120000"}
{"level":"INFO","message":"[3:37:22.016 PM]: Connection[id: 72f257bc-17db-40a8-9f10-1f7916af90e5] - connection object created successfully."}
{"level":"INFO","message":"[3:37:22.016 PM]: Connection[id: 72f257bc-17db-40a8-9f10-1f7916af90e5] - async connecting. Associated Snowflake domain: GLOBAL"}
{"level":"INFO","message":"[3:37:22.017 PM]: Trying to initialize Easy Logging"}
{"level":"INFO","message":"[3:37:22.064 PM]: No client config detected."}
{"level":"INFO","message":"[3:37:22.065 PM]: No config file path found. Client config will not be used."}
{"level":"INFO","message":"[3:37:22.065 PM]: Easy Logging is disabled as no config has been found"}
{"level":"INFO","message":"[3:37:22.065 PM]: Connection[id: 72f257bc-17db-40a8-9f10-1f7916af90e5] - authentication successful using: SNOWFLAKE"}
{"level":"INFO","message":"[3:37:22.911 PM]: Connection[id: 72f257bc-17db-40a8-9f10-1f7916af90e5] - connection established successfully after 894.07 milliseconds"}
{"level":"INFO","message":"[3:39:51.790 PM]: Creating new connection object"}
{"level":"INFO","message":"[3:39:51.793 PM]: Creating Connection[id: 8d511e7a-39fe-46c2-8aef-b6664a3b84d2] with host: fya14544.snowflakecomputing.com, account: fya14544, accessUrl: https://fya14544.snowflakecomputing.com, user: EPIC_DEV, role: EPIC_DEV_ROLE, database: TEST_DEVELOPMENT_ENVIROMENT, schema: DEV_SCHEMA, warehouse: , proxy was not configured, password is provided, region: undefined, authenticator: SNOWFLAKE, ocsp mode: FAIL_OPEN, os: darwin, os version: 25.4.0"}
{"level":"INFO","message":"[3:39:51.793 PM]: Connection[id: 8d511e7a-39fe-46c2-8aef-b6664a3b84d2] additional details: passcode in password is provided, passcode is not provided, private key is not provided, application: undefined, client name: snowflake-sdk, client version: 2.4.0, retry timeout: 300, private key path: undefined, private key pass is not provided, client store temporary credential: false, browser response timeout: 120000"}
{"level":"INFO","message":"[3:39:51.793 PM]: Connection[id: 8d511e7a-39fe-46c2-8aef-b6664a3b84d2] - connection object created successfully."}
{"level":"INFO","message":"[3:39:51.793 PM]: Connection[id: 8d511e7a-39fe-46c2-8aef-b6664a3b84d2] - async connecting. Associated Snowflake domain: GLOBAL"}
{"level":"INFO","message":"[3:39:51.793 PM]: Trying to initialize Easy Logging"}
{"level":"INFO","message":"[3:39:51.808 PM]: No client config detected."}
{"level":"INFO","message":"[3:39:51.808 PM]: No config file path found. Client config will not be used."}
{"level":"INFO","message":"[3:39:51.808 PM]: Easy Logging is disabled as no config has been found"}
{"level":"INFO","message":"[3:39:51.808 PM]: Connection[id: 8d511e7a-39fe-46c2-8aef-b6664a3b84d2] - authentication successful using: SNOWFLAKE"}
{"level":"INFO","message":"[3:39:52.391 PM]: Connection[id: 8d511e7a-39fe-46c2-8aef-b6664a3b84d2] - connection established successfully after 597.13 milliseconds"}
{"level":"INFO","message":"[1:46:27.273 PM]: Creating new connection object"}
{"level":"INFO","message":"[1:46:27.278 PM]: Creating Connection[id: 10ae5c5b-561c-4748-a371-85e21ae07230] with host: fya14544.snowflakecomputing.com, account: fya14544, accessUrl: https://fya14544.snowflakecomputing.com, user: EPIC_DEV, role: EPIC_DEV_ROLE, database: TEST_DEVELOPMENT_ENVIROMENT, schema: DEV_SCHEMA, warehouse: , proxy was not configured, password is provided, region: undefined, authenticator: SNOWFLAKE, ocsp mode: FAIL_OPEN, os: darwin, os version: 25.4.0"}
{"level":"INFO","message":"[1:46:27.278 PM]: Connection[id: 10ae5c5b-561c-4748-a371-85e21ae07230] additional details: passcode in password is provided, passcode is not provided, private key is not provided, application: undefined, client name: snowflake-sdk, client version: 2.4.0, retry timeout: 300, private key path: undefined, private key pass is not provided, client store temporary credential: false, browser response timeout: 120000"}
{"level":"INFO","message":"[1:46:27.279 PM]: Connection[id: 10ae5c5b-561c-4748-a371-85e21ae07230] - connection object created successfully."}
{"level":"INFO","message":"[1:46:27.279 PM]: Connection[id: 10ae5c5b-561c-4748-a371-85e21ae07230] - async connecting. Associated Snowflake domain: GLOBAL"}
{"level":"INFO","message":"[1:46:27.279 PM]: Trying to initialize Easy Logging"}
{"level":"INFO","message":"[1:46:27.297 PM]: No client config detected."}
{"level":"INFO","message":"[1:46:27.297 PM]: No config file path found. Client config will not be used."}
{"level":"INFO","message":"[1:46:27.297 PM]: Easy Logging is disabled as no config has been found"}
{"level":"INFO","message":"[1:46:27.297 PM]: Connection[id: 10ae5c5b-561c-4748-a371-85e21ae07230] - authentication successful using: SNOWFLAKE"}
{"level":"INFO","message":"[1:46:28.551 PM]: Connection[id: 10ae5c5b-561c-4748-a371-85e21ae07230] - connection established successfully after 1272.67 milliseconds"}
{"level":"INFO","message":"[3:05:54.522 PM]: Creating new connection object"}
{"level":"INFO","message":"[3:05:54.523 PM]: Creating Connection[id: 48487247-1857-447b-a935-6dc7ea94138b] with host: fya14544.snowflakecomputing.com, account: fya14544, accessUrl: https://fya14544.snowflakecomputing.com, user: EPIC_DEV, role: EPIC_DEV_ROLE, database: TEST_DEVELOPMENT_ENVIROMENT, schema: DEV_SCHEMA, warehouse: , proxy was not configured, password is provided, region: undefined, authenticator: SNOWFLAKE, ocsp mode: FAIL_OPEN, os: darwin, os version: 25.4.0"}
{"level":"INFO","message":"[3:05:54.523 PM]: Connection[id: 48487247-1857-447b-a935-6dc7ea94138b] additional details: passcode in password is provided, passcode is not provided, private key is not provided, application: undefined, client name: snowflake-sdk, client version: 2.4.0, retry timeout: 300, private key path: undefined, private key pass is not provided, client store temporary credential: false, browser response timeout: 120000"}
{"level":"INFO","message":"[3:05:54.523 PM]: Connection[id: 48487247-1857-447b-a935-6dc7ea94138b] - connection object created successfully."}
{"level":"INFO","message":"[3:05:54.523 PM]: Connection[id: 48487247-1857-447b-a935-6dc7ea94138b] - async connecting. Associated Snowflake domain: GLOBAL"}
{"level":"INFO","message":"[3:05:54.523 PM]: Trying to initialize Easy Logging"}
{"level":"INFO","message":"[3:05:54.553 PM]: No client config detected."}
{"level":"INFO","message":"[3:05:54.554 PM]: No config file path found. Client config will not be used."}
{"level":"INFO","message":"[3:05:54.554 PM]: Easy Logging is disabled as no config has been found"}
{"level":"INFO","message":"[3:05:54.554 PM]: Connection[id: 48487247-1857-447b-a935-6dc7ea94138b] - authentication successful using: SNOWFLAKE"}
{"level":"INFO","message":"[3:05:55.439 PM]: Connection[id: 48487247-1857-447b-a935-6dc7ea94138b] - connection established successfully after 915.89 milliseconds"}
{"level":"INFO","message":"[4:55:32.890 PM]: Creating new connection object"}
{"level":"INFO","message":"[4:55:32.896 PM]: Creating Connection[id: 1e71bf87-6c8e-4c50-9a55-b6193bbd67e4] with host: fya14544.snowflakecomputing.com, account: fya14544, accessUrl: https://fya14544.snowflakecomputing.com, user: EPIC_DEV, role: EPIC_DEV_ROLE, database: TEST_DEVELOPMENT_ENVIROMENT, schema: DEV_SCHEMA, warehouse: , proxy was not configured, password is provided, region: undefined, authenticator: SNOWFLAKE, ocsp mode: FAIL_OPEN, os: darwin, os version: 25.4.0"}
{"level":"INFO","message":"[4:55:32.896 PM]: Connection[id: 1e71bf87-6c8e-4c50-9a55-b6193bbd67e4] additional details: passcode in password is provided, passcode is not provided, private key is not provided, application: undefined, client name: snowflake-sdk, client version: 2.4.0, retry timeout: 300, private key path: undefined, private key pass is not provided, client store temporary credential: false, browser response timeout: 120000"}
{"level":"INFO","message":"[4:55:32.896 PM]: Connection[id: 1e71bf87-6c8e-4c50-9a55-b6193bbd67e4] - connection object created successfully."}
{"level":"INFO","message":"[4:55:32.896 PM]: Connection[id: 1e71bf87-6c8e-4c50-9a55-b6193bbd67e4] - async connecting. Associated Snowflake domain: GLOBAL"}
{"level":"INFO","message":"[4:55:32.897 PM]: Trying to initialize Easy Logging"}
{"level":"INFO","message":"[4:55:32.908 PM]: No client config detected."}
{"level":"INFO","message":"[4:55:32.908 PM]: No config file path found. Client config will not be used."}
{"level":"INFO","message":"[4:55:32.908 PM]: Easy Logging is disabled as no config has been found"}
{"level":"INFO","message":"[4:55:32.908 PM]: Connection[id: 1e71bf87-6c8e-4c50-9a55-b6193bbd67e4] - authentication successful using: SNOWFLAKE"}
{"level":"INFO","message":"[4:55:33.690 PM]: Connection[id: 1e71bf87-6c8e-4c50-9a55-b6193bbd67e4] - connection established successfully after 793.09 milliseconds"}
{"level":"INFO","message":"[4:59:35.146 PM]: Creating new connection object"}
{"level":"INFO","message":"[4:59:35.147 PM]: Creating Connection[id: 27279971-5972-4f9d-9ca3-d30f510152e1] with host: fya14544.snowflakecomputing.com, account: fya14544, accessUrl: https://fya14544.snowflakecomputing.com, user: EPIC_DEV, role: EPIC_DEV_ROLE, database: TEST_DEVELOPMENT_ENVIROMENT, schema: DEV_SCHEMA, warehouse: , proxy was not configured, password is provided, region: undefined, authenticator: SNOWFLAKE, ocsp mode: FAIL_OPEN, os: darwin, os version: 25.4.0"}
{"level":"INFO","message":"[4:59:35.147 PM]: Connection[id: 27279971-5972-4f9d-9ca3-d30f510152e1] additional details: passcode in password is provided, passcode is not provided, private key is not provided, application: undefined, client name: snowflake-sdk, client version: 2.4.0, retry timeout: 300, private key path: undefined, private key pass is not provided, client store temporary credential: false, browser response timeout: 120000"}
{"level":"INFO","message":"[4:59:35.147 PM]: Connection[id: 27279971-5972-4f9d-9ca3-d30f510152e1] - connection object created successfully."}
{"level":"INFO","message":"[4:59:35.147 PM]: Connection[id: 27279971-5972-4f9d-9ca3-d30f510152e1] - async connecting. Associated Snowflake domain: GLOBAL"}
{"level":"INFO","message":"[4:59:35.147 PM]: Trying to initialize Easy Logging"}
{"level":"INFO","message":"[4:59:35.149 PM]: No client config detected."}
{"level":"INFO","message":"[4:59:35.149 PM]: No config file path found. Client config will not be used."}
{"level":"INFO","message":"[4:59:35.149 PM]: Easy Logging is disabled as no config has been found"}
{"level":"INFO","message":"[4:59:35.150 PM]: Connection[id: 27279971-5972-4f9d-9ca3-d30f510152e1] - authentication successful using: SNOWFLAKE"}
{"level":"INFO","message":"[4:59:35.763 PM]: Connection[id: 27279971-5972-4f9d-9ca3-d30f510152e1] - connection established successfully after 615.19 milliseconds"}
{"level":"INFO","message":"[5:33:30.926 PM]: Creating new connection object"}
{"level":"INFO","message":"[5:33:30.931 PM]: Creating Connection[id: c6b769b4-e151-4159-ac4b-a4038fd7bc0e] with host: fya14544.snowflakecomputing.com, account: fya14544, accessUrl: https://fya14544.snowflakecomputing.com, user: EPIC_DEV, role: EPIC_DEV_ROLE, database: TEST_DEVELOPMENT_ENVIROMENT, schema: DEV_SCHEMA, warehouse: , proxy was not configured, password is provided, region: undefined, authenticator: SNOWFLAKE, ocsp mode: FAIL_OPEN, os: darwin, os version: 25.4.0"}
{"level":"INFO","message":"[5:33:30.932 PM]: Connection[id: c6b769b4-e151-4159-ac4b-a4038fd7bc0e] additional details: passcode in password is provided, passcode is not provided, private key is not provided, application: undefined, client name: snowflake-sdk, client version: 2.4.0, retry timeout: 300, private key path: undefined, private key pass is not provided, client store temporary credential: false, browser response timeout: 120000"}
{"level":"INFO","message":"[5:33:30.932 PM]: Connection[id: c6b769b4-e151-4159-ac4b-a4038fd7bc0e] - connection object created successfully."}
{"level":"INFO","message":"[5:33:30.932 PM]: Connection[id: c6b769b4-e151-4159-ac4b-a4038fd7bc0e] - async connecting. Associated Snowflake domain: GLOBAL"}
{"level":"INFO","message":"[5:33:30.932 PM]: Trying to initialize Easy Logging"}
{"level":"INFO","message":"[5:33:30.998 PM]: No client config detected."}
{"level":"INFO","message":"[5:33:30.999 PM]: No config file path found. Client config will not be used."}
{"level":"INFO","message":"[5:33:30.999 PM]: Easy Logging is disabled as no config has been found"}
{"level":"INFO","message":"[5:33:30.999 PM]: Connection[id: c6b769b4-e151-4159-ac4b-a4038fd7bc0e] - authentication successful using: SNOWFLAKE"}
{"level":"INFO","message":"[5:33:31.665 PM]: Connection[id: c6b769b4-e151-4159-ac4b-a4038fd7bc0e] - connection established successfully after 733.44 milliseconds"}
{"level":"INFO","message":"[8:24:34.391 PM]: Creating new connection object"}
{"level":"INFO","message":"[8:24:34.395 PM]: Creating Connection[id: fe7d1509-2cf4-484a-a791-778d65c8f37a] with host: fya14544.snowflakecomputing.com, account: fya14544, accessUrl: https://fya14544.snowflakecomputing.com, user: EPIC_DEV, role: EPIC_DEV_ROLE, database: TEST_DEVELOPMENT_ENVIROMENT, schema: DEV_SCHEMA, warehouse: , proxy was not configured, password is provided, region: undefined, authenticator: SNOWFLAKE, ocsp mode: FAIL_OPEN, os: darwin, os version: 25.4.0"}
{"level":"INFO","message":"[8:24:34.395 PM]: Connection[id: fe7d1509-2cf4-484a-a791-778d65c8f37a] additional details: passcode in password is provided, passcode is not provided, private key is not provided, application: undefined, client name: snowflake-sdk, client version: 2.4.0, retry timeout: 300, private key path: undefined, private key pass is not provided, client store temporary credential: false, browser response timeout: 120000"}
{"level":"INFO","message":"[8:24:34.396 PM]: Connection[id: fe7d1509-2cf4-484a-a791-778d65c8f37a] - connection object created successfully."}
{"level":"INFO","message":"[8:24:34.396 PM]: Connection[id: fe7d1509-2cf4-484a-a791-778d65c8f37a] - async connecting. Associated Snowflake domain: GLOBAL"}
{"level":"INFO","message":"[8:24:34.396 PM]: Trying to initialize Easy Logging"}
{"level":"INFO","message":"[8:24:34.398 PM]: No client config detected."}
{"level":"INFO","message":"[8:24:34.398 PM]: No config file path found. Client config will not be used."}
{"level":"INFO","message":"[8:24:34.398 PM]: Easy Logging is disabled as no config has been found"}
{"level":"INFO","message":"[8:24:34.398 PM]: Connection[id: fe7d1509-2cf4-484a-a791-778d65c8f37a] - authentication successful using: SNOWFLAKE"}
{"level":"INFO","message":"[8:24:35.454 PM]: Connection[id: fe7d1509-2cf4-484a-a791-778d65c8f37a] - connection established successfully after 1058.14 milliseconds"}
{"level":"INFO","message":"[8:27:08.075 PM]: Creating new connection object"}
{"level":"INFO","message":"[8:27:08.080 PM]: Creating Connection[id: d7bda27b-1ba4-450e-9cd1-b82405b5a7ab] with host: fya14544.snowflakecomputing.com, account: fya14544, accessUrl: https://fya14544.snowflakecomputing.com, user: EPIC_DEV, role: EPIC_DEV_ROLE, database: TEST_DEVELOPMENT_ENVIROMENT, schema: DEV_SCHEMA, warehouse: , proxy was not configured, password is provided, region: undefined, authenticator: SNOWFLAKE, ocsp mode: FAIL_OPEN, os: darwin, os version: 25.4.0"}
{"level":"INFO","message":"[8:27:08.081 PM]: Connection[id: d7bda27b-1ba4-450e-9cd1-b82405b5a7ab] additional details: passcode in password is provided, passcode is not provided, private key is not provided, application: undefined, client name: snowflake-sdk, client version: 2.4.0, retry timeout: 300, private key path: undefined, private key pass is not provided, client store temporary credential: false, browser response timeout: 120000"}
{"level":"INFO","message":"[8:27:08.081 PM]: Connection[id: d7bda27b-1ba4-450e-9cd1-b82405b5a7ab] - connection object created successfully."}
{"level":"INFO","message":"[8:27:08.081 PM]: Connection[id: d7bda27b-1ba4-450e-9cd1-b82405b5a7ab] - async connecting. Associated Snowflake domain: GLOBAL"}
{"level":"INFO","message":"[8:27:08.081 PM]: Trying to initialize Easy Logging"}
{"level":"INFO","message":"[8:27:08.175 PM]: No client config detected."}
{"level":"INFO","message":"[8:27:08.175 PM]: No config file path found. Client config will not be used."}
{"level":"INFO","message":"[8:27:08.175 PM]: Easy Logging is disabled as no config has been found"}
{"level":"INFO","message":"[8:27:08.175 PM]: Connection[id: d7bda27b-1ba4-450e-9cd1-b82405b5a7ab] - authentication successful using: SNOWFLAKE"}
{"level":"INFO","message":"[8:27:09.224 PM]: Connection[id: d7bda27b-1ba4-450e-9cd1-b82405b5a7ab] - connection established successfully after 1142.91 milliseconds"}
{"level":"INFO","message":"[9:45:53.949 PM]: Creating new connection object"}
{"level":"INFO","message":"[9:45:53.955 PM]: Creating Connection[id: a8a15d4f-198d-4c11-88ee-33b52e057f31] with host: fya14544.snowflakecomputing.com, account: fya14544, accessUrl: https://fya14544.snowflakecomputing.com, user: EPIC_DEV, role: EPIC_DEV_ROLE, database: TEST_DEVELOPMENT_ENVIROMENT, schema: DEV_SCHEMA, warehouse: , proxy was not configured, password is provided, region: undefined, authenticator: SNOWFLAKE, ocsp mode: FAIL_OPEN, os: darwin, os version: 25.4.0"}
{"level":"INFO","message":"[9:45:53.955 PM]: Connection[id: a8a15d4f-198d-4c11-88ee-33b52e057f31] additional details: passcode in password is provided, passcode is not provided, private key is not provided, application: undefined, client name: snowflake-sdk, client version: 2.4.0, retry timeout: 300, private key path: undefined, private key pass is not provided, client store temporary credential: false, browser response timeout: 120000"}
{"level":"INFO","message":"[9:45:53.955 PM]: Connection[id: a8a15d4f-198d-4c11-88ee-33b52e057f31] - connection object created successfully."}
{"level":"INFO","message":"[9:45:53.955 PM]: Connection[id: a8a15d4f-198d-4c11-88ee-33b52e057f31] - async connecting. Associated Snowflake domain: GLOBAL"}
{"level":"INFO","message":"[9:45:53.955 PM]: Trying to initialize Easy Logging"}
{"level":"INFO","message":"[9:45:53.964 PM]: No client config detected."}
{"level":"INFO","message":"[9:45:53.965 PM]: No config file path found. Client config will not be used."}
{"level":"INFO","message":"[9:45:53.965 PM]: Easy Logging is disabled as no config has been found"}
{"level":"INFO","message":"[9:45:53.965 PM]: Connection[id: a8a15d4f-198d-4c11-88ee-33b52e057f31] - authentication successful using: SNOWFLAKE"}
{"level":"INFO","message":"[9:45:54.678 PM]: Connection[id: a8a15d4f-198d-4c11-88ee-33b52e057f31] - connection established successfully after 722.15 milliseconds"}
{"level":"INFO","message":"[9:46:36.974 PM]: Creating new connection object"}
{"level":"INFO","message":"[9:46:36.979 PM]: Creating Connection[id: 6f71f7ab-3ad1-427f-b1fc-71f2c478f9fa] with host: fya14544.snowflakecomputing.com, account: fya14544, accessUrl: https://fya14544.snowflakecomputing.com, user: EPIC_DEV, role: EPIC_DEV_ROLE, database: TEST_DEVELOPMENT_ENVIROMENT, schema: DEV_SCHEMA, warehouse: , proxy was not configured, password is provided, region: undefined, authenticator: SNOWFLAKE, ocsp mode: FAIL_OPEN, os: darwin, os version: 25.4.0"}
{"level":"INFO","message":"[9:46:36.979 PM]: Connection[id: 6f71f7ab-3ad1-427f-b1fc-71f2c478f9fa] additional details: passcode in password is provided, passcode is not provided, private key is not provided, application: undefined, client name: snowflake-sdk, client version: 2.4.0, retry timeout: 300, private key path: undefined, private key pass is not provided, client store temporary credential: false, browser response timeout: 120000"}
{"level":"INFO","message":"[9:46:36.979 PM]: Connection[id: 6f71f7ab-3ad1-427f-b1fc-71f2c478f9fa] - connection object created successfully."}
{"level":"INFO","message":"[9:46:36.979 PM]: Connection[id: 6f71f7ab-3ad1-427f-b1fc-71f2c478f9fa] - async connecting. Associated Snowflake domain: GLOBAL"}
{"level":"INFO","message":"[9:46:36.980 PM]: Trying to initialize Easy Logging"}
{"level":"INFO","message":"[9:46:36.981 PM]: No client config detected."}
{"level":"INFO","message":"[9:46:36.981 PM]: No config file path found. Client config will not be used."}
{"level":"INFO","message":"[9:46:36.981 PM]: Easy Logging is disabled as no config has been found"}
{"level":"INFO","message":"[9:46:36.982 PM]: Connection[id: 6f71f7ab-3ad1-427f-b1fc-71f2c478f9fa] - authentication successful using: SNOWFLAKE"}
{"level":"INFO","message":"[9:46:37.605 PM]: Connection[id: 6f71f7ab-3ad1-427f-b1fc-71f2c478f9fa] - connection established successfully after 625.28 milliseconds"}
{"level":"INFO","message":"[10:00:17.345 PM]: Creating new connection object"}
{"level":"INFO","message":"[10:00:17.351 PM]: Creating Connection[id: f509ef65-a32f-43ae-afd0-c1ad3651294c] with host: fya14544.snowflakecomputing.com, account: fya14544, accessUrl: https://fya14544.snowflakecomputing.com, user: EPIC_DEV, role: EPIC_DEV_ROLE, database: TEST_DEVELOPMENT_ENVIROMENT, schema: DEV_SCHEMA, warehouse: , proxy was not configured, password is provided, region: undefined, authenticator: SNOWFLAKE, ocsp mode: FAIL_OPEN, os: darwin, os version: 25.4.0"}
{"level":"INFO","message":"[10:00:17.351 PM]: Connection[id: f509ef65-a32f-43ae-afd0-c1ad3651294c] additional details: passcode in password is provided, passcode is not provided, private key is not provided, application: undefined, client name: snowflake-sdk, client version: 2.4.0, retry timeout: 300, private key path: undefined, private key pass is not provided, client store temporary credential: false, browser response timeout: 120000"}
{"level":"INFO","message":"[10:00:17.351 PM]: Connection[id: f509ef65-a32f-43ae-afd0-c1ad3651294c] - connection object created successfully."}
{"level":"INFO","message":"[10:00:17.351 PM]: Connection[id: f509ef65-a32f-43ae-afd0-c1ad3651294c] - async connecting. Associated Snowflake domain: GLOBAL"}
{"level":"INFO","message":"[10:00:17.351 PM]: Trying to initialize Easy Logging"}
{"level":"INFO","message":"[10:00:17.355 PM]: No client config detected."}
{"level":"INFO","message":"[10:00:17.355 PM]: No config file path found. Client config will not be used."}
{"level":"INFO","message":"[10:00:17.355 PM]: Easy Logging is disabled as no config has been found"}
{"level":"INFO","message":"[10:00:17.355 PM]: Connection[id: f509ef65-a32f-43ae-afd0-c1ad3651294c] - authentication successful using: SNOWFLAKE"}
{"level":"INFO","message":"[10:00:18.638 PM]: Connection[id: f509ef65-a32f-43ae-afd0-c1ad3651294c] - connection established successfully after 1286.81 milliseconds"}
{"level":"INFO","message":"[10:01:07.325 PM]: Creating new connection object"}
{"level":"INFO","message":"[10:01:07.331 PM]: Creating Connection[id: 2b281d38-c249-4f48-9ccc-b97ba50f58f7] with host: fya14544.snowflakecomputing.com, account: fya14544, accessUrl: https://fya14544.snowflakecomputing.com, user: EPIC_DEV, role: EPIC_DEV_ROLE, database: TEST_DEVELOPMENT_ENVIROMENT, schema: DEV_SCHEMA, warehouse: , proxy was not configured, password is provided, region: undefined, authenticator: SNOWFLAKE, ocsp mode: FAIL_OPEN, os: darwin, os version: 25.4.0"}
{"level":"INFO","message":"[10:01:07.331 PM]: Connection[id: 2b281d38-c249-4f48-9ccc-b97ba50f58f7] additional details: passcode in password is provided, passcode is not provided, private key is not provided, application: undefined, client name: snowflake-sdk, client version: 2.4.0, retry timeout: 300, private key path: undefined, private key pass is not provided, client store temporary credential: false, browser response timeout: 120000"}
{"level":"INFO","message":"[10:01:07.331 PM]: Connection[id: 2b281d38-c249-4f48-9ccc-b97ba50f58f7] - connection object created successfully."}
{"level":"INFO","message":"[10:01:07.332 PM]: Connection[id: 2b281d38-c249-4f48-9ccc-b97ba50f58f7] - async connecting. Associated Snowflake domain: GLOBAL"}
{"level":"INFO","message":"[10:01:07.332 PM]: Trying to initialize Easy Logging"}
{"level":"INFO","message":"[10:01:07.336 PM]: No client config detected."}
{"level":"INFO","message":"[10:01:07.337 PM]: No config file path found. Client config will not be used."}
{"level":"INFO","message":"[10:01:07.337 PM]: Easy Logging is disabled as no config has been found"}
{"level":"INFO","message":"[10:01:07.337 PM]: Connection[id: 2b281d38-c249-4f48-9ccc-b97ba50f58f7] - authentication successful using: SNOWFLAKE"}
{"level":"INFO","message":"[10:01:08.044 PM]: Connection[id: 2b281d38-c249-4f48-9ccc-b97ba50f58f7] - connection established successfully after 712.86 milliseconds"}
{"level":"INFO","message":"[10:15:10.395 PM]: Creating new connection object"}
{"level":"INFO","message":"[10:15:10.400 PM]: Creating Connection[id: 4b1fd675-b870-4e03-880a-e7a40d59cba5] with host: fya14544.snowflakecomputing.com, account: fya14544, accessUrl: https://fya14544.snowflakecomputing.com, user: EPIC_DEV, role: EPIC_DEV_ROLE, database: TEST_DEVELOPMENT_ENVIROMENT, schema: DEV_SCHEMA, warehouse: , proxy was not configured, password is provided, region: undefined, authenticator: SNOWFLAKE, ocsp mode: FAIL_OPEN, os: darwin, os version: 25.4.0"}
{"level":"INFO","message":"[10:15:10.401 PM]: Connection[id: 4b1fd675-b870-4e03-880a-e7a40d59cba5] additional details: passcode in password is provided, passcode is not provided, private key is not provided, application: undefined, client name: snowflake-sdk, client version: 2.4.0, retry timeout: 300, private key path: undefined, private key pass is not provided, client store temporary credential: false, browser response timeout: 120000"}
{"level":"INFO","message":"[10:15:10.401 PM]: Connection[id: 4b1fd675-b870-4e03-880a-e7a40d59cba5] - connection object created successfully."}
{"level":"INFO","message":"[10:15:10.401 PM]: Connection[id: 4b1fd675-b870-4e03-880a-e7a40d59cba5] - async connecting. Associated Snowflake domain: GLOBAL"}
{"level":"INFO","message":"[10:15:10.401 PM]: Trying to initialize Easy Logging"}
{"level":"INFO","message":"[10:15:10.402 PM]: No client config detected."}
{"level":"INFO","message":"[10:15:10.402 PM]: No config file path found. Client config will not be used."}
{"level":"INFO","message":"[10:15:10.402 PM]: Easy Logging is disabled as no config has been found"}
{"level":"INFO","message":"[10:15:10.402 PM]: Connection[id: 4b1fd675-b870-4e03-880a-e7a40d59cba5] - authentication successful using: SNOWFLAKE"}
{"level":"INFO","message":"[10:15:11.363 PM]: Connection[id: 4b1fd675-b870-4e03-880a-e7a40d59cba5] - connection established successfully after 962.39 milliseconds"}
{"level":"INFO","message":"[11:04:42.784 AM]: Creating new connection object"}
{"level":"INFO","message":"[11:04:42.789 AM]: Creating Connection[id: 20eb1813-a2a0-473f-aa83-c8759dfa2bd7] with host: fya14544.snowflakecomputing.com, account: fya14544, accessUrl: https://fya14544.snowflakecomputing.com, user: EPIC_DEV, role: EPIC_DEV_ROLE, database: TEST_DEVELOPMENT_ENVIROMENT, schema: DEV_SCHEMA, warehouse: , proxy was not configured, password is provided, region: undefined, authenticator: SNOWFLAKE, ocsp mode: FAIL_OPEN, os: darwin, os version: 25.4.0"}
{"level":"INFO","message":"[11:04:42.790 AM]: Connection[id: 20eb1813-a2a0-473f-aa83-c8759dfa2bd7] additional details: passcode in password is provided, passcode is not provided, private key is not provided, application: undefined, client name: snowflake-sdk, client version: 2.4.0, retry timeout: 300, private key path: undefined, private key pass is not provided, client store temporary credential: false, browser response timeout: 120000"}
{"level":"INFO","message":"[11:04:42.790 AM]: Connection[id: 20eb1813-a2a0-473f-aa83-c8759dfa2bd7] - connection object created successfully."}
{"level":"INFO","message":"[11:04:42.801 AM]: Connection[id: 20eb1813-a2a0-473f-aa83-c8759dfa2bd7] - async connecting. Associated Snowflake domain: GLOBAL"}
{"level":"INFO","message":"[11:04:42.801 AM]: Trying to initialize Easy Logging"}
{"level":"INFO","message":"[11:04:42.808 AM]: No client config detected."}
{"level":"INFO","message":"[11:04:42.809 AM]: No config file path found. Client config will not be used."}
{"level":"INFO","message":"[11:04:42.809 AM]: Easy Logging is disabled as no config has been found"}
{"level":"INFO","message":"[11:04:42.809 AM]: Connection[id: 20eb1813-a2a0-473f-aa83-c8759dfa2bd7] - authentication successful using: SNOWFLAKE"}
{"level":"INFO","message":"[11:04:43.755 AM]: Connection[id: 20eb1813-a2a0-473f-aa83-c8759dfa2bd7] - connection established successfully after 954.79 milliseconds"}
{"level":"INFO","message":"[11:18:35.275 AM]: Creating new connection object"}
{"level":"INFO","message":"[11:18:35.280 AM]: Creating Connection[id: 927671b5-5429-4c01-b41c-052ac6551945] with host: fya14544.snowflakecomputing.com, account: fya14544, accessUrl: https://fya14544.snowflakecomputing.com, user: EPIC_DEV, role: EPIC_DEV_ROLE, database: TEST_DEVELOPMENT_ENVIROMENT, schema: DEV_SCHEMA, warehouse: , proxy was not configured, password is provided, region: undefined, authenticator: SNOWFLAKE, ocsp mode: FAIL_OPEN, os: darwin, os version: 25.4.0"}
{"level":"INFO","message":"[11:18:35.280 AM]: Connection[id: 927671b5-5429-4c01-b41c-052ac6551945] additional details: passcode in password is provided, passcode is not provided, private key is not provided, application: undefined, client name: snowflake-sdk, client version: 2.4.0, retry timeout: 300, private key path: undefined, private key pass is not provided, client store temporary credential: false, browser response timeout: 120000"}
{"level":"INFO","message":"[11:18:35.281 AM]: Connection[id: 927671b5-5429-4c01-b41c-052ac6551945] - connection object created successfully."}
{"level":"INFO","message":"[11:18:35.281 AM]: Connection[id: 927671b5-5429-4c01-b41c-052ac6551945] - async connecting. Associated Snowflake domain: GLOBAL"}
{"level":"INFO","message":"[11:18:35.281 AM]: Trying to initialize Easy Logging"}
{"level":"INFO","message":"[11:18:35.288 AM]: No client config detected."}
{"level":"INFO","message":"[11:18:35.288 AM]: No config file path found. Client config will not be used."}
{"level":"INFO","message":"[11:18:35.288 AM]: Easy Logging is disabled as no config has been found"}
{"level":"INFO","message":"[11:18:35.288 AM]: Connection[id: 927671b5-5429-4c01-b41c-052ac6551945] - authentication successful using: SNOWFLAKE"}
{"level":"INFO","message":"[11:18:36.008 AM]: Connection[id: 927671b5-5429-4c01-b41c-052ac6551945] - connection established successfully after 726.91 milliseconds"}
{"level":"INFO","message":"[3:38:15.076 PM]: Creating new connection object"}
{"level":"INFO","message":"[3:38:15.081 PM]: Creating Connection[id: b6649e3d-7142-4392-a9ba-070e2787b28f] with host: fya14544.snowflakecomputing.com, account: fya14544, accessUrl: https://fya14544.snowflakecomputing.com, user: EPIC_DEV, role: EPIC_DEV_ROLE, database: TEST_DEVELOPMENT_ENVIROMENT, schema: DEV_SCHEMA, warehouse: , proxy was not configured, password is provided, region: undefined, authenticator: SNOWFLAKE, ocsp mode: FAIL_OPEN, os: darwin, os version: 25.4.0"}
{"level":"INFO","message":"[3:38:15.081 PM]: Connection[id: b6649e3d-7142-4392-a9ba-070e2787b28f] additional details: passcode in password is provided, passcode is not provided, private key is not provided, application: undefined, client name: snowflake-sdk, client version: 2.4.0, retry timeout: 300, private key path: undefined, private key pass is not provided, client store temporary credential: false, browser response timeout: 120000"}
{"level":"INFO","message":"[3:38:15.081 PM]: Connection[id: b6649e3d-7142-4392-a9ba-070e2787b28f] - connection object created successfully."}
{"level":"INFO","message":"[3:38:15.081 PM]: Connection[id: b6649e3d-7142-4392-a9ba-070e2787b28f] - async connecting. Associated Snowflake domain: GLOBAL"}
{"level":"INFO","message":"[3:38:15.081 PM]: Trying to initialize Easy Logging"}
{"level":"INFO","message":"[3:38:15.107 PM]: No client config detected."}
{"level":"INFO","message":"[3:38:15.107 PM]: No config file path found. Client config will not be used."}
{"level":"INFO","message":"[3:38:15.107 PM]: Easy Logging is disabled as no config has been found"}
{"level":"INFO","message":"[3:38:15.107 PM]: Connection[id: b6649e3d-7142-4392-a9ba-070e2787b28f] - authentication successful using: SNOWFLAKE"}
{"level":"INFO","message":"[3:38:15.729 PM]: Connection[id: b6649e3d-7142-4392-a9ba-070e2787b28f] - connection established successfully after 648.2 milliseconds"}
{"level":"INFO","message":"[3:51:33.521 PM]: Creating new connection object"}
{"level":"INFO","message":"[3:51:33.526 PM]: Creating Connection[id: cf76a06a-0e79-478c-a8bd-e7b459198dd5] with host: fya14544.snowflakecomputing.com, account: fya14544, accessUrl: https://fya14544.snowflakecomputing.com, user: EPIC_DEV, role: EPIC_DEV_ROLE, database: TEST_DEVELOPMENT_ENVIROMENT, schema: DEV_SCHEMA, warehouse: , proxy was not configured, password is provided, region: undefined, authenticator: SNOWFLAKE, ocsp mode: FAIL_OPEN, os: darwin, os version: 25.4.0"}
{"level":"INFO","message":"[3:51:33.526 PM]: Connection[id: cf76a06a-0e79-478c-a8bd-e7b459198dd5] additional details: passcode in password is provided, passcode is not provided, private key is not provided, application: undefined, client name: snowflake-sdk, client version: 2.4.0, retry timeout: 300, private key path: undefined, private key pass is not provided, client store temporary credential: false, browser response timeout: 120000"}
{"level":"INFO","message":"[3:51:33.526 PM]: Connection[id: cf76a06a-0e79-478c-a8bd-e7b459198dd5] - connection object created successfully."}
{"level":"INFO","message":"[3:51:33.526 PM]: Connection[id: cf76a06a-0e79-478c-a8bd-e7b459198dd5] - async connecting. Associated Snowflake domain: GLOBAL"}
{"level":"INFO","message":"[3:51:33.526 PM]: Trying to initialize Easy Logging"}
{"level":"INFO","message":"[3:51:33.542 PM]: No client config detected."}
{"level":"INFO","message":"[3:51:33.542 PM]: No config file path found. Client config will not be used."}
{"level":"INFO","message":"[3:51:33.543 PM]: Easy Logging is disabled as no config has been found"}
{"level":"INFO","message":"[3:51:33.543 PM]: Connection[id: cf76a06a-0e79-478c-a8bd-e7b459198dd5] - authentication successful using: SNOWFLAKE"}
{"level":"INFO","message":"[3:51:34.229 PM]: Connection[id: cf76a06a-0e79-478c-a8bd-e7b459198dd5] - connection established successfully after 703.1 milliseconds"}
{"level":"INFO","message":"[3:56:14.241 PM]: Creating new connection object"}
{"level":"INFO","message":"[3:56:14.247 PM]: Creating Connection[id: 6e6cae9b-a4ca-4cdb-936d-442ec502f882] with host: fya14544.snowflakecomputing.com, account: fya14544, accessUrl: https://fya14544.snowflakecomputing.com, user: EPIC_DEV, role: EPIC_DEV_ROLE, database: TEST_DEVELOPMENT_ENVIROMENT, schema: DEV_SCHEMA, warehouse: , proxy was not configured, password is provided, region: undefined, authenticator: SNOWFLAKE, ocsp mode: FAIL_OPEN, os: darwin, os version: 25.4.0"}
{"level":"INFO","message":"[3:56:14.247 PM]: Connection[id: 6e6cae9b-a4ca-4cdb-936d-442ec502f882] additional details: passcode in password is provided, passcode is not provided, private key is not provided, application: undefined, client name: snowflake-sdk, client version: 2.4.0, retry timeout: 300, private key path: undefined, private key pass is not provided, client store temporary credential: false, browser response timeout: 120000"}
{"level":"INFO","message":"[3:56:14.247 PM]: Connection[id: 6e6cae9b-a4ca-4cdb-936d-442ec502f882] - connection object created successfully."}
{"level":"INFO","message":"[3:56:14.261 PM]: Connection[id: 6e6cae9b-a4ca-4cdb-936d-442ec502f882] - async connecting. Associated Snowflake domain: GLOBAL"}
{"level":"INFO","message":"[3:56:14.262 PM]: Trying to initialize Easy Logging"}
{"level":"INFO","message":"[3:56:14.264 PM]: No client config detected."}
{"level":"INFO","message":"[3:56:14.265 PM]: No config file path found. Client config will not be used."}
{"level":"INFO","message":"[3:56:14.265 PM]: Easy Logging is disabled as no config has been found"}
{"level":"INFO","message":"[3:56:14.265 PM]: Connection[id: 6e6cae9b-a4ca-4cdb-936d-442ec502f882] - authentication successful using: SNOWFLAKE"}
{"level":"INFO","message":"[3:56:15.085 PM]: Connection[id: 6e6cae9b-a4ca-4cdb-936d-442ec502f882] - connection established successfully after 823.65 milliseconds"}
{"level":"INFO","message":"[3:58:08.571 PM]: Creating new connection object"}
{"level":"INFO","message":"[3:58:08.575 PM]: Creating Connection[id: cc7640c7-92ce-4502-bce8-b50e18157efe] with host: fya14544.snowflakecomputing.com, account: fya14544, accessUrl: https://fya14544.snowflakecomputing.com, user: EPIC_DEV, role: EPIC_DEV_ROLE, database: TEST_DEVELOPMENT_ENVIROMENT, schema: DEV_SCHEMA, warehouse: , proxy was not configured, password is provided, region: undefined, authenticator: SNOWFLAKE, ocsp mode: FAIL_OPEN, os: darwin, os version: 25.4.0"}
{"level":"INFO","message":"[3:58:08.575 PM]: Connection[id: cc7640c7-92ce-4502-bce8-b50e18157efe] additional details: passcode in password is provided, passcode is not provided, private key is not provided, application: undefined, client name: snowflake-sdk, client version: 2.4.0, retry timeout: 300, private key path: undefined, private key pass is not provided, client store temporary credential: false, browser response timeout: 120000"}
{"level":"INFO","message":"[3:58:08.576 PM]: Connection[id: cc7640c7-92ce-4502-bce8-b50e18157efe] - connection object created successfully."}
{"level":"INFO","message":"[3:58:08.576 PM]: Connection[id: cc7640c7-92ce-4502-bce8-b50e18157efe] - async connecting. Associated Snowflake domain: GLOBAL"}
{"level":"INFO","message":"[3:58:08.576 PM]: Trying to initialize Easy Logging"}
{"level":"INFO","message":"[3:58:08.577 PM]: No client config detected."}
{"level":"INFO","message":"[3:58:08.578 PM]: No config file path found. Client config will not be used."}
{"level":"INFO","message":"[3:58:08.578 PM]: Easy Logging is disabled as no config has been found"}
{"level":"INFO","message":"[3:58:08.578 PM]: Connection[id: cc7640c7-92ce-4502-bce8-b50e18157efe] - authentication successful using: SNOWFLAKE"}
{"level":"INFO","message":"[3:58:09.601 PM]: Connection[id: cc7640c7-92ce-4502-bce8-b50e18157efe] - connection established successfully after 1025.19 milliseconds"}
{"level":"INFO","message":"[6:45:37.998 PM]: Creating new connection object"}
{"level":"INFO","message":"[6:45:38.003 PM]: Creating Connection[id: 2940ed41-5159-4d06-ab4b-5dc759ccafa5] with host: fya14544.snowflakecomputing.com, account: fya14544, accessUrl: https://fya14544.snowflakecomputing.com, user: EPIC_DEV, role: EPIC_DEV_ROLE, database: TEST_DEVELOPMENT_ENVIROMENT, schema: DEV_SCHEMA, warehouse: , proxy was not configured, password is provided, region: undefined, authenticator: SNOWFLAKE, ocsp mode: FAIL_OPEN, os: darwin, os version: 25.4.0"}
{"level":"INFO","message":"[6:45:38.003 PM]: Connection[id: 2940ed41-5159-4d06-ab4b-5dc759ccafa5] additional details: passcode in password is provided, passcode is not provided, private key is not provided, application: undefined, client name: snowflake-sdk, client version: 2.4.0, retry timeout: 300, private key path: undefined, private key pass is not provided, client store temporary credential: false, browser response timeout: 120000"}
{"level":"INFO","message":"[6:45:38.003 PM]: Connection[id: 2940ed41-5159-4d06-ab4b-5dc759ccafa5] - connection object created successfully."}
{"level":"INFO","message":"[6:45:38.003 PM]: Connection[id: 2940ed41-5159-4d06-ab4b-5dc759ccafa5] - async connecting. Associated Snowflake domain: GLOBAL"}
{"level":"INFO","message":"[6:45:38.003 PM]: Trying to initialize Easy Logging"}
{"level":"INFO","message":"[6:45:38.009 PM]: No client config detected."}
{"level":"INFO","message":"[6:45:38.009 PM]: No config file path found. Client config will not be used."}
{"level":"INFO","message":"[6:45:38.009 PM]: Easy Logging is disabled as no config has been found"}
{"level":"INFO","message":"[6:45:38.009 PM]: Connection[id: 2940ed41-5159-4d06-ab4b-5dc759ccafa5] - authentication successful using: SNOWFLAKE"}
{"level":"INFO","message":"[6:45:38.750 PM]: Connection[id: 2940ed41-5159-4d06-ab4b-5dc759ccafa5] - connection established successfully after 746.84 milliseconds"}
{"level":"INFO","message":"[6:51:46.135 PM]: Creating new connection object"}
{"level":"INFO","message":"[6:51:46.141 PM]: Creating Connection[id: 1d1c4f66-88bb-4c50-896b-8d3aedeefe19] with host: fya14544.snowflakecomputing.com, account: fya14544, accessUrl: https://fya14544.snowflakecomputing.com, user: EPIC_DEV, role: EPIC_DEV_ROLE, database: TEST_DEVELOPMENT_ENVIROMENT, schema: DEV_SCHEMA, warehouse: , proxy was not configured, password is provided, region: undefined, authenticator: SNOWFLAKE, ocsp mode: FAIL_OPEN, os: darwin, os version: 25.4.0"}
{"level":"INFO","message":"[6:51:46.141 PM]: Connection[id: 1d1c4f66-88bb-4c50-896b-8d3aedeefe19] additional details: passcode in password is provided, passcode is not provided, private key is not provided, application: undefined, client name: snowflake-sdk, client version: 2.4.0, retry timeout: 300, private key path: undefined, private key pass is not provided, client store temporary credential: false, browser response timeout: 120000"}
{"level":"INFO","message":"[6:51:46.141 PM]: Connection[id: 1d1c4f66-88bb-4c50-896b-8d3aedeefe19] - connection object created successfully."}
{"level":"INFO","message":"[6:51:46.141 PM]: Connection[id: 1d1c4f66-88bb-4c50-896b-8d3aedeefe19] - async connecting. Associated Snowflake domain: GLOBAL"}
{"level":"INFO","message":"[6:51:46.141 PM]: Trying to initialize Easy Logging"}
{"level":"INFO","message":"[6:51:46.145 PM]: No client config detected."}
{"level":"INFO","message":"[6:51:46.145 PM]: No config file path found. Client config will not be used."}
{"level":"INFO","message":"[6:51:46.145 PM]: Easy Logging is disabled as no config has been found"}
{"level":"INFO","message":"[6:51:46.145 PM]: Connection[id: 1d1c4f66-88bb-4c50-896b-8d3aedeefe19] - authentication successful using: SNOWFLAKE"}
{"level":"INFO","message":"[6:51:47.091 PM]: Connection[id: 1d1c4f66-88bb-4c50-896b-8d3aedeefe19] - connection established successfully after 949.52 milliseconds"}
{"level":"INFO","message":"[7:07:03.585 PM]: Creating new connection object"}
{"level":"INFO","message":"[7:07:03.590 PM]: Creating Connection[id: 774c010f-c3f1-4007-83c7-0c11779d7bcf] with host: fya14544.snowflakecomputing.com, account: fya14544, accessUrl: https://fya14544.snowflakecomputing.com, user: EPIC_DEV, role: EPIC_DEV_ROLE, database: TEST_DEVELOPMENT_ENVIROMENT, schema: DEV_SCHEMA, warehouse: , proxy was not configured, password is provided, region: undefined, authenticator: SNOWFLAKE, ocsp mode: FAIL_OPEN, os: darwin, os version: 25.4.0"}
{"level":"INFO","message":"[7:07:03.591 PM]: Connection[id: 774c010f-c3f1-4007-83c7-0c11779d7bcf] additional details: passcode in password is provided, passcode is not provided, private key is not provided, application: undefined, client name: snowflake-sdk, client version: 2.4.0, retry timeout: 300, private key path: undefined, private key pass is not provided, client store temporary credential: false, browser response timeout: 120000"}
{"level":"INFO","message":"[7:07:03.591 PM]: Connection[id: 774c010f-c3f1-4007-83c7-0c11779d7bcf] - connection object created successfully."}
{"level":"INFO","message":"[7:07:03.591 PM]: Connection[id: 774c010f-c3f1-4007-83c7-0c11779d7bcf] - async connecting. Associated Snowflake domain: GLOBAL"}
{"level":"INFO","message":"[7:07:03.591 PM]: Trying to initialize Easy Logging"}
{"level":"INFO","message":"[7:07:03.594 PM]: No client config detected."}
{"level":"INFO","message":"[7:07:03.594 PM]: No config file path found. Client config will not be used."}
{"level":"INFO","message":"[7:07:03.594 PM]: Easy Logging is disabled as no config has been found"}
{"level":"INFO","message":"[7:07:03.594 PM]: Connection[id: 774c010f-c3f1-4007-83c7-0c11779d7bcf] - authentication successful using: SNOWFLAKE"}
{"level":"INFO","message":"[7:07:04.786 PM]: Connection[id: 774c010f-c3f1-4007-83c7-0c11779d7bcf] - connection established successfully after 1195.1 milliseconds"}
{"level":"INFO","message":"[8:18:30.475 PM]: Creating new connection object"}
{"level":"INFO","message":"[8:18:30.481 PM]: Creating Connection[id: 064d092f-f38c-4c0b-b366-c33fa6ded6a2] with host: fya14544.snowflakecomputing.com, account: fya14544, accessUrl: https://fya14544.snowflakecomputing.com, user: EPIC_DEV, role: EPIC_DEV_ROLE, database: TEST_DEVELOPMENT_ENVIROMENT, schema: DEV_SCHEMA, warehouse: , proxy was not configured, password is provided, region: undefined, authenticator: SNOWFLAKE, ocsp mode: FAIL_OPEN, os: darwin, os version: 25.4.0"}
{"level":"INFO","message":"[8:18:30.481 PM]: Connection[id: 064d092f-f38c-4c0b-b366-c33fa6ded6a2] additional details: passcode in password is provided, passcode is not provided, private key is not provided, application: undefined, client name: snowflake-sdk, client version: 2.4.0, retry timeout: 300, private key path: undefined, private key pass is not provided, client store temporary credential: false, browser response timeout: 120000"}
{"level":"INFO","message":"[8:18:30.481 PM]: Connection[id: 064d092f-f38c-4c0b-b366-c33fa6ded6a2] - connection object created successfully."}
{"level":"INFO","message":"[8:18:30.481 PM]: Connection[id: 064d092f-f38c-4c0b-b366-c33fa6ded6a2] - async connecting. Associated Snowflake domain: GLOBAL"}
{"level":"INFO","message":"[8:18:30.482 PM]: Trying to initialize Easy Logging"}
{"level":"INFO","message":"[8:18:30.484 PM]: No client config detected."}
{"level":"INFO","message":"[8:18:30.484 PM]: No config file path found. Client config will not be used."}
{"level":"INFO","message":"[8:18:30.484 PM]: Easy Logging is disabled as no config has been found"}
{"level":"INFO","message":"[8:18:30.484 PM]: Connection[id: 064d092f-f38c-4c0b-b366-c33fa6ded6a2] - authentication successful using: SNOWFLAKE"}
{"level":"INFO","message":"[8:18:31.346 PM]: Connection[id: 064d092f-f38c-4c0b-b366-c33fa6ded6a2] - connection established successfully after 864.94 milliseconds"}
{"level":"INFO","message":"[8:51:14.914 PM]: Creating new connection object"}
{"level":"INFO","message":"[8:51:14.919 PM]: Creating Connection[id: e050d673-ec6b-429c-a796-4cc447e11206] with host: fya14544.snowflakecomputing.com, account: fya14544, accessUrl: https://fya14544.snowflakecomputing.com, user: EPIC_DEV, role: EPIC_DEV_ROLE, database: TEST_DEVELOPMENT_ENVIROMENT, schema: DEV_SCHEMA, warehouse: , proxy was not configured, password is provided, region: undefined, authenticator: SNOWFLAKE, ocsp mode: FAIL_OPEN, os: darwin, os version: 25.4.0"}
{"level":"INFO","message":"[8:51:14.919 PM]: Connection[id: e050d673-ec6b-429c-a796-4cc447e11206] additional details: passcode in password is provided, passcode is not provided, private key is not provided, application: undefined, client name: snowflake-sdk, client version: 2.4.0, retry timeout: 300, private key path: undefined, private key pass is not provided, client store temporary credential: false, browser response timeout: 120000"}
{"level":"INFO","message":"[8:51:14.919 PM]: Connection[id: e050d673-ec6b-429c-a796-4cc447e11206] - connection object created successfully."}
{"level":"INFO","message":"[8:51:14.920 PM]: Connection[id: e050d673-ec6b-429c-a796-4cc447e11206] - async connecting. Associated Snowflake domain: GLOBAL"}
{"level":"INFO","message":"[8:51:14.920 PM]: Trying to initialize Easy Logging"}
{"level":"INFO","message":"[8:51:14.923 PM]: No client config detected."}
{"level":"INFO","message":"[8:51:14.923 PM]: No config file path found. Client config will not be used."}
{"level":"INFO","message":"[8:51:14.923 PM]: Easy Logging is disabled as no config has been found"}
{"level":"INFO","message":"[8:51:14.923 PM]: Connection[id: e050d673-ec6b-429c-a796-4cc447e11206] - authentication successful using: SNOWFLAKE"}
{"level":"INFO","message":"[8:51:15.609 PM]: Connection[id: e050d673-ec6b-429c-a796-4cc447e11206] - connection established successfully after 689.28 milliseconds"}
{"level":"INFO","message":"[1:20:48.652 PM]: Creating new connection object"}
{"level":"INFO","message":"[1:20:48.658 PM]: Creating Connection[id: 869eea47-ef80-4366-821a-eb289f148f8b] with host: fya14544.snowflakecomputing.com, account: fya14544, accessUrl: https://fya14544.snowflakecomputing.com, user: EPIC_DEV, role: EPIC_DEV_ROLE, database: TEST_DEVELOPMENT_ENVIROMENT, schema: DEV_SCHEMA, warehouse: , proxy was not configured, password is provided, region: undefined, authenticator: SNOWFLAKE, ocsp mode: FAIL_OPEN, os: darwin, os version: 25.4.0"}
{"level":"INFO","message":"[1:20:48.658 PM]: Connection[id: 869eea47-ef80-4366-821a-eb289f148f8b] additional details: passcode in password is provided, passcode is not provided, private key is not provided, application: undefined, client name: snowflake-sdk, client version: 2.4.0, retry timeout: 300, private key path: undefined, private key pass is not provided, client store temporary credential: false, browser response timeout: 120000"}
{"level":"INFO","message":"[1:20:48.658 PM]: Connection[id: 869eea47-ef80-4366-821a-eb289f148f8b] - connection object created successfully."}
{"level":"INFO","message":"[1:20:48.658 PM]: Connection[id: 869eea47-ef80-4366-821a-eb289f148f8b] - async connecting. Associated Snowflake domain: GLOBAL"}
{"level":"INFO","message":"[1:20:48.658 PM]: Trying to initialize Easy Logging"}
{"level":"INFO","message":"[1:20:48.749 PM]: No client config detected."}
{"level":"INFO","message":"[1:20:48.749 PM]: No config file path found. Client config will not be used."}
{"level":"INFO","message":"[1:20:48.749 PM]: Easy Logging is disabled as no config has been found"}
{"level":"INFO","message":"[1:20:48.749 PM]: Connection[id: 869eea47-ef80-4366-821a-eb289f148f8b] - authentication successful using: SNOWFLAKE"}
{"level":"INFO","message":"[1:20:49.480 PM]: Connection[id: 869eea47-ef80-4366-821a-eb289f148f8b] - connection established successfully after 822.14 milliseconds"}
{"level":"INFO","message":"[1:24:59.603 PM]: Creating new connection object"}
{"level":"INFO","message":"[1:24:59.606 PM]: Creating Connection[id: 441e102d-0a0c-4ee9-a6d0-7ab51552bda3] with host: fya14544.snowflakecomputing.com, account: fya14544, accessUrl: https://fya14544.snowflakecomputing.com, user: EPIC_DEV, role: EPIC_DEV_ROLE, database: TEST_DEVELOPMENT_ENVIROMENT, schema: DEV_SCHEMA, warehouse: , proxy was not configured, password is provided, region: undefined, authenticator: SNOWFLAKE, ocsp mode: FAIL_OPEN, os: darwin, os version: 25.4.0"}
{"level":"INFO","message":"[1:24:59.606 PM]: Connection[id: 441e102d-0a0c-4ee9-a6d0-7ab51552bda3] additional details: passcode in password is provided, passcode is not provided, private key is not provided, application: undefined, client name: snowflake-sdk, client version: 2.4.0, retry timeout: 300, private key path: undefined, private key pass is not provided, client store temporary credential: false, browser response timeout: 120000"}
{"level":"INFO","message":"[1:24:59.606 PM]: Connection[id: 441e102d-0a0c-4ee9-a6d0-7ab51552bda3] - connection object created successfully."}
{"level":"INFO","message":"[1:24:59.607 PM]: Connection[id: 441e102d-0a0c-4ee9-a6d0-7ab51552bda3] - async connecting. Associated Snowflake domain: GLOBAL"}
{"level":"INFO","message":"[1:24:59.607 PM]: Trying to initialize Easy Logging"}
{"level":"INFO","message":"[1:24:59.608 PM]: No client config detected."}
{"level":"INFO","message":"[1:24:59.608 PM]: No config file path found. Client config will not be used."}
{"level":"INFO","message":"[1:24:59.608 PM]: Easy Logging is disabled as no config has been found"}
{"level":"INFO","message":"[1:24:59.608 PM]: Connection[id: 441e102d-0a0c-4ee9-a6d0-7ab51552bda3] - authentication successful using: SNOWFLAKE"}
{"level":"INFO","message":"[1:25:00.266 PM]: Connection[id: 441e102d-0a0c-4ee9-a6d0-7ab51552bda3] - connection established successfully after 658.81 milliseconds"}
{"level":"INFO","message":"[1:45:00.828 PM]: Creating new connection object"}
{"level":"INFO","message":"[1:45:00.834 PM]: Creating Connection[id: ec5885fc-64f5-436c-ae38-0b4755840724] with host: fya14544.snowflakecomputing.com, account: fya14544, accessUrl: https://fya14544.snowflakecomputing.com, user: EPIC_DEV, role: EPIC_DEV_ROLE, database: TEST_DEVELOPMENT_ENVIROMENT, schema: DEV_SCHEMA, warehouse: , proxy was not configured, password is provided, region: undefined, authenticator: SNOWFLAKE, ocsp mode: FAIL_OPEN, os: darwin, os version: 25.4.0"}
{"level":"INFO","message":"[1:45:00.834 PM]: Connection[id: ec5885fc-64f5-436c-ae38-0b4755840724] additional details: passcode in password is provided, passcode is not provided, private key is not provided, application: undefined, client name: snowflake-sdk, client version: 2.4.0, retry timeout: 300, private key path: undefined, private key pass is not provided, client store temporary credential: false, browser response timeout: 120000"}
{"level":"INFO","message":"[1:45:00.834 PM]: Connection[id: ec5885fc-64f5-436c-ae38-0b4755840724] - connection object created successfully."}
{"level":"INFO","message":"[1:45:00.834 PM]: Connection[id: ec5885fc-64f5-436c-ae38-0b4755840724] - async connecting. Associated Snowflake domain: GLOBAL"}
{"level":"INFO","message":"[1:45:00.834 PM]: Trying to initialize Easy Logging"}
{"level":"INFO","message":"[1:45:00.860 PM]: No client config detected."}
{"level":"INFO","message":"[1:45:00.860 PM]: No config file path found. Client config will not be used."}
{"level":"INFO","message":"[1:45:00.860 PM]: Easy Logging is disabled as no config has been found"}
{"level":"INFO","message":"[1:45:00.860 PM]: Connection[id: ec5885fc-64f5-436c-ae38-0b4755840724] - authentication successful using: SNOWFLAKE"}
{"level":"INFO","message":"[1:45:01.696 PM]: Connection[id: ec5885fc-64f5-436c-ae38-0b4755840724] - connection established successfully after 862.11 milliseconds"}
{"level":"INFO","message":"[2:51:02.316 PM]: Creating new connection object"}
{"level":"INFO","message":"[2:51:02.321 PM]: Creating Connection[id: 29606300-0cf3-4c42-b7c2-121c5d317d19] with host: fya14544.snowflakecomputing.com, account: fya14544, accessUrl: https://fya14544.snowflakecomputing.com, user: EPIC_DEV, role: EPIC_DEV_ROLE, database: TEST_DEVELOPMENT_ENVIROMENT, schema: DEV_SCHEMA, warehouse: , proxy was not configured, password is provided, region: undefined, authenticator: SNOWFLAKE, ocsp mode: FAIL_OPEN, os: darwin, os version: 25.4.0"}
{"level":"INFO","message":"[2:51:02.321 PM]: Connection[id: 29606300-0cf3-4c42-b7c2-121c5d317d19] additional details: passcode in password is provided, passcode is not provided, private key is not provided, application: undefined, client name: snowflake-sdk, client version: 2.4.0, retry timeout: 300, private key path: undefined, private key pass is not provided, client store temporary credential: false, browser response timeout: 120000"}
{"level":"INFO","message":"[2:51:02.321 PM]: Connection[id: 29606300-0cf3-4c42-b7c2-121c5d317d19] - connection object created successfully."}
{"level":"INFO","message":"[2:51:02.321 PM]: Connection[id: 29606300-0cf3-4c42-b7c2-121c5d317d19] - async connecting. Associated Snowflake domain: GLOBAL"}
{"level":"INFO","message":"[2:51:02.321 PM]: Trying to initialize Easy Logging"}
{"level":"INFO","message":"[2:51:02.334 PM]: No client config detected."}
{"level":"INFO","message":"[2:51:02.334 PM]: No config file path found. Client config will not be used."}
{"level":"INFO","message":"[2:51:02.334 PM]: Easy Logging is disabled as no config has been found"}
{"level":"INFO","message":"[2:51:02.335 PM]: Connection[id: 29606300-0cf3-4c42-b7c2-121c5d317d19] - authentication successful using: SNOWFLAKE"}
{"level":"INFO","message":"[2:51:03.129 PM]: Connection[id: 29606300-0cf3-4c42-b7c2-121c5d317d19] - connection established successfully after 808.21 milliseconds"}
{"level":"INFO","message":"[6:58:47.504 PM]: Creating new connection object"}
{"level":"INFO","message":"[6:58:47.510 PM]: Creating Connection[id: 43d8d4d2-9ebb-4ce0-9c91-f3fe504e814b] with host: fya14544.snowflakecomputing.com, account: fya14544, accessUrl: https://fya14544.snowflakecomputing.com, user: EPIC_DEV, role: EPIC_DEV_ROLE, database: TEST_DEVELOPMENT_ENVIROMENT, schema: DEV_SCHEMA, warehouse: , proxy was not configured, password is provided, region: undefined, authenticator: SNOWFLAKE, ocsp mode: FAIL_OPEN, os: darwin, os version: 25.4.0"}
{"level":"INFO","message":"[6:58:47.510 PM]: Connection[id: 43d8d4d2-9ebb-4ce0-9c91-f3fe504e814b] additional details: passcode in password is provided, passcode is not provided, private key is not provided, application: undefined, client name: snowflake-sdk, client version: 2.4.0, retry timeout: 300, private key path: undefined, private key pass is not provided, client store temporary credential: false, browser response timeout: 120000"}
{"level":"INFO","message":"[6:58:47.510 PM]: Connection[id: 43d8d4d2-9ebb-4ce0-9c91-f3fe504e814b] - connection object created successfully."}
{"level":"INFO","message":"[6:58:47.511 PM]: Connection[id: 43d8d4d2-9ebb-4ce0-9c91-f3fe504e814b] - async connecting. Associated Snowflake domain: GLOBAL"}
{"level":"INFO","message":"[6:58:47.511 PM]: Trying to initialize Easy Logging"}
{"level":"INFO","message":"[6:58:47.524 PM]: No client config detected."}
{"level":"INFO","message":"[6:58:47.524 PM]: No config file path found. Client config will not be used."}
{"level":"INFO","message":"[6:58:47.524 PM]: Easy Logging is disabled as no config has been found"}
{"level":"INFO","message":"[6:58:47.525 PM]: Connection[id: 43d8d4d2-9ebb-4ce0-9c91-f3fe504e814b] - authentication successful using: SNOWFLAKE"}
{"level":"INFO","message":"[6:58:48.132 PM]: Connection[id: 43d8d4d2-9ebb-4ce0-9c91-f3fe504e814b] - connection established successfully after 621.05 milliseconds"}
{"level":"INFO","message":"[9:47:58.482 AM]: Creating new connection object"}
{"level":"INFO","message":"[9:47:58.487 AM]: Creating Connection[id: 4bd25073-cbc0-46d9-8206-971d0c130aa7] with host: fya14544.snowflakecomputing.com, account: fya14544, accessUrl: https://fya14544.snowflakecomputing.com, user: EPIC_DEV, role: EPIC_DEV_ROLE, database: TEST_DEVELOPMENT_ENVIROMENT, schema: DEV_SCHEMA, warehouse: , proxy was not configured, password is provided, region: undefined, authenticator: SNOWFLAKE, ocsp mode: FAIL_OPEN, os: darwin, os version: 25.4.0"}
{"level":"INFO","message":"[9:47:58.487 AM]: Connection[id: 4bd25073-cbc0-46d9-8206-971d0c130aa7] additional details: passcode in password is provided, passcode is not provided, private key is not provided, application: undefined, client name: snowflake-sdk, client version: 2.4.0, retry timeout: 300, private key path: undefined, private key pass is not provided, client store temporary credential: false, browser response timeout: 120000"}
{"level":"INFO","message":"[9:47:58.487 AM]: Connection[id: 4bd25073-cbc0-46d9-8206-971d0c130aa7] - connection object created successfully."}
{"level":"INFO","message":"[9:47:58.488 AM]: Connection[id: 4bd25073-cbc0-46d9-8206-971d0c130aa7] - async connecting. Associated Snowflake domain: GLOBAL"}
{"level":"INFO","message":"[9:47:58.488 AM]: Trying to initialize Easy Logging"}
{"level":"INFO","message":"[9:47:58.578 AM]: No client config detected."}
{"level":"INFO","message":"[9:47:58.578 AM]: No config file path found. Client config will not be used."}
{"level":"INFO","message":"[9:47:58.579 AM]: Easy Logging is disabled as no config has been found"}
{"level":"INFO","message":"[9:47:58.579 AM]: Connection[id: 4bd25073-cbc0-46d9-8206-971d0c130aa7] - authentication successful using: SNOWFLAKE"}
{"level":"INFO","message":"[9:47:59.793 AM]: Connection[id: 4bd25073-cbc0-46d9-8206-971d0c130aa7] - connection established successfully after 1305.43 milliseconds"}
{"level":"INFO","message":"[6:26:45.874 PM]: Creating new connection object"}
{"level":"INFO","message":"[6:26:45.879 PM]: Creating Connection[id: bde1686a-eb77-4c6f-8141-9d5f0a0c1d24] with host: fya14544.snowflakecomputing.com, account: fya14544, accessUrl: https://fya14544.snowflakecomputing.com, user: EPIC_DEV, role: EPIC_DEV_ROLE, database: TEST_DEVELOPMENT_ENVIROMENT, schema: DEV_SCHEMA, warehouse: , proxy was not configured, password is provided, region: undefined, authenticator: SNOWFLAKE, ocsp mode: FAIL_OPEN, os: darwin, os version: 25.4.0"}
{"level":"INFO","message":"[6:26:45.879 PM]: Connection[id: bde1686a-eb77-4c6f-8141-9d5f0a0c1d24] additional details: passcode in password is provided, passcode is not provided, private key is not provided, application: undefined, client name: snowflake-sdk, client version: 2.4.0, retry timeout: 300, private key path: undefined, private key pass is not provided, client store temporary credential: false, browser response timeout: 120000"}
{"level":"INFO","message":"[6:26:45.879 PM]: Connection[id: bde1686a-eb77-4c6f-8141-9d5f0a0c1d24] - connection object created successfully."}
{"level":"INFO","message":"[6:26:45.880 PM]: Connection[id: bde1686a-eb77-4c6f-8141-9d5f0a0c1d24] - async connecting. Associated Snowflake domain: GLOBAL"}
{"level":"INFO","message":"[6:26:45.880 PM]: Trying to initialize Easy Logging"}
{"level":"INFO","message":"[6:26:45.898 PM]: No client config detected."}
{"level":"INFO","message":"[6:26:45.898 PM]: No config file path found. Client config will not be used."}
{"level":"INFO","message":"[6:26:45.898 PM]: Easy Logging is disabled as no config has been found"}
{"level":"INFO","message":"[6:26:45.898 PM]: Connection[id: bde1686a-eb77-4c6f-8141-9d5f0a0c1d24] - authentication successful using: SNOWFLAKE"}
{"level":"INFO","message":"[6:26:46.561 PM]: Connection[id: bde1686a-eb77-4c6f-8141-9d5f0a0c1d24] - connection established successfully after 681.62 milliseconds"}
{"level":"INFO","message":"[7:03:53.725 PM]: Creating new connection object"}
{"level":"INFO","message":"[7:03:53.731 PM]: Creating Connection[id: 603744ac-5fbd-4432-bd04-94399c6a6e20] with host: fya14544.snowflakecomputing.com, account: fya14544, accessUrl: https://fya14544.snowflakecomputing.com, user: EPIC_DEV, role: EPIC_DEV_ROLE, database: TEST_DEVELOPMENT_ENVIROMENT, schema: DEV_SCHEMA, warehouse: , proxy was not configured, password is provided, region: undefined, authenticator: SNOWFLAKE, ocsp mode: FAIL_OPEN, os: darwin, os version: 25.4.0"}
{"level":"INFO","message":"[7:03:53.731 PM]: Connection[id: 603744ac-5fbd-4432-bd04-94399c6a6e20] additional details: passcode in password is provided, passcode is not provided, private key is not provided, application: undefined, client name: snowflake-sdk, client version: 2.4.0, retry timeout: 300, private key path: undefined, private key pass is not provided, client store temporary credential: false, browser response timeout: 120000"}
{"level":"INFO","message":"[7:03:53.731 PM]: Connection[id: 603744ac-5fbd-4432-bd04-94399c6a6e20] - connection object created successfully."}
{"level":"INFO","message":"[7:03:53.731 PM]: Connection[id: 603744ac-5fbd-4432-bd04-94399c6a6e20] - async connecting. Associated Snowflake domain: GLOBAL"}
{"level":"INFO","message":"[7:03:53.731 PM]: Trying to initialize Easy Logging"}
{"level":"INFO","message":"[7:03:53.739 PM]: No client config detected."}
{"level":"INFO","message":"[7:03:53.739 PM]: No config file path found. Client config will not be used."}
{"level":"INFO","message":"[7:03:53.739 PM]: Easy Logging is disabled as no config has been found"}
{"level":"INFO","message":"[7:03:53.739 PM]: Connection[id: 603744ac-5fbd-4432-bd04-94399c6a6e20] - authentication successful using: SNOWFLAKE"}
{"level":"INFO","message":"[7:03:54.546 PM]: Connection[id: 603744ac-5fbd-4432-bd04-94399c6a6e20] - connection established successfully after 814.78 milliseconds"}
{"level":"INFO","message":"[7:44:04.508 PM]: Creating new connection object"}
{"level":"INFO","message":"[7:44:04.513 PM]: Creating Connection[id: 77664672-fc27-4ac5-910d-09984e092371] with host: fya14544.snowflakecomputing.com, account: fya14544, accessUrl: https://fya14544.snowflakecomputing.com, user: EPIC_DEV, role: EPIC_DEV_ROLE, database: TEST_DEVELOPMENT_ENVIROMENT, schema: DEV_SCHEMA, warehouse: , proxy was not configured, password is provided, region: undefined, authenticator: SNOWFLAKE, ocsp mode: FAIL_OPEN, os: darwin, os version: 25.4.0"}
{"level":"INFO","message":"[7:44:04.513 PM]: Connection[id: 77664672-fc27-4ac5-910d-09984e092371] additional details: passcode in password is provided, passcode is not provided, private key is not provided, application: undefined, client name: snowflake-sdk, client version: 2.4.0, retry timeout: 300, private key path: undefined, private key pass is not provided, client store temporary credential: false, browser response timeout: 120000"}
{"level":"INFO","message":"[7:44:04.513 PM]: Connection[id: 77664672-fc27-4ac5-910d-09984e092371] - connection object created successfully."}
{"level":"INFO","message":"[7:44:04.514 PM]: Connection[id: 77664672-fc27-4ac5-910d-09984e092371] - async connecting. Associated Snowflake domain: GLOBAL"}
{"level":"INFO","message":"[7:44:04.514 PM]: Trying to initialize Easy Logging"}
{"level":"INFO","message":"[7:44:04.517 PM]: No client config detected."}
{"level":"INFO","message":"[7:44:04.517 PM]: No config file path found. Client config will not be used."}
{"level":"INFO","message":"[7:44:04.517 PM]: Easy Logging is disabled as no config has been found"}
{"level":"INFO","message":"[7:44:04.517 PM]: Connection[id: 77664672-fc27-4ac5-910d-09984e092371] - authentication successful using: SNOWFLAKE"}
{"level":"INFO","message":"[7:44:05.167 PM]: Connection[id: 77664672-fc27-4ac5-910d-09984e092371] - connection established successfully after 653.63 milliseconds"}
{"level":"INFO","message":"[8:44:25.909 PM]: Creating new connection object"}
{"level":"INFO","message":"[8:44:25.914 PM]: Creating Connection[id: 865f4f03-152d-4c23-bc18-57e241ce3268] with host: fya14544.snowflakecomputing.com, account: fya14544, accessUrl: https://fya14544.snowflakecomputing.com, user: EPIC_DEV, role: EPIC_DEV_ROLE, database: TEST_DEVELOPMENT_ENVIROMENT, schema: DEV_SCHEMA, warehouse: , proxy was not configured, password is provided, region: undefined, authenticator: SNOWFLAKE, ocsp mode: FAIL_OPEN, os: darwin, os version: 25.4.0"}
{"level":"INFO","message":"[8:44:25.914 PM]: Connection[id: 865f4f03-152d-4c23-bc18-57e241ce3268] additional details: passcode in password is provided, passcode is not provided, private key is not provided, application: undefined, client name: snowflake-sdk, client version: 2.4.0, retry timeout: 300, private key path: undefined, private key pass is not provided, client store temporary credential: false, browser response timeout: 120000"}
{"level":"INFO","message":"[8:44:25.914 PM]: Connection[id: 865f4f03-152d-4c23-bc18-57e241ce3268] - connection object created successfully."}
{"level":"INFO","message":"[8:44:25.915 PM]: Connection[id: 865f4f03-152d-4c23-bc18-57e241ce3268] - async connecting. Associated Snowflake domain: GLOBAL"}
{"level":"INFO","message":"[8:44:25.915 PM]: Trying to initialize Easy Logging"}
{"level":"INFO","message":"[8:44:25.941 PM]: No client config detected."}
{"level":"INFO","message":"[8:44:25.941 PM]: No config file path found. Client config will not be used."}
{"level":"INFO","message":"[8:44:25.941 PM]: Easy Logging is disabled as no config has been found"}
{"level":"INFO","message":"[8:44:25.942 PM]: Connection[id: 865f4f03-152d-4c23-bc18-57e241ce3268] - authentication successful using: SNOWFLAKE"}
{"level":"INFO","message":"[8:44:26.850 PM]: Connection[id: 865f4f03-152d-4c23-bc18-57e241ce3268] - connection established successfully after 935.67 milliseconds"}
{"level":"INFO","message":"[2:46:44.789 PM]: Creating new connection object"}
{"level":"INFO","message":"[2:46:44.794 PM]: Creating Connection[id: e560cef5-d570-4ca8-9acf-c976dce8c989] with host: fya14544.snowflakecomputing.com, account: fya14544, accessUrl: https://fya14544.snowflakecomputing.com, user: EPIC_DEV, role: EPIC_DEV_ROLE, database: TEST_DEVELOPMENT_ENVIROMENT, schema: DEV_SCHEMA, warehouse: , proxy was not configured, password is provided, region: undefined, authenticator: SNOWFLAKE, ocsp mode: FAIL_OPEN, os: darwin, os version: 25.4.0"}
{"level":"INFO","message":"[2:46:44.794 PM]: Connection[id: e560cef5-d570-4ca8-9acf-c976dce8c989] additional details: passcode in password is provided, passcode is not provided, private key is not provided, application: undefined, client name: snowflake-sdk, client version: 2.4.0, retry timeout: 300, private key path: undefined, private key pass is not provided, client store temporary credential: false, browser response timeout: 120000"}
{"level":"INFO","message":"[2:46:44.795 PM]: Connection[id: e560cef5-d570-4ca8-9acf-c976dce8c989] - connection object created successfully."}
{"level":"INFO","message":"[2:46:44.795 PM]: Connection[id: e560cef5-d570-4ca8-9acf-c976dce8c989] - async connecting. Associated Snowflake domain: GLOBAL"}
{"level":"INFO","message":"[2:46:44.795 PM]: Trying to initialize Easy Logging"}
{"level":"INFO","message":"[2:46:44.883 PM]: No client config detected."}
{"level":"INFO","message":"[2:46:44.883 PM]: No config file path found. Client config will not be used."}
{"level":"INFO","message":"[2:46:44.883 PM]: Easy Logging is disabled as no config has been found"}
{"level":"INFO","message":"[2:46:44.884 PM]: Connection[id: e560cef5-d570-4ca8-9acf-c976dce8c989] - authentication successful using: SNOWFLAKE"}
{"level":"INFO","message":"[2:46:45.748 PM]: Connection[id: e560cef5-d570-4ca8-9acf-c976dce8c989] - connection established successfully after 953.15 milliseconds"}
{"level":"INFO","message":"[8:12:57.696 PM]: Creating new connection object"}
{"level":"INFO","message":"[8:12:57.701 PM]: Creating Connection[id: 66af0a6d-9e79-43a0-86bf-db41d1da63d1] with host: fya14544.snowflakecomputing.com, account: fya14544, accessUrl: https://fya14544.snowflakecomputing.com, user: EPIC_DEV, role: EPIC_DEV_ROLE, database: TEST_DEVELOPMENT_ENVIROMENT, schema: DEV_SCHEMA, warehouse: , proxy was not configured, password is provided, region: undefined, authenticator: SNOWFLAKE, ocsp mode: FAIL_OPEN, os: darwin, os version: 25.4.0"}
{"level":"INFO","message":"[8:12:57.701 PM]: Connection[id: 66af0a6d-9e79-43a0-86bf-db41d1da63d1] additional details: passcode in password is provided, passcode is not provided, private key is not provided, application: undefined, client name: snowflake-sdk, client version: 2.4.0, retry timeout: 300, private key path: undefined, private key pass is not provided, client store temporary credential: false, browser response timeout: 120000"}
{"level":"INFO","message":"[8:12:57.701 PM]: Connection[id: 66af0a6d-9e79-43a0-86bf-db41d1da63d1] - connection object created successfully."}
{"level":"INFO","message":"[8:12:57.701 PM]: Connection[id: 66af0a6d-9e79-43a0-86bf-db41d1da63d1] - async connecting. Associated Snowflake domain: GLOBAL"}
{"level":"INFO","message":"[8:12:57.701 PM]: Trying to initialize Easy Logging"}
{"level":"INFO","message":"[8:12:57.713 PM]: No client config detected."}
{"level":"INFO","message":"[8:12:57.713 PM]: No config file path found. Client config will not be used."}
{"level":"INFO","message":"[8:12:57.713 PM]: Easy Logging is disabled as no config has been found"}
{"level":"INFO","message":"[8:12:57.714 PM]: Connection[id: 66af0a6d-9e79-43a0-86bf-db41d1da63d1] - authentication successful using: SNOWFLAKE"}
{"level":"INFO","message":"[8:12:58.837 PM]: Connection[id: 66af0a6d-9e79-43a0-86bf-db41d1da63d1] - connection established successfully after 1135.21 milliseconds"}
{"level":"INFO","message":"[7:35:11.961 AM]: Creating new connection object"}
{"level":"INFO","message":"[7:35:11.966 AM]: Creating Connection[id: 9595564e-4ed2-40c9-873b-6fc9162d53e1] with host: fya14544.snowflakecomputing.com, account: fya14544, accessUrl: https://fya14544.snowflakecomputing.com, user: EPIC_DEV, role: EPIC_DEV_ROLE, database: TEST_DEVELOPMENT_ENVIROMENT, schema: DEV_SCHEMA, warehouse: , proxy was not configured, password is provided, region: undefined, authenticator: SNOWFLAKE, ocsp mode: FAIL_OPEN, os: darwin, os version: 25.4.0"}
{"level":"INFO","message":"[7:35:11.966 AM]: Connection[id: 9595564e-4ed2-40c9-873b-6fc9162d53e1] additional details: passcode in password is provided, passcode is not provided, private key is not provided, application: undefined, client name: snowflake-sdk, client version: 2.4.0, retry timeout: 300, private key path: undefined, private key pass is not provided, client store temporary credential: false, browser response timeout: 120000"}
{"level":"INFO","message":"[7:35:11.966 AM]: Connection[id: 9595564e-4ed2-40c9-873b-6fc9162d53e1] - connection object created successfully."}
{"level":"INFO","message":"[7:35:11.967 AM]: Connection[id: 9595564e-4ed2-40c9-873b-6fc9162d53e1] - async connecting. Associated Snowflake domain: GLOBAL"}
{"level":"INFO","message":"[7:35:11.967 AM]: Trying to initialize Easy Logging"}
{"level":"INFO","message":"[7:35:12.006 AM]: No client config detected."}
{"level":"INFO","message":"[7:35:12.007 AM]: No config file path found. Client config will not be used."}
{"level":"INFO","message":"[7:35:12.007 AM]: Easy Logging is disabled as no config has been found"}
{"level":"INFO","message":"[7:35:12.007 AM]: Connection[id: 9595564e-4ed2-40c9-873b-6fc9162d53e1] - authentication successful using: SNOWFLAKE"}
{"level":"INFO","message":"[7:35:13.326 AM]: Connection[id: 9595564e-4ed2-40c9-873b-6fc9162d53e1] - connection established successfully after 1359.06 milliseconds"}
{"level":"INFO","message":"[7:42:11.894 AM]: Creating new connection object"}
{"level":"INFO","message":"[7:42:11.898 AM]: Creating Connection[id: c5fb4348-8c7a-42f3-ba60-bc00e72a2552] with host: fya14544.snowflakecomputing.com, account: fya14544, accessUrl: https://fya14544.snowflakecomputing.com, user: EPIC_DEV, role: EPIC_DEV_ROLE, database: TEST_DEVELOPMENT_ENVIROMENT, schema: DEV_SCHEMA, warehouse: , proxy was not configured, password is provided, region: undefined, authenticator: SNOWFLAKE, ocsp mode: FAIL_OPEN, os: darwin, os version: 25.4.0"}
{"level":"INFO","message":"[7:42:11.899 AM]: Connection[id: c5fb4348-8c7a-42f3-ba60-bc00e72a2552] additional details: passcode in password is provided, passcode is not provided, private key is not provided, application: undefined, client name: snowflake-sdk, client version: 2.4.0, retry timeout: 300, private key path: undefined, private key pass is not provided, client store temporary credential: false, browser response timeout: 120000"}
{"level":"INFO","message":"[7:42:11.899 AM]: Connection[id: c5fb4348-8c7a-42f3-ba60-bc00e72a2552] - connection object created successfully."}
{"level":"INFO","message":"[7:42:11.899 AM]: Connection[id: c5fb4348-8c7a-42f3-ba60-bc00e72a2552] - async connecting. Associated Snowflake domain: GLOBAL"}
{"level":"INFO","message":"[7:42:11.899 AM]: Trying to initialize Easy Logging"}
{"level":"INFO","message":"[7:42:11.901 AM]: No client config detected."}
{"level":"INFO","message":"[7:42:11.901 AM]: No config file path found. Client config will not be used."}
{"level":"INFO","message":"[7:42:11.901 AM]: Easy Logging is disabled as no config has been found"}
{"level":"INFO","message":"[7:42:11.901 AM]: Connection[id: c5fb4348-8c7a-42f3-ba60-bc00e72a2552] - authentication successful using: SNOWFLAKE"}
{"level":"INFO","message":"[7:42:12.652 AM]: Connection[id: c5fb4348-8c7a-42f3-ba60-bc00e72a2552] - connection established successfully after 752.84 milliseconds"}
{"level":"INFO","message":"[7:58:12.678 AM]: Creating new connection object"}
{"level":"INFO","message":"[7:58:12.683 AM]: Creating Connection[id: 90d64227-f6c0-4c1a-b6e0-934eaa7bff40] with host: fya14544.snowflakecomputing.com, account: fya14544, accessUrl: https://fya14544.snowflakecomputing.com, user: EPIC_DEV, role: EPIC_DEV_ROLE, database: TEST_DEVELOPMENT_ENVIROMENT, schema: DEV_SCHEMA, warehouse: , proxy was not configured, password is provided, region: undefined, authenticator: SNOWFLAKE, ocsp mode: FAIL_OPEN, os: darwin, os version: 25.4.0"}
{"level":"INFO","message":"[7:58:12.683 AM]: Connection[id: 90d64227-f6c0-4c1a-b6e0-934eaa7bff40] additional details: passcode in password is provided, passcode is not provided, private key is not provided, application: undefined, client name: snowflake-sdk, client version: 2.4.0, retry timeout: 300, private key path: undefined, private key pass is not provided, client store temporary credential: false, browser response timeout: 120000"}
{"level":"INFO","message":"[7:58:12.683 AM]: Connection[id: 90d64227-f6c0-4c1a-b6e0-934eaa7bff40] - connection object created successfully."}
{"level":"INFO","message":"[7:58:12.683 AM]: Connection[id: 90d64227-f6c0-4c1a-b6e0-934eaa7bff40] - async connecting. Associated Snowflake domain: GLOBAL"}
{"level":"INFO","message":"[7:58:12.683 AM]: Trying to initialize Easy Logging"}
{"level":"INFO","message":"[7:58:12.699 AM]: No client config detected."}
{"level":"INFO","message":"[7:58:12.699 AM]: No config file path found. Client config will not be used."}
{"level":"INFO","message":"[7:58:12.699 AM]: Easy Logging is disabled as no config has been found"}
{"level":"INFO","message":"[7:58:12.699 AM]: Connection[id: 90d64227-f6c0-4c1a-b6e0-934eaa7bff40] - authentication successful using: SNOWFLAKE"}
{"level":"INFO","message":"[7:58:13.381 AM]: Connection[id: 90d64227-f6c0-4c1a-b6e0-934eaa7bff40] - connection established successfully after 697.9 milliseconds"}
{"level":"INFO","message":"[7:59:48.483 AM]: Creating new connection object"}
{"level":"INFO","message":"[7:59:48.488 AM]: Creating Connection[id: b4b69be2-98ff-428f-84ba-982aeeb698a3] with host: fya14544.snowflakecomputing.com, account: fya14544, accessUrl: https://fya14544.snowflakecomputing.com, user: EPIC_DEV, role: EPIC_DEV_ROLE, database: TEST_DEVELOPMENT_ENVIROMENT, schema: DEV_SCHEMA, warehouse: , proxy was not configured, password is provided, region: undefined, authenticator: SNOWFLAKE, ocsp mode: FAIL_OPEN, os: darwin, os version: 25.4.0"}
{"level":"INFO","message":"[7:59:48.488 AM]: Connection[id: b4b69be2-98ff-428f-84ba-982aeeb698a3] additional details: passcode in password is provided, passcode is not provided, private key is not provided, application: undefined, client name: snowflake-sdk, client version: 2.4.0, retry timeout: 300, private key path: undefined, private key pass is not provided, client store temporary credential: false, browser response timeout: 120000"}
{"level":"INFO","message":"[7:59:48.488 AM]: Connection[id: b4b69be2-98ff-428f-84ba-982aeeb698a3] - connection object created successfully."}
{"level":"INFO","message":"[7:59:48.488 AM]: Connection[id: b4b69be2-98ff-428f-84ba-982aeeb698a3] - async connecting. Associated Snowflake domain: GLOBAL"}
{"level":"INFO","message":"[7:59:48.489 AM]: Trying to initialize Easy Logging"}
{"level":"INFO","message":"[7:59:48.496 AM]: No client config detected."}
{"level":"INFO","message":"[7:59:48.496 AM]: No config file path found. Client config will not be used."}
{"level":"INFO","message":"[7:59:48.496 AM]: Easy Logging is disabled as no config has been found"}
{"level":"INFO","message":"[7:59:48.496 AM]: Connection[id: b4b69be2-98ff-428f-84ba-982aeeb698a3] - authentication successful using: SNOWFLAKE"}
{"level":"INFO","message":"[7:59:49.848 AM]: Connection[id: b4b69be2-98ff-428f-84ba-982aeeb698a3] - connection established successfully after 1359.48 milliseconds"}
{"level":"INFO","message":"[8:00:29.808 AM]: Creating new connection object"}
{"level":"INFO","message":"[8:00:29.812 AM]: Creating Connection[id: 5fc16b83-9dc2-4068-a9b4-cb0546e43698] with host: fya14544.snowflakecomputing.com, account: fya14544, accessUrl: https://fya14544.snowflakecomputing.com, user: EPIC_DEV, role: EPIC_DEV_ROLE, database: TEST_DEVELOPMENT_ENVIROMENT, schema: DEV_SCHEMA, warehouse: , proxy was not configured, password is provided, region: undefined, authenticator: SNOWFLAKE, ocsp mode: FAIL_OPEN, os: darwin, os version: 25.4.0"}
{"level":"INFO","message":"[8:00:29.813 AM]: Connection[id: 5fc16b83-9dc2-4068-a9b4-cb0546e43698] additional details: passcode in password is provided, passcode is not provided, private key is not provided, application: undefined, client name: snowflake-sdk, client version: 2.4.0, retry timeout: 300, private key path: undefined, private key pass is not provided, client store temporary credential: false, browser response timeout: 120000"}
{"level":"INFO","message":"[8:00:29.813 AM]: Connection[id: 5fc16b83-9dc2-4068-a9b4-cb0546e43698] - connection object created successfully."}
{"level":"INFO","message":"[8:00:29.813 AM]: Connection[id: 5fc16b83-9dc2-4068-a9b4-cb0546e43698] - async connecting. Associated Snowflake domain: GLOBAL"}
{"level":"INFO","message":"[8:00:29.813 AM]: Trying to initialize Easy Logging"}
{"level":"INFO","message":"[8:00:29.815 AM]: No client config detected."}
{"level":"INFO","message":"[8:00:29.815 AM]: No config file path found. Client config will not be used."}
{"level":"INFO","message":"[8:00:29.815 AM]: Easy Logging is disabled as no config has been found"}
{"level":"INFO","message":"[8:00:29.815 AM]: Connection[id: 5fc16b83-9dc2-4068-a9b4-cb0546e43698] - authentication successful using: SNOWFLAKE"}
{"level":"INFO","message":"[8:00:30.492 AM]: Connection[id: 5fc16b83-9dc2-4068-a9b4-cb0546e43698] - connection established successfully after 679.4 milliseconds"}
{"level":"INFO","message":"[11:22:18.682 AM]: Creating new connection object"}
{"level":"INFO","message":"[11:22:18.687 AM]: Creating Connection[id: 7724dc09-f2d2-4a4f-b297-88a39c8f14fd] with host: fya14544.snowflakecomputing.com, account: fya14544, accessUrl: https://fya14544.snowflakecomputing.com, user: EPIC_DEV, role: EPIC_DEV_ROLE, database: TEST_DEVELOPMENT_ENVIROMENT, schema: DEV_SCHEMA, warehouse: , proxy was not configured, password is provided, region: undefined, authenticator: SNOWFLAKE, ocsp mode: FAIL_OPEN, os: darwin, os version: 25.4.0"}
{"level":"INFO","message":"[11:22:18.688 AM]: Connection[id: 7724dc09-f2d2-4a4f-b297-88a39c8f14fd] additional details: passcode in password is provided, passcode is not provided, private key is not provided, application: undefined, client name: snowflake-sdk, client version: 2.4.0, retry timeout: 300, private key path: undefined, private key pass is not provided, client store temporary credential: false, browser response timeout: 120000"}
{"level":"INFO","message":"[11:22:18.688 AM]: Connection[id: 7724dc09-f2d2-4a4f-b297-88a39c8f14fd] - connection object created successfully."}
{"level":"INFO","message":"[11:22:18.688 AM]: Connection[id: 7724dc09-f2d2-4a4f-b297-88a39c8f14fd] - async connecting. Associated Snowflake domain: GLOBAL"}
{"level":"INFO","message":"[11:22:18.688 AM]: Trying to initialize Easy Logging"}
{"level":"INFO","message":"[11:22:18.705 AM]: No client config detected."}
{"level":"INFO","message":"[11:22:18.705 AM]: No config file path found. Client config will not be used."}
{"level":"INFO","message":"[11:22:18.705 AM]: Easy Logging is disabled as no config has been found"}
{"level":"INFO","message":"[11:22:18.705 AM]: Connection[id: 7724dc09-f2d2-4a4f-b297-88a39c8f14fd] - authentication successful using: SNOWFLAKE"}
{"level":"INFO","message":"[11:22:19.306 AM]: Connection[id: 7724dc09-f2d2-4a4f-b297-88a39c8f14fd] - connection established successfully after 617.78 milliseconds"}
{"level":"INFO","message":"[11:23:45.763 AM]: Creating new connection object"}
{"level":"INFO","message":"[11:23:45.768 AM]: Creating Connection[id: 370901bd-6000-400f-b6e0-95415aa0762b] with host: fya14544.snowflakecomputing.com, account: fya14544, accessUrl: https://fya14544.snowflakecomputing.com, user: EPIC_DEV, role: EPIC_DEV_ROLE, database: TEST_DEVELOPMENT_ENVIROMENT, schema: DEV_SCHEMA, warehouse: , proxy was not configured, password is provided, region: undefined, authenticator: SNOWFLAKE, ocsp mode: FAIL_OPEN, os: darwin, os version: 25.4.0"}
{"level":"INFO","message":"[11:23:45.768 AM]: Connection[id: 370901bd-6000-400f-b6e0-95415aa0762b] additional details: passcode in password is provided, passcode is not provided, private key is not provided, application: undefined, client name: snowflake-sdk, client version: 2.4.0, retry timeout: 300, private key path: undefined, private key pass is not provided, client store temporary credential: false, browser response timeout: 120000"}
{"level":"INFO","message":"[11:23:45.769 AM]: Connection[id: 370901bd-6000-400f-b6e0-95415aa0762b] - connection object created successfully."}
{"level":"INFO","message":"[11:23:45.769 AM]: Connection[id: 370901bd-6000-400f-b6e0-95415aa0762b] - async connecting. Associated Snowflake domain: GLOBAL"}
{"level":"INFO","message":"[11:23:45.769 AM]: Trying to initialize Easy Logging"}
{"level":"INFO","message":"[11:23:45.785 AM]: No client config detected."}
{"level":"INFO","message":"[11:23:45.785 AM]: No config file path found. Client config will not be used."}
{"level":"INFO","message":"[11:23:45.785 AM]: Easy Logging is disabled as no config has been found"}
{"level":"INFO","message":"[11:23:45.785 AM]: Connection[id: 370901bd-6000-400f-b6e0-95415aa0762b] - authentication successful using: SNOWFLAKE"}
{"level":"INFO","message":"[11:23:46.363 AM]: Connection[id: 370901bd-6000-400f-b6e0-95415aa0762b] - connection established successfully after 594.72 milliseconds"}
{"level":"INFO","message":"[11:24:01.390 AM]: Creating new connection object"}
{"level":"INFO","message":"[11:24:01.395 AM]: Creating Connection[id: 8f82accc-4297-45f7-a1f7-bc4007df9830] with host: fya14544.snowflakecomputing.com, account: fya14544, accessUrl: https://fya14544.snowflakecomputing.com, user: EPIC_DEV, role: EPIC_DEV_ROLE, database: TEST_DEVELOPMENT_ENVIROMENT, schema: DEV_SCHEMA, warehouse: , proxy was not configured, password is provided, region: undefined, authenticator: SNOWFLAKE, ocsp mode: FAIL_OPEN, os: darwin, os version: 25.4.0"}
{"level":"INFO","message":"[11:24:01.395 AM]: Connection[id: 8f82accc-4297-45f7-a1f7-bc4007df9830] additional details: passcode in password is provided, passcode is not provided, private key is not provided, application: undefined, client name: snowflake-sdk, client version: 2.4.0, retry timeout: 300, private key path: undefined, private key pass is not provided, client store temporary credential: false, browser response timeout: 120000"}
{"level":"INFO","message":"[11:24:01.396 AM]: Connection[id: 8f82accc-4297-45f7-a1f7-bc4007df9830] - connection object created successfully."}
{"level":"INFO","message":"[11:24:01.396 AM]: Connection[id: 8f82accc-4297-45f7-a1f7-bc4007df9830] - async connecting. Associated Snowflake domain: GLOBAL"}
{"level":"INFO","message":"[11:24:01.396 AM]: Trying to initialize Easy Logging"}
{"level":"INFO","message":"[11:24:01.407 AM]: No client config detected."}
{"level":"INFO","message":"[11:24:01.407 AM]: No config file path found. Client config will not be used."}
{"level":"INFO","message":"[11:24:01.407 AM]: Easy Logging is disabled as no config has been found"}
{"level":"INFO","message":"[11:24:01.407 AM]: Connection[id: 8f82accc-4297-45f7-a1f7-bc4007df9830] - authentication successful using: SNOWFLAKE"}
{"level":"INFO","message":"[11:24:01.912 AM]: Connection[id: 8f82accc-4297-45f7-a1f7-bc4007df9830] - connection established successfully after 516.21 milliseconds"}
{"level":"INFO","message":"[11:27:22.678 AM]: Creating new connection object"}
{"level":"INFO","message":"[11:27:22.683 AM]: Creating Connection[id: 195d0e05-32d3-466d-a633-604974f95de3] with host: fya14544.snowflakecomputing.com, account: fya14544, accessUrl: https://fya14544.snowflakecomputing.com, user: EPIC_DEV, role: EPIC_DEV_ROLE, database: TEST_DEVELOPMENT_ENVIROMENT, schema: DEV_SCHEMA, warehouse: , proxy was not configured, password is provided, region: undefined, authenticator: SNOWFLAKE, ocsp mode: FAIL_OPEN, os: darwin, os version: 25.4.0"}
{"level":"INFO","message":"[11:27:22.683 AM]: Connection[id: 195d0e05-32d3-466d-a633-604974f95de3] additional details: passcode in password is provided, passcode is not provided, private key is not provided, application: undefined, client name: snowflake-sdk, client version: 2.4.0, retry timeout: 300, private key path: undefined, private key pass is not provided, client store temporary credential: false, browser response timeout: 120000"}
{"level":"INFO","message":"[11:27:22.683 AM]: Connection[id: 195d0e05-32d3-466d-a633-604974f95de3] - connection object created successfully."}
{"level":"INFO","message":"[11:27:22.683 AM]: Connection[id: 195d0e05-32d3-466d-a633-604974f95de3] - async connecting. Associated Snowflake domain: GLOBAL"}
{"level":"INFO","message":"[11:27:22.684 AM]: Trying to initialize Easy Logging"}
{"level":"INFO","message":"[11:27:22.687 AM]: No client config detected."}
{"level":"INFO","message":"[11:27:22.687 AM]: No config file path found. Client config will not be used."}
{"level":"INFO","message":"[11:27:22.687 AM]: Easy Logging is disabled as no config has been found"}
{"level":"INFO","message":"[11:27:22.687 AM]: Connection[id: 195d0e05-32d3-466d-a633-604974f95de3] - authentication successful using: SNOWFLAKE"}
{"level":"INFO","message":"[11:27:23.313 AM]: Connection[id: 195d0e05-32d3-466d-a633-604974f95de3] - connection established successfully after 629.54 milliseconds"}
{"level":"INFO","message":"[11:48:35.559 AM]: Creating new connection object"}
{"level":"INFO","message":"[11:48:35.564 AM]: Creating Connection[id: e18e7a16-eb04-4c72-b06c-d026f67810e8] with host: fya14544.snowflakecomputing.com, account: fya14544, accessUrl: https://fya14544.snowflakecomputing.com, user: EPIC_DEV, role: EPIC_DEV_ROLE, database: TEST_DEVELOPMENT_ENVIROMENT, schema: DEV_SCHEMA, warehouse: , proxy was not configured, password is provided, region: undefined, authenticator: SNOWFLAKE, ocsp mode: FAIL_OPEN, os: darwin, os version: 25.4.0"}
{"level":"INFO","message":"[11:48:35.564 AM]: Connection[id: e18e7a16-eb04-4c72-b06c-d026f67810e8] additional details: passcode in password is provided, passcode is not provided, private key is not provided, application: undefined, client name: snowflake-sdk, client version: 2.4.0, retry timeout: 300, private key path: undefined, private key pass is not provided, client store temporary credential: false, browser response timeout: 120000"}
{"level":"INFO","message":"[11:48:35.564 AM]: Connection[id: e18e7a16-eb04-4c72-b06c-d026f67810e8] - connection object created successfully."}
{"level":"INFO","message":"[11:48:35.565 AM]: Connection[id: e18e7a16-eb04-4c72-b06c-d026f67810e8] - async connecting. Associated Snowflake domain: GLOBAL"}
{"level":"INFO","message":"[11:48:35.565 AM]: Trying to initialize Easy Logging"}
{"level":"INFO","message":"[11:48:35.567 AM]: No client config detected."}
{"level":"INFO","message":"[11:48:35.567 AM]: No config file path found. Client config will not be used."}
{"level":"INFO","message":"[11:48:35.567 AM]: Easy Logging is disabled as no config has been found"}
{"level":"INFO","message":"[11:48:35.567 AM]: Connection[id: e18e7a16-eb04-4c72-b06c-d026f67810e8] - authentication successful using: SNOWFLAKE"}
{"level":"INFO","message":"[11:48:36.375 AM]: Connection[id: e18e7a16-eb04-4c72-b06c-d026f67810e8] - connection established successfully after 810.39 milliseconds"}
{"level":"INFO","message":"[2:52:35.994 PM]: Creating new connection object"}
{"level":"INFO","message":"[2:52:36.000 PM]: Creating Connection[id: f9f3c084-5164-41e2-8358-188137d5ccb5] with host: fya14544.snowflakecomputing.com, account: fya14544, accessUrl: https://fya14544.snowflakecomputing.com, user: EPIC_DEV, role: EPIC_DEV_ROLE, database: TEST_DEVELOPMENT_ENVIROMENT, schema: DEV_SCHEMA, warehouse: , proxy was not configured, password is provided, region: undefined, authenticator: SNOWFLAKE, ocsp mode: FAIL_OPEN, os: darwin, os version: 25.4.0"}
{"level":"INFO","message":"[2:52:36.000 PM]: Connection[id: f9f3c084-5164-41e2-8358-188137d5ccb5] additional details: passcode in password is provided, passcode is not provided, private key is not provided, application: undefined, client name: snowflake-sdk, client version: 2.4.0, retry timeout: 300, private key path: undefined, private key pass is not provided, client store temporary credential: false, browser response timeout: 120000"}
{"level":"INFO","message":"[2:52:36.000 PM]: Connection[id: f9f3c084-5164-41e2-8358-188137d5ccb5] - connection object created successfully."}
{"level":"INFO","message":"[2:52:36.000 PM]: Connection[id: f9f3c084-5164-41e2-8358-188137d5ccb5] - async connecting. Associated Snowflake domain: GLOBAL"}
{"level":"INFO","message":"[2:52:36.001 PM]: Trying to initialize Easy Logging"}
{"level":"INFO","message":"[2:52:36.006 PM]: No client config detected."}
{"level":"INFO","message":"[2:52:36.006 PM]: No config file path found. Client config will not be used."}
{"level":"INFO","message":"[2:52:36.006 PM]: Easy Logging is disabled as no config has been found"}
{"level":"INFO","message":"[2:52:36.006 PM]: Connection[id: f9f3c084-5164-41e2-8358-188137d5ccb5] - authentication successful using: SNOWFLAKE"}
{"level":"INFO","message":"[2:52:36.668 PM]: Connection[id: f9f3c084-5164-41e2-8358-188137d5ccb5] - connection established successfully after 667.28 milliseconds"}
{"level":"INFO","message":"[4:00:10.802 PM]: Creating new connection object"}
{"level":"INFO","message":"[4:00:10.807 PM]: Creating Connection[id: 913e49c6-b9cf-4f37-ad2d-24ef9c53d307] with host: fya14544.snowflakecomputing.com, account: fya14544, accessUrl: https://fya14544.snowflakecomputing.com, user: EPIC_DEV, role: EPIC_DEV_ROLE, database: TEST_DEVELOPMENT_ENVIROMENT, schema: DEV_SCHEMA, warehouse: , proxy was not configured, password is provided, region: undefined, authenticator: SNOWFLAKE, ocsp mode: FAIL_OPEN, os: darwin, os version: 25.4.0"}
{"level":"INFO","message":"[4:00:10.808 PM]: Connection[id: 913e49c6-b9cf-4f37-ad2d-24ef9c53d307] additional details: passcode in password is provided, passcode is not provided, private key is not provided, application: undefined, client name: snowflake-sdk, client version: 2.4.0, retry timeout: 300, private key path: undefined, private key pass is not provided, client store temporary credential: false, browser response timeout: 120000"}
{"level":"INFO","message":"[4:00:10.808 PM]: Connection[id: 913e49c6-b9cf-4f37-ad2d-24ef9c53d307] - connection object created successfully."}
{"level":"INFO","message":"[4:00:10.808 PM]: Connection[id: 913e49c6-b9cf-4f37-ad2d-24ef9c53d307] - async connecting. Associated Snowflake domain: GLOBAL"}
{"level":"INFO","message":"[4:00:10.808 PM]: Trying to initialize Easy Logging"}
{"level":"INFO","message":"[4:00:10.810 PM]: No client config detected."}
{"level":"INFO","message":"[4:00:10.810 PM]: No config file path found. Client config will not be used."}
{"level":"INFO","message":"[4:00:10.810 PM]: Easy Logging is disabled as no config has been found"}
{"level":"INFO","message":"[4:00:10.811 PM]: Connection[id: 913e49c6-b9cf-4f37-ad2d-24ef9c53d307] - authentication successful using: SNOWFLAKE"}
{"level":"INFO","message":"[4:00:11.576 PM]: Connection[id: 913e49c6-b9cf-4f37-ad2d-24ef9c53d307] - connection established successfully after 768.18 milliseconds"}
{"level":"INFO","message":"[4:04:26.275 PM]: Creating new connection object"}
{"level":"INFO","message":"[4:04:26.280 PM]: Creating Connection[id: c14394b6-e0dd-4111-9059-eac59cd3a739] with host: fya14544.snowflakecomputing.com, account: fya14544, accessUrl: https://fya14544.snowflakecomputing.com, user: EPIC_DEV, role: EPIC_DEV_ROLE, database: TEST_DEVELOPMENT_ENVIROMENT, schema: DEV_SCHEMA, warehouse: , proxy was not configured, password is provided, region: undefined, authenticator: SNOWFLAKE, ocsp mode: FAIL_OPEN, os: darwin, os version: 25.4.0"}
{"level":"INFO","message":"[4:04:26.280 PM]: Connection[id: c14394b6-e0dd-4111-9059-eac59cd3a739] additional details: passcode in password is provided, passcode is not provided, private key is not provided, application: undefined, client name: snowflake-sdk, client version: 2.4.0, retry timeout: 300, private key path: undefined, private key pass is not provided, client store temporary credential: false, browser response timeout: 120000"}
{"level":"INFO","message":"[4:04:26.280 PM]: Connection[id: c14394b6-e0dd-4111-9059-eac59cd3a739] - connection object created successfully."}
{"level":"INFO","message":"[4:04:26.280 PM]: Connection[id: c14394b6-e0dd-4111-9059-eac59cd3a739] - async connecting. Associated Snowflake domain: GLOBAL"}
{"level":"INFO","message":"[4:04:26.280 PM]: Trying to initialize Easy Logging"}
{"level":"INFO","message":"[4:04:26.281 PM]: No client config detected."}
{"level":"INFO","message":"[4:04:26.281 PM]: No config file path found. Client config will not be used."}
{"level":"INFO","message":"[4:04:26.281 PM]: Easy Logging is disabled as no config has been found"}
{"level":"INFO","message":"[4:04:26.281 PM]: Connection[id: c14394b6-e0dd-4111-9059-eac59cd3a739] - authentication successful using: SNOWFLAKE"}
{"level":"INFO","message":"[4:04:27.049 PM]: Connection[id: c14394b6-e0dd-4111-9059-eac59cd3a739] - connection established successfully after 768.37 milliseconds"}
{"level":"INFO","message":"[4:05:09.255 PM]: Creating new connection object"}
{"level":"INFO","message":"[4:05:09.261 PM]: Creating Connection[id: 2b097fe3-835e-4c42-a847-f627c025b7a7] with host: fya14544.snowflakecomputing.com, account: fya14544, accessUrl: https://fya14544.snowflakecomputing.com, user: EPIC_DEV, role: EPIC_DEV_ROLE, database: TEST_DEVELOPMENT_ENVIROMENT, schema: DEV_SCHEMA, warehouse: , proxy was not configured, password is provided, region: undefined, authenticator: SNOWFLAKE, ocsp mode: FAIL_OPEN, os: darwin, os version: 25.4.0"}
{"level":"INFO","message":"[4:05:09.261 PM]: Connection[id: 2b097fe3-835e-4c42-a847-f627c025b7a7] additional details: passcode in password is provided, passcode is not provided, private key is not provided, application: undefined, client name: snowflake-sdk, client version: 2.4.0, retry timeout: 300, private key path: undefined, private key pass is not provided, client store temporary credential: false, browser response timeout: 120000"}
{"level":"INFO","message":"[4:05:09.261 PM]: Connection[id: 2b097fe3-835e-4c42-a847-f627c025b7a7] - connection object created successfully."}
{"level":"INFO","message":"[4:05:09.261 PM]: Connection[id: 2b097fe3-835e-4c42-a847-f627c025b7a7] - async connecting. Associated Snowflake domain: GLOBAL"}
{"level":"INFO","message":"[4:05:09.261 PM]: Trying to initialize Easy Logging"}
{"level":"INFO","message":"[4:05:09.336 PM]: No client config detected."}
{"level":"INFO","message":"[4:05:09.336 PM]: No config file path found. Client config will not be used."}
{"level":"INFO","message":"[4:05:09.336 PM]: Easy Logging is disabled as no config has been found"}
{"level":"INFO","message":"[4:05:09.336 PM]: Connection[id: 2b097fe3-835e-4c42-a847-f627c025b7a7] - authentication successful using: SNOWFLAKE"}
{"level":"INFO","message":"[4:05:10.168 PM]: Connection[id: 2b097fe3-835e-4c42-a847-f627c025b7a7] - connection established successfully after 907 milliseconds"}
{"level":"INFO","message":"[4:07:30.162 PM]: Creating new connection object"}
{"level":"INFO","message":"[4:07:30.168 PM]: Creating Connection[id: de9d1df8-ac2d-4316-a306-4b7bc77f0c5a] with host: fya14544.snowflakecomputing.com, account: fya14544, accessUrl: https://fya14544.snowflakecomputing.com, user: EPIC_DEV, role: EPIC_DEV_ROLE, database: TEST_DEVELOPMENT_ENVIROMENT, schema: DEV_SCHEMA, warehouse: , proxy was not configured, password is provided, region: undefined, authenticator: SNOWFLAKE, ocsp mode: FAIL_OPEN, os: darwin, os version: 25.4.0"}
{"level":"INFO","message":"[4:07:30.168 PM]: Connection[id: de9d1df8-ac2d-4316-a306-4b7bc77f0c5a] additional details: passcode in password is provided, passcode is not provided, private key is not provided, application: undefined, client name: snowflake-sdk, client version: 2.4.0, retry timeout: 300, private key path: undefined, private key pass is not provided, client store temporary credential: false, browser response timeout: 120000"}
{"level":"INFO","message":"[4:07:30.168 PM]: Connection[id: de9d1df8-ac2d-4316-a306-4b7bc77f0c5a] - connection object created successfully."}
{"level":"INFO","message":"[4:07:30.168 PM]: Connection[id: de9d1df8-ac2d-4316-a306-4b7bc77f0c5a] - async connecting. Associated Snowflake domain: GLOBAL"}
{"level":"INFO","message":"[4:07:30.168 PM]: Trying to initialize Easy Logging"}
{"level":"INFO","message":"[4:07:30.174 PM]: No client config detected."}
{"level":"INFO","message":"[4:07:30.174 PM]: No config file path found. Client config will not be used."}
{"level":"INFO","message":"[4:07:30.174 PM]: Easy Logging is disabled as no config has been found"}
{"level":"INFO","message":"[4:07:30.174 PM]: Connection[id: de9d1df8-ac2d-4316-a306-4b7bc77f0c5a] - authentication successful using: SNOWFLAKE"}
{"level":"INFO","message":"[4:07:30.779 PM]: Connection[id: de9d1df8-ac2d-4316-a306-4b7bc77f0c5a] - connection established successfully after 611.03 milliseconds"}
{"level":"INFO","message":"[4:11:54.810 PM]: Creating new connection object"}
{"level":"INFO","message":"[4:11:54.814 PM]: Creating Connection[id: 1f64e298-e5b5-495f-9fcf-6247ec08d800] with host: fya14544.snowflakecomputing.com, account: fya14544, accessUrl: https://fya14544.snowflakecomputing.com, user: EPIC_DEV, role: EPIC_DEV_ROLE, database: TEST_DEVELOPMENT_ENVIROMENT, schema: DEV_SCHEMA, warehouse: , proxy was not configured, password is provided, region: undefined, authenticator: SNOWFLAKE, ocsp mode: FAIL_OPEN, os: darwin, os version: 25.4.0"}
{"level":"INFO","message":"[4:11:54.814 PM]: Connection[id: 1f64e298-e5b5-495f-9fcf-6247ec08d800] additional details: passcode in password is provided, passcode is not provided, private key is not provided, application: undefined, client name: snowflake-sdk, client version: 2.4.0, retry timeout: 300, private key path: undefined, private key pass is not provided, client store temporary credential: false, browser response timeout: 120000"}
{"level":"INFO","message":"[4:11:54.815 PM]: Connection[id: 1f64e298-e5b5-495f-9fcf-6247ec08d800] - connection object created successfully."}
{"level":"INFO","message":"[4:11:54.815 PM]: Connection[id: 1f64e298-e5b5-495f-9fcf-6247ec08d800] - async connecting. Associated Snowflake domain: GLOBAL"}
{"level":"INFO","message":"[4:11:54.815 PM]: Trying to initialize Easy Logging"}
{"level":"INFO","message":"[4:11:54.849 PM]: No client config detected."}
{"level":"INFO","message":"[4:11:54.849 PM]: No config file path found. Client config will not be used."}
{"level":"INFO","message":"[4:11:54.849 PM]: Easy Logging is disabled as no config has been found"}
{"level":"INFO","message":"[4:11:54.849 PM]: Connection[id: 1f64e298-e5b5-495f-9fcf-6247ec08d800] - authentication successful using: SNOWFLAKE"}
{"level":"INFO","message":"[4:11:55.570 PM]: Connection[id: 1f64e298-e5b5-495f-9fcf-6247ec08d800] - connection established successfully after 754.84 milliseconds"}
{"level":"INFO","message":"[4:37:44.680 PM]: Creating new connection object"}
{"level":"INFO","message":"[4:37:44.685 PM]: Creating Connection[id: aa6cbd2e-5eaf-4d87-aa76-8ae5febceb13] with host: fya14544.snowflakecomputing.com, account: fya14544, accessUrl: https://fya14544.snowflakecomputing.com, user: EPIC_DEV, role: EPIC_DEV_ROLE, database: TEST_DEVELOPMENT_ENVIROMENT, schema: DEV_SCHEMA, warehouse: , proxy was not configured, password is provided, region: undefined, authenticator: SNOWFLAKE, ocsp mode: FAIL_OPEN, os: darwin, os version: 25.4.0"}
{"level":"INFO","message":"[4:37:44.685 PM]: Connection[id: aa6cbd2e-5eaf-4d87-aa76-8ae5febceb13] additional details: passcode in password is provided, passcode is not provided, private key is not provided, application: undefined, client name: snowflake-sdk, client version: 2.4.0, retry timeout: 300, private key path: undefined, private key pass is not provided, client store temporary credential: false, browser response timeout: 120000"}
{"level":"INFO","message":"[4:37:44.685 PM]: Connection[id: aa6cbd2e-5eaf-4d87-aa76-8ae5febceb13] - connection object created successfully."}
{"level":"INFO","message":"[4:37:44.686 PM]: Connection[id: aa6cbd2e-5eaf-4d87-aa76-8ae5febceb13] - async connecting. Associated Snowflake domain: GLOBAL"}
{"level":"INFO","message":"[4:37:44.686 PM]: Trying to initialize Easy Logging"}
{"level":"INFO","message":"[4:37:44.695 PM]: No client config detected."}
{"level":"INFO","message":"[4:37:44.695 PM]: No config file path found. Client config will not be used."}
{"level":"INFO","message":"[4:37:44.695 PM]: Easy Logging is disabled as no config has been found"}
{"level":"INFO","message":"[4:37:44.696 PM]: Connection[id: aa6cbd2e-5eaf-4d87-aa76-8ae5febceb13] - authentication successful using: SNOWFLAKE"}
{"level":"INFO","message":"[4:37:45.682 PM]: Connection[id: aa6cbd2e-5eaf-4d87-aa76-8ae5febceb13] - connection established successfully after 996.8 milliseconds"}
{"level":"INFO","message":"[4:38:23.022 PM]: Creating new connection object"}
{"level":"INFO","message":"[4:38:23.028 PM]: Creating Connection[id: 8b70e6f4-d521-451a-ac8f-10cf2ac7f262] with host: fya14544.snowflakecomputing.com, account: fya14544, accessUrl: https://fya14544.snowflakecomputing.com, user: EPIC_DEV, role: EPIC_DEV_ROLE, database: TEST_DEVELOPMENT_ENVIROMENT, schema: DEV_SCHEMA, warehouse: , proxy was not configured, password is provided, region: undefined, authenticator: SNOWFLAKE, ocsp mode: FAIL_OPEN, os: darwin, os version: 25.4.0"}
{"level":"INFO","message":"[4:38:23.028 PM]: Connection[id: 8b70e6f4-d521-451a-ac8f-10cf2ac7f262] additional details: passcode in password is provided, passcode is not provided, private key is not provided, application: undefined, client name: snowflake-sdk, client version: 2.4.0, retry timeout: 300, private key path: undefined, private key pass is not provided, client store temporary credential: false, browser response timeout: 120000"}
{"level":"INFO","message":"[4:38:23.028 PM]: Connection[id: 8b70e6f4-d521-451a-ac8f-10cf2ac7f262] - connection object created successfully."}
{"level":"INFO","message":"[4:38:23.029 PM]: Connection[id: 8b70e6f4-d521-451a-ac8f-10cf2ac7f262] - async connecting. Associated Snowflake domain: GLOBAL"}
{"level":"INFO","message":"[4:38:23.029 PM]: Trying to initialize Easy Logging"}
{"level":"INFO","message":"[4:38:23.032 PM]: No client config detected."}
{"level":"INFO","message":"[4:38:23.032 PM]: No config file path found. Client config will not be used."}
{"level":"INFO","message":"[4:38:23.032 PM]: Easy Logging is disabled as no config has been found"}
{"level":"INFO","message":"[4:38:23.032 PM]: Connection[id: 8b70e6f4-d521-451a-ac8f-10cf2ac7f262] - authentication successful using: SNOWFLAKE"}
{"level":"INFO","message":"[4:38:23.760 PM]: Connection[id: 8b70e6f4-d521-451a-ac8f-10cf2ac7f262] - connection established successfully after 731.35 milliseconds"}
{"level":"INFO","message":"[4:38:44.389 PM]: Creating new connection object"}
{"level":"INFO","message":"[4:38:44.394 PM]: Creating Connection[id: 86cabf47-aaf2-4e68-b167-43c37ca1c493] with host: fya14544.snowflakecomputing.com, account: fya14544, accessUrl: https://fya14544.snowflakecomputing.com, user: EPIC_DEV, role: EPIC_DEV_ROLE, database: TEST_DEVELOPMENT_ENVIROMENT, schema: DEV_SCHEMA, warehouse: , proxy was not configured, password is provided, region: undefined, authenticator: SNOWFLAKE, ocsp mode: FAIL_OPEN, os: darwin, os version: 25.4.0"}
{"level":"INFO","message":"[4:38:44.395 PM]: Connection[id: 86cabf47-aaf2-4e68-b167-43c37ca1c493] additional details: passcode in password is provided, passcode is not provided, private key is not provided, application: undefined, client name: snowflake-sdk, client version: 2.4.0, retry timeout: 300, private key path: undefined, private key pass is not provided, client store temporary credential: false, browser response timeout: 120000"}
{"level":"INFO","message":"[4:38:44.395 PM]: Connection[id: 86cabf47-aaf2-4e68-b167-43c37ca1c493] - connection object created successfully."}
{"level":"INFO","message":"[4:38:44.399 PM]: Connection[id: 86cabf47-aaf2-4e68-b167-43c37ca1c493] - async connecting. Associated Snowflake domain: GLOBAL"}
{"level":"INFO","message":"[4:38:44.400 PM]: Trying to initialize Easy Logging"}
{"level":"INFO","message":"[4:38:44.498 PM]: No client config detected."}
{"level":"INFO","message":"[4:38:44.498 PM]: No config file path found. Client config will not be used."}
{"level":"INFO","message":"[4:38:44.498 PM]: Easy Logging is disabled as no config has been found"}
{"level":"INFO","message":"[4:38:44.498 PM]: Connection[id: 86cabf47-aaf2-4e68-b167-43c37ca1c493] - authentication successful using: SNOWFLAKE"}
{"level":"INFO","message":"[4:38:45.057 PM]: Connection[id: 86cabf47-aaf2-4e68-b167-43c37ca1c493] - connection established successfully after 657.22 milliseconds"}
{"level":"INFO","message":"[7:45:56.209 PM]: Creating new connection object"}
{"level":"INFO","message":"[7:45:56.214 PM]: Creating Connection[id: 2a3ffa06-d90f-477b-a0f3-cfe0db4e39c3] with host: fya14544.snowflakecomputing.com, account: fya14544, accessUrl: https://fya14544.snowflakecomputing.com, user: EPIC_DEV, role: EPIC_DEV_ROLE, database: TEST_DEVELOPMENT_ENVIROMENT, schema: DEV_SCHEMA, warehouse: , proxy was not configured, password is provided, region: undefined, authenticator: SNOWFLAKE, ocsp mode: FAIL_OPEN, os: darwin, os version: 25.4.0"}
{"level":"INFO","message":"[7:45:56.215 PM]: Connection[id: 2a3ffa06-d90f-477b-a0f3-cfe0db4e39c3] additional details: passcode in password is provided, passcode is not provided, private key is not provided, application: undefined, client name: snowflake-sdk, client version: 2.4.0, retry timeout: 300, private key path: undefined, private key pass is not provided, client store temporary credential: false, browser response timeout: 120000"}
{"level":"INFO","message":"[7:45:56.215 PM]: Connection[id: 2a3ffa06-d90f-477b-a0f3-cfe0db4e39c3] - connection object created successfully."}
{"level":"INFO","message":"[7:45:56.215 PM]: Connection[id: 2a3ffa06-d90f-477b-a0f3-cfe0db4e39c3] - async connecting. Associated Snowflake domain: GLOBAL"}
{"level":"INFO","message":"[7:45:56.215 PM]: Trying to initialize Easy Logging"}
{"level":"INFO","message":"[7:45:56.218 PM]: No client config detected."}
{"level":"INFO","message":"[7:45:56.218 PM]: No config file path found. Client config will not be used."}
{"level":"INFO","message":"[7:45:56.218 PM]: Easy Logging is disabled as no config has been found"}
{"level":"INFO","message":"[7:45:56.219 PM]: Connection[id: 2a3ffa06-d90f-477b-a0f3-cfe0db4e39c3] - authentication successful using: SNOWFLAKE"}
{"level":"INFO","message":"[7:45:57.040 PM]: Connection[id: 2a3ffa06-d90f-477b-a0f3-cfe0db4e39c3] - connection established successfully after 825.07 milliseconds"}
{"level":"INFO","message":"[9:44:36.572 PM]: Creating new connection object"}
{"level":"INFO","message":"[9:44:36.577 PM]: Creating Connection[id: 64fb454f-46cd-4ffa-a329-7b1ac0e7b97d] with host: fya14544.snowflakecomputing.com, account: fya14544, accessUrl: https://fya14544.snowflakecomputing.com, user: EPIC_DEV, role: EPIC_DEV_ROLE, database: TEST_DEVELOPMENT_ENVIROMENT, schema: DEV_SCHEMA, warehouse: , proxy was not configured, password is provided, region: undefined, authenticator: SNOWFLAKE, ocsp mode: FAIL_OPEN, os: darwin, os version: 25.4.0"}
{"level":"INFO","message":"[9:44:36.577 PM]: Connection[id: 64fb454f-46cd-4ffa-a329-7b1ac0e7b97d] additional details: passcode in password is provided, passcode is not provided, private key is not provided, application: undefined, client name: snowflake-sdk, client version: 2.4.0, retry timeout: 300, private key path: undefined, private key pass is not provided, client store temporary credential: false, browser response timeout: 120000"}
{"level":"INFO","message":"[9:44:36.578 PM]: Connection[id: 64fb454f-46cd-4ffa-a329-7b1ac0e7b97d] - connection object created successfully."}
{"level":"INFO","message":"[9:44:36.580 PM]: Connection[id: 64fb454f-46cd-4ffa-a329-7b1ac0e7b97d] - async connecting. Associated Snowflake domain: GLOBAL"}
{"level":"INFO","message":"[9:44:36.581 PM]: Trying to initialize Easy Logging"}
{"level":"INFO","message":"[9:44:36.586 PM]: No client config detected."}
{"level":"INFO","message":"[9:44:36.586 PM]: No config file path found. Client config will not be used."}
{"level":"INFO","message":"[9:44:36.586 PM]: Easy Logging is disabled as no config has been found"}
{"level":"INFO","message":"[9:44:36.586 PM]: Connection[id: 64fb454f-46cd-4ffa-a329-7b1ac0e7b97d] - authentication successful using: SNOWFLAKE"}
{"level":"INFO","message":"[9:44:37.333 PM]: Connection[id: 64fb454f-46cd-4ffa-a329-7b1ac0e7b97d] - connection established successfully after 752.94 milliseconds"}
{"level":"INFO","message":"[10:26:14.031 PM]: Creating new connection object"}
{"level":"INFO","message":"[10:26:14.036 PM]: Creating Connection[id: 6e8c21a4-2c74-42b6-87a8-f55fc692d575] with host: fya14544.snowflakecomputing.com, account: fya14544, accessUrl: https://fya14544.snowflakecomputing.com, user: EPIC_DEV, role: EPIC_DEV_ROLE, database: TEST_DEVELOPMENT_ENVIROMENT, schema: DEV_SCHEMA, warehouse: , proxy was not configured, password is provided, region: undefined, authenticator: SNOWFLAKE, ocsp mode: FAIL_OPEN, os: darwin, os version: 25.4.0"}
{"level":"INFO","message":"[10:26:14.036 PM]: Connection[id: 6e8c21a4-2c74-42b6-87a8-f55fc692d575] additional details: passcode in password is provided, passcode is not provided, private key is not provided, application: undefined, client name: snowflake-sdk, client version: 2.4.0, retry timeout: 300, private key path: undefined, private key pass is not provided, client store temporary credential: false, browser response timeout: 120000"}
{"level":"INFO","message":"[10:26:14.036 PM]: Connection[id: 6e8c21a4-2c74-42b6-87a8-f55fc692d575] - connection object created successfully."}
{"level":"INFO","message":"[10:26:14.036 PM]: Connection[id: 6e8c21a4-2c74-42b6-87a8-f55fc692d575] - async connecting. Associated Snowflake domain: GLOBAL"}
{"level":"INFO","message":"[10:26:14.036 PM]: Trying to initialize Easy Logging"}
{"level":"INFO","message":"[10:26:14.181 PM]: No client config detected."}
{"level":"INFO","message":"[10:26:14.181 PM]: No config file path found. Client config will not be used."}
{"level":"INFO","message":"[10:26:14.181 PM]: Easy Logging is disabled as no config has been found"}
{"level":"INFO","message":"[10:26:14.181 PM]: Connection[id: 6e8c21a4-2c74-42b6-87a8-f55fc692d575] - authentication successful using: SNOWFLAKE"}
{"level":"INFO","message":"[10:26:14.859 PM]: Connection[id: 6e8c21a4-2c74-42b6-87a8-f55fc692d575] - connection established successfully after 822.39 milliseconds"}
{"level":"INFO","message":"[11:16:29.875 AM]: Creating new connection object"}
{"level":"INFO","message":"[11:16:29.879 AM]: Creating Connection[id: 80dbb420-a05c-477b-8ded-b636d68fff59] with host: fya14544.snowflakecomputing.com, account: fya14544, accessUrl: https://fya14544.snowflakecomputing.com, user: EPIC_DEV, role: EPIC_DEV_ROLE, database: TEST_DEVELOPMENT_ENVIROMENT, schema: DEV_SCHEMA, warehouse: , proxy was not configured, password is provided, region: undefined, authenticator: SNOWFLAKE, ocsp mode: FAIL_OPEN, os: darwin, os version: 25.4.0"}
{"level":"INFO","message":"[11:16:29.880 AM]: Connection[id: 80dbb420-a05c-477b-8ded-b636d68fff59] additional details: passcode in password is provided, passcode is not provided, private key is not provided, application: undefined, client name: snowflake-sdk, client version: 2.4.0, retry timeout: 300, private key path: undefined, private key pass is not provided, client store temporary credential: false, browser response timeout: 120000"}
{"level":"INFO","message":"[11:16:29.880 AM]: Connection[id: 80dbb420-a05c-477b-8ded-b636d68fff59] - connection object created successfully."}
{"level":"INFO","message":"[11:16:29.880 AM]: Connection[id: 80dbb420-a05c-477b-8ded-b636d68fff59] - async connecting. Associated Snowflake domain: GLOBAL"}
{"level":"INFO","message":"[11:16:29.880 AM]: Trying to initialize Easy Logging"}
{"level":"INFO","message":"[11:16:29.884 AM]: No client config detected."}
{"level":"INFO","message":"[11:16:29.884 AM]: No config file path found. Client config will not be used."}
{"level":"INFO","message":"[11:16:29.884 AM]: Easy Logging is disabled as no config has been found"}
{"level":"INFO","message":"[11:16:29.884 AM]: Connection[id: 80dbb420-a05c-477b-8ded-b636d68fff59] - authentication successful using: SNOWFLAKE"}
{"level":"INFO","message":"[11:16:30.580 AM]: Connection[id: 80dbb420-a05c-477b-8ded-b636d68fff59] - connection established successfully after 700.06 milliseconds"}
{"level":"INFO","message":"[12:52:03.007 PM]: Creating new connection object"}
{"level":"INFO","message":"[12:52:03.012 PM]: Creating Connection[id: cc672670-5fcb-47b4-88ec-1cc030e187fa] with host: fya14544.snowflakecomputing.com, account: fya14544, accessUrl: https://fya14544.snowflakecomputing.com, user: EPIC_DEV, role: EPIC_DEV_ROLE, database: TEST_DEVELOPMENT_ENVIROMENT, schema: DEV_SCHEMA, warehouse: , proxy was not configured, password is provided, region: undefined, authenticator: SNOWFLAKE, ocsp mode: FAIL_OPEN, os: darwin, os version: 25.4.0"}
{"level":"INFO","message":"[12:52:03.013 PM]: Connection[id: cc672670-5fcb-47b4-88ec-1cc030e187fa] additional details: passcode in password is provided, passcode is not provided, private key is not provided, application: undefined, client name: snowflake-sdk, client version: 2.4.0, retry timeout: 300, private key path: undefined, private key pass is not provided, client store temporary credential: false, browser response timeout: 120000"}
{"level":"INFO","message":"[12:52:03.013 PM]: Connection[id: cc672670-5fcb-47b4-88ec-1cc030e187fa] - connection object created successfully."}
{"level":"INFO","message":"[12:52:03.013 PM]: Connection[id: cc672670-5fcb-47b4-88ec-1cc030e187fa] - async connecting. Associated Snowflake domain: GLOBAL"}
{"level":"INFO","message":"[12:52:03.013 PM]: Trying to initialize Easy Logging"}
{"level":"INFO","message":"[12:52:03.017 PM]: No client config detected."}
{"level":"INFO","message":"[12:52:03.017 PM]: No config file path found. Client config will not be used."}
{"level":"INFO","message":"[12:52:03.017 PM]: Easy Logging is disabled as no config has been found"}
{"level":"INFO","message":"[12:52:03.018 PM]: Connection[id: cc672670-5fcb-47b4-88ec-1cc030e187fa] - authentication successful using: SNOWFLAKE"}
{"level":"INFO","message":"[12:52:03.792 PM]: Connection[id: cc672670-5fcb-47b4-88ec-1cc030e187fa] - connection established successfully after 779.04 milliseconds"}
{"level":"INFO","message":"[1:13:14.089 PM]: Creating new connection object"}
{"level":"INFO","message":"[1:13:14.095 PM]: Creating Connection[id: 26075b1f-5edf-4c4c-a894-3fe9f16ef3f6] with host: fya14544.snowflakecomputing.com, account: fya14544, accessUrl: https://fya14544.snowflakecomputing.com, user: EPIC_DEV, role: EPIC_DEV_ROLE, database: TEST_DEVELOPMENT_ENVIROMENT, schema: DEV_SCHEMA, warehouse: , proxy was not configured, password is provided, region: undefined, authenticator: SNOWFLAKE, ocsp mode: FAIL_OPEN, os: darwin, os version: 25.4.0"}
{"level":"INFO","message":"[1:13:14.095 PM]: Connection[id: 26075b1f-5edf-4c4c-a894-3fe9f16ef3f6] additional details: passcode in password is provided, passcode is not provided, private key is not provided, application: undefined, client name: snowflake-sdk, client version: 2.4.0, retry timeout: 300, private key path: undefined, private key pass is not provided, client store temporary credential: false, browser response timeout: 120000"}
{"level":"INFO","message":"[1:13:14.096 PM]: Connection[id: 26075b1f-5edf-4c4c-a894-3fe9f16ef3f6] - connection object created successfully."}
{"level":"INFO","message":"[1:13:14.096 PM]: Connection[id: 26075b1f-5edf-4c4c-a894-3fe9f16ef3f6] - async connecting. Associated Snowflake domain: GLOBAL"}
{"level":"INFO","message":"[1:13:14.096 PM]: Trying to initialize Easy Logging"}
{"level":"INFO","message":"[1:13:14.126 PM]: No client config detected."}
{"level":"INFO","message":"[1:13:14.126 PM]: No config file path found. Client config will not be used."}
{"level":"INFO","message":"[1:13:14.126 PM]: Easy Logging is disabled as no config has been found"}
{"level":"INFO","message":"[1:13:14.126 PM]: Connection[id: 26075b1f-5edf-4c4c-a894-3fe9f16ef3f6] - authentication successful using: SNOWFLAKE"}
{"level":"INFO","message":"[1:13:14.917 PM]: Connection[id: 26075b1f-5edf-4c4c-a894-3fe9f16ef3f6] - connection established successfully after 821.35 milliseconds"}
{"level":"INFO","message":"[1:24:45.970 PM]: Creating new connection object"}
{"level":"INFO","message":"[1:24:45.975 PM]: Creating Connection[id: 53c30d8b-cc02-42ab-9a2f-422051a0bfac] with host: fya14544.snowflakecomputing.com, account: fya14544, accessUrl: https://fya14544.snowflakecomputing.com, user: EPIC_DEV, role: EPIC_DEV_ROLE, database: TEST_DEVELOPMENT_ENVIROMENT, schema: DEV_SCHEMA, warehouse: , proxy was not configured, password is provided, region: undefined, authenticator: SNOWFLAKE, ocsp mode: FAIL_OPEN, os: darwin, os version: 25.4.0"}
{"level":"INFO","message":"[1:24:45.975 PM]: Connection[id: 53c30d8b-cc02-42ab-9a2f-422051a0bfac] additional details: passcode in password is provided, passcode is not provided, private key is not provided, application: undefined, client name: snowflake-sdk, client version: 2.4.0, retry timeout: 300, private key path: undefined, private key pass is not provided, client store temporary credential: false, browser response timeout: 120000"}
{"level":"INFO","message":"[1:24:45.975 PM]: Connection[id: 53c30d8b-cc02-42ab-9a2f-422051a0bfac] - connection object created successfully."}
{"level":"INFO","message":"[1:24:45.976 PM]: Connection[id: 53c30d8b-cc02-42ab-9a2f-422051a0bfac] - async connecting. Associated Snowflake domain: GLOBAL"}
{"level":"INFO","message":"[1:24:45.976 PM]: Trying to initialize Easy Logging"}
{"level":"INFO","message":"[1:24:45.980 PM]: No client config detected."}
{"level":"INFO","message":"[1:24:45.980 PM]: No config file path found. Client config will not be used."}
{"level":"INFO","message":"[1:24:45.980 PM]: Easy Logging is disabled as no config has been found"}
{"level":"INFO","message":"[1:24:45.980 PM]: Connection[id: 53c30d8b-cc02-42ab-9a2f-422051a0bfac] - authentication successful using: SNOWFLAKE"}
{"level":"INFO","message":"[1:24:46.626 PM]: Connection[id: 53c30d8b-cc02-42ab-9a2f-422051a0bfac] - connection established successfully after 650.67 milliseconds"}
{"level":"INFO","message":"[2:34:21.635 PM]: Creating new connection object"}
{"level":"INFO","message":"[2:34:21.644 PM]: Creating Connection[id: 494913e2-75a1-4455-964b-31d5e374aea5] with host: fya14544.snowflakecomputing.com, account: fya14544, accessUrl: https://fya14544.snowflakecomputing.com, user: EPIC_DEV, role: EPIC_DEV_ROLE, database: TEST_DEVELOPMENT_ENVIROMENT, schema: DEV_SCHEMA, warehouse: , proxy was not configured, password is provided, region: undefined, authenticator: SNOWFLAKE, ocsp mode: FAIL_OPEN, os: darwin, os version: 25.4.0"}
{"level":"INFO","message":"[2:34:21.644 PM]: Connection[id: 494913e2-75a1-4455-964b-31d5e374aea5] additional details: passcode in password is provided, passcode is not provided, private key is not provided, application: undefined, client name: snowflake-sdk, client version: 2.4.0, retry timeout: 300, private key path: undefined, private key pass is not provided, client store temporary credential: false, browser response timeout: 120000"}
{"level":"INFO","message":"[2:34:21.645 PM]: Connection[id: 494913e2-75a1-4455-964b-31d5e374aea5] - connection object created successfully."}
{"level":"INFO","message":"[2:34:21.645 PM]: Connection[id: 494913e2-75a1-4455-964b-31d5e374aea5] - async connecting. Associated Snowflake domain: GLOBAL"}
{"level":"INFO","message":"[2:34:21.645 PM]: Trying to initialize Easy Logging"}
{"level":"INFO","message":"[2:34:21.648 PM]: No client config detected."}
{"level":"INFO","message":"[2:34:21.648 PM]: No config file path found. Client config will not be used."}
{"level":"INFO","message":"[2:34:21.649 PM]: Easy Logging is disabled as no config has been found"}
{"level":"INFO","message":"[2:34:21.649 PM]: Connection[id: 494913e2-75a1-4455-964b-31d5e374aea5] - authentication successful using: SNOWFLAKE"}
{"level":"INFO","message":"[2:34:22.317 PM]: Connection[id: 494913e2-75a1-4455-964b-31d5e374aea5] - connection established successfully after 671.83 milliseconds"}
{"level":"INFO","message":"[4:45:24.774 PM]: Creating new connection object"}
{"level":"INFO","message":"[4:45:24.779 PM]: Creating Connection[id: 0f85ffaa-1358-4609-bbe7-eb0116c625fa] with host: fya14544.snowflakecomputing.com, account: fya14544, accessUrl: https://fya14544.snowflakecomputing.com, user: EPIC_DEV, role: EPIC_DEV_ROLE, database: TEST_DEVELOPMENT_ENVIROMENT, schema: DEV_SCHEMA, warehouse: , proxy was not configured, password is provided, region: undefined, authenticator: SNOWFLAKE, ocsp mode: FAIL_OPEN, os: darwin, os version: 25.4.0"}
{"level":"INFO","message":"[4:45:24.779 PM]: Connection[id: 0f85ffaa-1358-4609-bbe7-eb0116c625fa] additional details: passcode in password is provided, passcode is not provided, private key is not provided, application: undefined, client name: snowflake-sdk, client version: 2.4.0, retry timeout: 300, private key path: undefined, private key pass is not provided, client store temporary credential: false, browser response timeout: 120000"}
{"level":"INFO","message":"[4:45:24.780 PM]: Connection[id: 0f85ffaa-1358-4609-bbe7-eb0116c625fa] - connection object created successfully."}
{"level":"INFO","message":"[4:45:24.780 PM]: Connection[id: 0f85ffaa-1358-4609-bbe7-eb0116c625fa] - async connecting. Associated Snowflake domain: GLOBAL"}
{"level":"INFO","message":"[4:45:24.780 PM]: Trying to initialize Easy Logging"}
{"level":"INFO","message":"[4:45:24.781 PM]: No client config detected."}
{"level":"INFO","message":"[4:45:24.781 PM]: No config file path found. Client config will not be used."}
{"level":"INFO","message":"[4:45:24.781 PM]: Easy Logging is disabled as no config has been found"}
{"level":"INFO","message":"[4:45:24.781 PM]: Connection[id: 0f85ffaa-1358-4609-bbe7-eb0116c625fa] - authentication successful using: SNOWFLAKE"}
{"level":"INFO","message":"[4:45:25.426 PM]: Connection[id: 0f85ffaa-1358-4609-bbe7-eb0116c625fa] - connection established successfully after 646.5 milliseconds"}
{"level":"INFO","message":"[5:17:09.892 PM]: Creating new connection object"}
{"level":"INFO","message":"[5:17:09.898 PM]: Creating Connection[id: e80973e7-6cd3-4a10-8224-b51d6ce0ed20] with host: fya14544.snowflakecomputing.com, account: fya14544, accessUrl: https://fya14544.snowflakecomputing.com, user: EPIC_DEV, role: EPIC_DEV_ROLE, database: TEST_DEVELOPMENT_ENVIROMENT, schema: DEV_SCHEMA, warehouse: , proxy was not configured, password is provided, region: undefined, authenticator: SNOWFLAKE, ocsp mode: FAIL_OPEN, os: darwin, os version: 25.4.0"}
{"level":"INFO","message":"[5:17:09.898 PM]: Connection[id: e80973e7-6cd3-4a10-8224-b51d6ce0ed20] additional details: passcode in password is provided, passcode is not provided, private key is not provided, application: undefined, client name: snowflake-sdk, client version: 2.4.0, retry timeout: 300, private key path: undefined, private key pass is not provided, client store temporary credential: false, browser response timeout: 120000"}
{"level":"INFO","message":"[5:17:09.898 PM]: Connection[id: e80973e7-6cd3-4a10-8224-b51d6ce0ed20] - connection object created successfully."}
{"level":"INFO","message":"[5:17:09.899 PM]: Connection[id: e80973e7-6cd3-4a10-8224-b51d6ce0ed20] - async connecting. Associated Snowflake domain: GLOBAL"}
{"level":"INFO","message":"[5:17:09.899 PM]: Trying to initialize Easy Logging"}
{"level":"INFO","message":"[5:17:09.938 PM]: No client config detected."}
{"level":"INFO","message":"[5:17:09.939 PM]: No config file path found. Client config will not be used."}
{"level":"INFO","message":"[5:17:09.939 PM]: Easy Logging is disabled as no config has been found"}
{"level":"INFO","message":"[5:17:09.939 PM]: Connection[id: e80973e7-6cd3-4a10-8224-b51d6ce0ed20] - authentication successful using: SNOWFLAKE"}
{"level":"INFO","message":"[5:17:10.800 PM]: Connection[id: e80973e7-6cd3-4a10-8224-b51d6ce0ed20] - connection established successfully after 901.58 milliseconds"}
{"level":"INFO","message":"[6:43:00.129 PM]: Creating new connection object"}
{"level":"INFO","message":"[6:43:00.134 PM]: Creating Connection[id: 60f6d37a-8c11-468b-a4d9-4cce090bb250] with host: fya14544.snowflakecomputing.com, account: fya14544, accessUrl: https://fya14544.snowflakecomputing.com, user: EPIC_DEV, role: EPIC_DEV_ROLE, database: TEST_DEVELOPMENT_ENVIROMENT, schema: DEV_SCHEMA, warehouse: , proxy was not configured, password is provided, region: undefined, authenticator: SNOWFLAKE, ocsp mode: FAIL_OPEN, os: darwin, os version: 25.4.0"}
{"level":"INFO","message":"[6:43:00.134 PM]: Connection[id: 60f6d37a-8c11-468b-a4d9-4cce090bb250] additional details: passcode in password is provided, passcode is not provided, private key is not provided, application: undefined, client name: snowflake-sdk, client version: 2.4.0, retry timeout: 300, private key path: undefined, private key pass is not provided, client store temporary credential: false, browser response timeout: 120000"}
{"level":"INFO","message":"[6:43:00.134 PM]: Connection[id: 60f6d37a-8c11-468b-a4d9-4cce090bb250] - connection object created successfully."}
{"level":"INFO","message":"[6:43:00.134 PM]: Connection[id: 60f6d37a-8c11-468b-a4d9-4cce090bb250] - async connecting. Associated Snowflake domain: GLOBAL"}
{"level":"INFO","message":"[6:43:00.134 PM]: Trying to initialize Easy Logging"}
{"level":"INFO","message":"[6:43:00.190 PM]: No client config detected."}
{"level":"INFO","message":"[6:43:00.190 PM]: No config file path found. Client config will not be used."}
{"level":"INFO","message":"[6:43:00.190 PM]: Easy Logging is disabled as no config has been found"}
{"level":"INFO","message":"[6:43:00.190 PM]: Connection[id: 60f6d37a-8c11-468b-a4d9-4cce090bb250] - authentication successful using: SNOWFLAKE"}
{"level":"INFO","message":"[6:43:00.965 PM]: Connection[id: 60f6d37a-8c11-468b-a4d9-4cce090bb250] - connection established successfully after 830.83 milliseconds"}
{"level":"INFO","message":"[7:55:57.419 PM]: Creating new connection object"}
{"level":"INFO","message":"[7:55:57.424 PM]: Creating Connection[id: 1fca55aa-b284-406b-8d56-a3fa25db66b1] with host: fya14544.snowflakecomputing.com, account: fya14544, accessUrl: https://fya14544.snowflakecomputing.com, user: EPIC_DEV, role: EPIC_DEV_ROLE, database: TEST_DEVELOPMENT_ENVIROMENT, schema: DEV_SCHEMA, warehouse: , proxy was not configured, password is provided, region: undefined, authenticator: SNOWFLAKE, ocsp mode: FAIL_OPEN, os: darwin, os version: 25.4.0"}
{"level":"INFO","message":"[7:55:57.425 PM]: Connection[id: 1fca55aa-b284-406b-8d56-a3fa25db66b1] additional details: passcode in password is provided, passcode is not provided, private key is not provided, application: undefined, client name: snowflake-sdk, client version: 2.4.0, retry timeout: 300, private key path: undefined, private key pass is not provided, client store temporary credential: false, browser response timeout: 120000"}
{"level":"INFO","message":"[7:55:57.425 PM]: Connection[id: 1fca55aa-b284-406b-8d56-a3fa25db66b1] - connection object created successfully."}
{"level":"INFO","message":"[7:55:57.425 PM]: Connection[id: 1fca55aa-b284-406b-8d56-a3fa25db66b1] - async connecting. Associated Snowflake domain: GLOBAL"}
{"level":"INFO","message":"[7:55:57.425 PM]: Trying to initialize Easy Logging"}
{"level":"INFO","message":"[7:55:57.427 PM]: No client config detected."}
{"level":"INFO","message":"[7:55:57.427 PM]: No config file path found. Client config will not be used."}
{"level":"INFO","message":"[7:55:57.428 PM]: Easy Logging is disabled as no config has been found"}
{"level":"INFO","message":"[7:55:57.428 PM]: Connection[id: 1fca55aa-b284-406b-8d56-a3fa25db66b1] - authentication successful using: SNOWFLAKE"}
{"level":"INFO","message":"[7:55:58.104 PM]: Connection[id: 1fca55aa-b284-406b-8d56-a3fa25db66b1] - connection established successfully after 678.66 milliseconds"}
{"level":"INFO","message":"[10:16:42.332 AM]: Creating new connection object"}
{"level":"INFO","message":"[10:16:42.337 AM]: Creating Connection[id: 8e4a5ece-bc22-45cf-8553-ac6c816e0c35] with host: fya14544.snowflakecomputing.com, account: fya14544, accessUrl: https://fya14544.snowflakecomputing.com, user: EPIC_DEV, role: EPIC_DEV_ROLE, database: TEST_DEVELOPMENT_ENVIROMENT, schema: DEV_SCHEMA, warehouse: , proxy was not configured, password is provided, region: undefined, authenticator: SNOWFLAKE, ocsp mode: FAIL_OPEN, os: darwin, os version: 25.4.0"}
{"level":"INFO","message":"[10:16:42.337 AM]: Connection[id: 8e4a5ece-bc22-45cf-8553-ac6c816e0c35] additional details: passcode in password is provided, passcode is not provided, private key is not provided, application: undefined, client name: snowflake-sdk, client version: 2.4.0, retry timeout: 300, private key path: undefined, private key pass is not provided, client store temporary credential: false, browser response timeout: 120000"}
{"level":"INFO","message":"[10:16:42.337 AM]: Connection[id: 8e4a5ece-bc22-45cf-8553-ac6c816e0c35] - connection object created successfully."}
{"level":"INFO","message":"[10:16:42.338 AM]: Connection[id: 8e4a5ece-bc22-45cf-8553-ac6c816e0c35] - async connecting. Associated Snowflake domain: GLOBAL"}
{"level":"INFO","message":"[10:16:42.338 AM]: Trying to initialize Easy Logging"}
{"level":"INFO","message":"[10:16:42.342 AM]: No client config detected."}
{"level":"INFO","message":"[10:16:42.342 AM]: No config file path found. Client config will not be used."}
{"level":"INFO","message":"[10:16:42.342 AM]: Easy Logging is disabled as no config has been found"}
{"level":"INFO","message":"[10:16:42.342 AM]: Connection[id: 8e4a5ece-bc22-45cf-8553-ac6c816e0c35] - authentication successful using: SNOWFLAKE"}
{"level":"INFO","message":"[10:16:43.161 AM]: Connection[id: 8e4a5ece-bc22-45cf-8553-ac6c816e0c35] - connection established successfully after 823.04 milliseconds"}
{"level":"INFO","message":"[12:34:04.451 PM]: Creating new connection object"}
{"level":"INFO","message":"[12:34:04.456 PM]: Creating Connection[id: aed8207b-fa9b-40a3-a1ae-5148754ba61a] with host: fya14544.snowflakecomputing.com, account: fya14544, accessUrl: https://fya14544.snowflakecomputing.com, user: EPIC_DEV, role: EPIC_DEV_ROLE, database: TEST_DEVELOPMENT_ENVIROMENT, schema: DEV_SCHEMA, warehouse: , proxy was not configured, password is provided, region: undefined, authenticator: SNOWFLAKE, ocsp mode: FAIL_OPEN, os: darwin, os version: 25.4.0"}
{"level":"INFO","message":"[12:34:04.456 PM]: Connection[id: aed8207b-fa9b-40a3-a1ae-5148754ba61a] additional details: passcode in password is provided, passcode is not provided, private key is not provided, application: undefined, client name: snowflake-sdk, client version: 2.4.0, retry timeout: 300, private key path: undefined, private key pass is not provided, client store temporary credential: false, browser response timeout: 120000"}
{"level":"INFO","message":"[12:34:04.456 PM]: Connection[id: aed8207b-fa9b-40a3-a1ae-5148754ba61a] - connection object created successfully."}
{"level":"INFO","message":"[12:34:04.456 PM]: Connection[id: aed8207b-fa9b-40a3-a1ae-5148754ba61a] - async connecting. Associated Snowflake domain: GLOBAL"}
{"level":"INFO","message":"[12:34:04.457 PM]: Trying to initialize Easy Logging"}
{"level":"INFO","message":"[12:34:04.459 PM]: No client config detected."}
{"level":"INFO","message":"[12:34:04.459 PM]: No config file path found. Client config will not be used."}
{"level":"INFO","message":"[12:34:04.459 PM]: Easy Logging is disabled as no config has been found"}
{"level":"INFO","message":"[12:34:04.459 PM]: Connection[id: aed8207b-fa9b-40a3-a1ae-5148754ba61a] - authentication successful using: SNOWFLAKE"}
{"level":"INFO","message":"[12:34:05.185 PM]: Connection[id: aed8207b-fa9b-40a3-a1ae-5148754ba61a] - connection established successfully after 728.21 milliseconds"}
{"level":"INFO","message":"[12:59:57.415 PM]: Creating new connection object"}
{"level":"INFO","message":"[12:59:57.420 PM]: Creating Connection[id: 042d767f-1e0d-4b1f-a831-1e0c32d4eacc] with host: fya14544.snowflakecomputing.com, account: fya14544, accessUrl: https://fya14544.snowflakecomputing.com, user: EPIC_DEV, role: EPIC_DEV_ROLE, database: TEST_DEVELOPMENT_ENVIROMENT, schema: DEV_SCHEMA, warehouse: , proxy was not configured, password is provided, region: undefined, authenticator: SNOWFLAKE, ocsp mode: FAIL_OPEN, os: darwin, os version: 25.4.0"}
{"level":"INFO","message":"[12:59:57.420 PM]: Connection[id: 042d767f-1e0d-4b1f-a831-1e0c32d4eacc] additional details: passcode in password is provided, passcode is not provided, private key is not provided, application: undefined, client name: snowflake-sdk, client version: 2.4.0, retry timeout: 300, private key path: undefined, private key pass is not provided, client store temporary credential: false, browser response timeout: 120000"}
{"level":"INFO","message":"[12:59:57.420 PM]: Connection[id: 042d767f-1e0d-4b1f-a831-1e0c32d4eacc] - connection object created successfully."}
{"level":"INFO","message":"[12:59:57.420 PM]: Connection[id: 042d767f-1e0d-4b1f-a831-1e0c32d4eacc] - async connecting. Associated Snowflake domain: GLOBAL"}
{"level":"INFO","message":"[12:59:57.420 PM]: Trying to initialize Easy Logging"}
{"level":"INFO","message":"[12:59:57.423 PM]: No client config detected."}
{"level":"INFO","message":"[12:59:57.423 PM]: No config file path found. Client config will not be used."}
{"level":"INFO","message":"[12:59:57.423 PM]: Easy Logging is disabled as no config has been found"}
{"level":"INFO","message":"[12:59:57.423 PM]: Connection[id: 042d767f-1e0d-4b1f-a831-1e0c32d4eacc] - authentication successful using: SNOWFLAKE"}
{"level":"INFO","message":"[12:59:58.238 PM]: Connection[id: 042d767f-1e0d-4b1f-a831-1e0c32d4eacc] - connection established successfully after 818.06 milliseconds"}
{"level":"INFO","message":"[1:13:44.408 PM]: Creating new connection object"}
{"level":"INFO","message":"[1:13:44.413 PM]: Creating Connection[id: 3d83fe3b-c0d3-4ee7-9c1f-00b433634b84] with host: fya14544.snowflakecomputing.com, account: fya14544, accessUrl: https://fya14544.snowflakecomputing.com, user: EPIC_DEV, role: EPIC_DEV_ROLE, database: TEST_DEVELOPMENT_ENVIROMENT, schema: DEV_SCHEMA, warehouse: , proxy was not configured, password is provided, region: undefined, authenticator: SNOWFLAKE, ocsp mode: FAIL_OPEN, os: darwin, os version: 25.4.0"}
{"level":"INFO","message":"[1:13:44.413 PM]: Connection[id: 3d83fe3b-c0d3-4ee7-9c1f-00b433634b84] additional details: passcode in password is provided, passcode is not provided, private key is not provided, application: undefined, client name: snowflake-sdk, client version: 2.4.0, retry timeout: 300, private key path: undefined, private key pass is not provided, client store temporary credential: false, browser response timeout: 120000"}
{"level":"INFO","message":"[1:13:44.414 PM]: Connection[id: 3d83fe3b-c0d3-4ee7-9c1f-00b433634b84] - connection object created successfully."}
{"level":"INFO","message":"[1:13:44.414 PM]: Connection[id: 3d83fe3b-c0d3-4ee7-9c1f-00b433634b84] - async connecting. Associated Snowflake domain: GLOBAL"}
{"level":"INFO","message":"[1:13:44.414 PM]: Trying to initialize Easy Logging"}
{"level":"INFO","message":"[1:13:44.417 PM]: No client config detected."}
{"level":"INFO","message":"[1:13:44.417 PM]: No config file path found. Client config will not be used."}
{"level":"INFO","message":"[1:13:44.417 PM]: Easy Logging is disabled as no config has been found"}
{"level":"INFO","message":"[1:13:44.417 PM]: Connection[id: 3d83fe3b-c0d3-4ee7-9c1f-00b433634b84] - authentication successful using: SNOWFLAKE"}
{"level":"INFO","message":"[1:13:45.225 PM]: Connection[id: 3d83fe3b-c0d3-4ee7-9c1f-00b433634b84] - connection established successfully after 811.41 milliseconds"}
{"level":"INFO","message":"[8:58:47.652 AM]: Creating new connection object"}
{"level":"INFO","message":"[8:58:47.657 AM]: Creating Connection[id: ca95726f-89b7-4f92-9702-1901482e8532] with host: fya14544.snowflakecomputing.com, account: fya14544, accessUrl: https://fya14544.snowflakecomputing.com, user: EPIC_DEV, role: EPIC_DEV_ROLE, database: TEST_DEVELOPMENT_ENVIROMENT, schema: DEV_SCHEMA, warehouse: , proxy was not configured, password is provided, region: undefined, authenticator: SNOWFLAKE, ocsp mode: FAIL_OPEN, os: darwin, os version: 25.5.0"}
{"level":"INFO","message":"[8:58:47.657 AM]: Connection[id: ca95726f-89b7-4f92-9702-1901482e8532] additional details: passcode in password is provided, passcode is not provided, private key is not provided, application: undefined, client name: snowflake-sdk, client version: 2.4.0, retry timeout: 300, private key path: undefined, private key pass is not provided, client store temporary credential: false, browser response timeout: 120000"}
{"level":"INFO","message":"[8:58:47.657 AM]: Connection[id: ca95726f-89b7-4f92-9702-1901482e8532] - connection object created successfully."}
{"level":"INFO","message":"[8:58:47.658 AM]: Connection[id: ca95726f-89b7-4f92-9702-1901482e8532] - async connecting. Associated Snowflake domain: GLOBAL"}
{"level":"INFO","message":"[8:58:47.658 AM]: Trying to initialize Easy Logging"}
{"level":"INFO","message":"[8:58:47.701 AM]: No client config detected."}
{"level":"INFO","message":"[8:58:47.701 AM]: No config file path found. Client config will not be used."}
{"level":"INFO","message":"[8:58:47.701 AM]: Easy Logging is disabled as no config has been found"}
{"level":"INFO","message":"[8:58:47.701 AM]: Connection[id: ca95726f-89b7-4f92-9702-1901482e8532] - authentication successful using: SNOWFLAKE"}
{"level":"INFO","message":"[8:58:49.110 AM]: Connection[id: ca95726f-89b7-4f92-9702-1901482e8532] - connection established successfully after 1451.95 milliseconds"}
{"level":"INFO","message":"[9:22:48.810 AM]: Creating new connection object"}
{"level":"INFO","message":"[9:22:48.817 AM]: Creating Connection[id: 8e4b4198-db4c-45b0-9724-101448a8b18a] with host: fya14544.snowflakecomputing.com, account: fya14544, accessUrl: https://fya14544.snowflakecomputing.com, user: EPIC_DEV, role: EPIC_DEV_ROLE, database: TEST_DEVELOPMENT_ENVIROMENT, schema: DEV_SCHEMA, warehouse: , proxy was not configured, password is provided, region: undefined, authenticator: SNOWFLAKE, ocsp mode: FAIL_OPEN, os: darwin, os version: 25.5.0"}
{"level":"INFO","message":"[9:22:48.817 AM]: Connection[id: 8e4b4198-db4c-45b0-9724-101448a8b18a] additional details: passcode in password is provided, passcode is not provided, private key is not provided, application: undefined, client name: snowflake-sdk, client version: 2.4.0, retry timeout: 300, private key path: undefined, private key pass is not provided, client store temporary credential: false, browser response timeout: 120000"}
{"level":"INFO","message":"[9:22:48.817 AM]: Connection[id: 8e4b4198-db4c-45b0-9724-101448a8b18a] - connection object created successfully."}
{"level":"INFO","message":"[9:22:48.817 AM]: Connection[id: 8e4b4198-db4c-45b0-9724-101448a8b18a] - async connecting. Associated Snowflake domain: GLOBAL"}
{"level":"INFO","message":"[9:22:48.817 AM]: Trying to initialize Easy Logging"}
{"level":"INFO","message":"[9:22:48.820 AM]: No client config detected."}
{"level":"INFO","message":"[9:22:48.820 AM]: No config file path found. Client config will not be used."}
{"level":"INFO","message":"[9:22:48.820 AM]: Easy Logging is disabled as no config has been found"}
{"level":"INFO","message":"[9:22:48.820 AM]: Connection[id: 8e4b4198-db4c-45b0-9724-101448a8b18a] - authentication successful using: SNOWFLAKE"}
{"level":"INFO","message":"[9:22:49.530 AM]: Connection[id: 8e4b4198-db4c-45b0-9724-101448a8b18a] - connection established successfully after 712.52 milliseconds"}
{"level":"INFO","message":"[1:09:32.473 PM]: Creating new connection object"}
{"level":"INFO","message":"[1:09:32.477 PM]: Creating Connection[id: fa5e5e09-8c46-4c26-b9af-1ca0ab1a6835] with host: fya14544.snowflakecomputing.com, account: fya14544, accessUrl: https://fya14544.snowflakecomputing.com, user: EPIC_DEV, role: EPIC_DEV_ROLE, database: TEST_DEVELOPMENT_ENVIROMENT, schema: DEV_SCHEMA, warehouse: , proxy was not configured, password is provided, region: undefined, authenticator: SNOWFLAKE, ocsp mode: FAIL_OPEN, os: darwin, os version: 25.5.0"}
{"level":"INFO","message":"[1:09:32.478 PM]: Connection[id: fa5e5e09-8c46-4c26-b9af-1ca0ab1a6835] additional details: passcode in password is provided, passcode is not provided, private key is not provided, application: undefined, client name: snowflake-sdk, client version: 2.4.0, retry timeout: 300, private key path: undefined, private key pass is not provided, client store temporary credential: false, browser response timeout: 120000"}
{"level":"INFO","message":"[1:09:32.478 PM]: Connection[id: fa5e5e09-8c46-4c26-b9af-1ca0ab1a6835] - connection object created successfully."}
{"level":"INFO","message":"[1:09:32.480 PM]: Connection[id: fa5e5e09-8c46-4c26-b9af-1ca0ab1a6835] - async connecting. Associated Snowflake domain: GLOBAL"}
{"level":"INFO","message":"[1:09:32.480 PM]: Trying to initialize Easy Logging"}
{"level":"INFO","message":"[1:09:32.500 PM]: No client config detected."}
{"level":"INFO","message":"[1:09:32.500 PM]: No config file path found. Client config will not be used."}
{"level":"INFO","message":"[1:09:32.500 PM]: Easy Logging is disabled as no config has been found"}
{"level":"INFO","message":"[1:09:32.500 PM]: Connection[id: fa5e5e09-8c46-4c26-b9af-1ca0ab1a6835] - authentication successful using: SNOWFLAKE"}
{"level":"INFO","message":"[1:09:33.247 PM]: Connection[id: fa5e5e09-8c46-4c26-b9af-1ca0ab1a6835] - connection established successfully after 767.34 milliseconds"}
{"level":"INFO","message":"[1:30:37.781 PM]: Creating new connection object"}
{"level":"INFO","message":"[1:30:37.786 PM]: Creating Connection[id: 9c13ae4e-1aa0-4af0-9470-e7949c27a509] with host: fya14544.snowflakecomputing.com, account: fya14544, accessUrl: https://fya14544.snowflakecomputing.com, user: EPIC_DEV, role: EPIC_DEV_ROLE, database: TEST_DEVELOPMENT_ENVIROMENT, schema: DEV_SCHEMA, warehouse: , proxy was not configured, password is provided, region: undefined, authenticator: SNOWFLAKE, ocsp mode: FAIL_OPEN, os: darwin, os version: 25.5.0"}
{"level":"INFO","message":"[1:30:37.786 PM]: Connection[id: 9c13ae4e-1aa0-4af0-9470-e7949c27a509] additional details: passcode in password is provided, passcode is not provided, private key is not provided, application: undefined, client name: snowflake-sdk, client version: 2.4.0, retry timeout: 300, private key path: undefined, private key pass is not provided, client store temporary credential: false, browser response timeout: 120000"}
{"level":"INFO","message":"[1:30:37.786 PM]: Connection[id: 9c13ae4e-1aa0-4af0-9470-e7949c27a509] - connection object created successfully."}
{"level":"INFO","message":"[1:30:37.786 PM]: Connection[id: 9c13ae4e-1aa0-4af0-9470-e7949c27a509] - async connecting. Associated Snowflake domain: GLOBAL"}
{"level":"INFO","message":"[1:30:37.786 PM]: Trying to initialize Easy Logging"}
{"level":"INFO","message":"[1:30:37.790 PM]: No client config detected."}
{"level":"INFO","message":"[1:30:37.790 PM]: No config file path found. Client config will not be used."}
{"level":"INFO","message":"[1:30:37.790 PM]: Easy Logging is disabled as no config has been found"}
{"level":"INFO","message":"[1:30:37.790 PM]: Connection[id: 9c13ae4e-1aa0-4af0-9470-e7949c27a509] - authentication successful using: SNOWFLAKE"}
{"level":"INFO","message":"[1:30:38.870 PM]: Connection[id: 9c13ae4e-1aa0-4af0-9470-e7949c27a509] - connection established successfully after 1083.73 milliseconds"}
{"level":"INFO","message":"[1:53:46.738 PM]: Creating new connection object"}
{"level":"INFO","message":"[1:53:46.743 PM]: Creating Connection[id: fd45301e-370b-44ae-9ed2-2862e961f1d8] with host: fya14544.snowflakecomputing.com, account: fya14544, accessUrl: https://fya14544.snowflakecomputing.com, user: EPIC_DEV, role: EPIC_DEV_ROLE, database: TEST_DEVELOPMENT_ENVIROMENT, schema: DEV_SCHEMA, warehouse: , proxy was not configured, password is provided, region: undefined, authenticator: SNOWFLAKE, ocsp mode: FAIL_OPEN, os: darwin, os version: 25.5.0"}
{"level":"INFO","message":"[1:53:46.743 PM]: Connection[id: fd45301e-370b-44ae-9ed2-2862e961f1d8] additional details: passcode in password is provided, passcode is not provided, private key is not provided, application: undefined, client name: snowflake-sdk, client version: 2.4.0, retry timeout: 300, private key path: undefined, private key pass is not provided, client store temporary credential: false, browser response timeout: 120000"}
{"level":"INFO","message":"[1:53:46.743 PM]: Connection[id: fd45301e-370b-44ae-9ed2-2862e961f1d8] - connection object created successfully."}
{"level":"INFO","message":"[1:53:46.744 PM]: Connection[id: fd45301e-370b-44ae-9ed2-2862e961f1d8] - async connecting. Associated Snowflake domain: GLOBAL"}
{"level":"INFO","message":"[1:53:46.744 PM]: Trying to initialize Easy Logging"}
{"level":"INFO","message":"[1:53:46.786 PM]: No client config detected."}
{"level":"INFO","message":"[1:53:46.786 PM]: No config file path found. Client config will not be used."}
{"level":"INFO","message":"[1:53:46.786 PM]: Easy Logging is disabled as no config has been found"}
{"level":"INFO","message":"[1:53:46.786 PM]: Connection[id: fd45301e-370b-44ae-9ed2-2862e961f1d8] - authentication successful using: SNOWFLAKE"}
{"level":"INFO","message":"[1:53:47.788 PM]: Connection[id: fd45301e-370b-44ae-9ed2-2862e961f1d8] - connection established successfully after 1044.59 milliseconds"}
{"level":"INFO","message":"[2:09:52.667 PM]: Creating new connection object"}
{"level":"INFO","message":"[2:09:52.673 PM]: Creating Connection[id: d2943715-b256-41c4-ac5e-480c6c6a8e92] with host: fya14544.snowflakecomputing.com, account: fya14544, accessUrl: https://fya14544.snowflakecomputing.com, user: EPIC_DEV, role: EPIC_DEV_ROLE, database: TEST_DEVELOPMENT_ENVIROMENT, schema: DEV_SCHEMA, warehouse: , proxy was not configured, password is provided, region: undefined, authenticator: SNOWFLAKE, ocsp mode: FAIL_OPEN, os: darwin, os version: 25.5.0"}
{"level":"INFO","message":"[2:09:52.674 PM]: Connection[id: d2943715-b256-41c4-ac5e-480c6c6a8e92] additional details: passcode in password is provided, passcode is not provided, private key is not provided, application: undefined, client name: snowflake-sdk, client version: 2.4.0, retry timeout: 300, private key path: undefined, private key pass is not provided, client store temporary credential: false, browser response timeout: 120000"}
{"level":"INFO","message":"[2:09:52.674 PM]: Connection[id: d2943715-b256-41c4-ac5e-480c6c6a8e92] - connection object created successfully."}
{"level":"INFO","message":"[2:09:52.674 PM]: Connection[id: d2943715-b256-41c4-ac5e-480c6c6a8e92] - async connecting. Associated Snowflake domain: GLOBAL"}
{"level":"INFO","message":"[2:09:52.674 PM]: Trying to initialize Easy Logging"}
{"level":"INFO","message":"[2:09:52.702 PM]: No client config detected."}
{"level":"INFO","message":"[2:09:52.702 PM]: No config file path found. Client config will not be used."}
{"level":"INFO","message":"[2:09:52.702 PM]: Easy Logging is disabled as no config has been found"}
{"level":"INFO","message":"[2:09:52.702 PM]: Connection[id: d2943715-b256-41c4-ac5e-480c6c6a8e92] - authentication successful using: SNOWFLAKE"}
{"level":"INFO","message":"[2:09:53.536 PM]: Connection[id: d2943715-b256-41c4-ac5e-480c6c6a8e92] - connection established successfully after 861.86 milliseconds"}
{"level":"INFO","message":"[7:57:36.897 PM]: Creating new connection object"}
{"level":"INFO","message":"[7:57:36.903 PM]: Creating Connection[id: f6404fe3-2a61-4454-abe4-c969b10d2339] with host: fya14544.snowflakecomputing.com, account: fya14544, accessUrl: https://fya14544.snowflakecomputing.com, user: EPIC_DEV, role: EPIC_DEV_ROLE, database: TEST_DEVELOPMENT_ENVIROMENT, schema: DEV_SCHEMA, warehouse: , proxy was not configured, password is provided, region: undefined, authenticator: SNOWFLAKE, ocsp mode: FAIL_OPEN, os: darwin, os version: 25.5.0"}
{"level":"INFO","message":"[7:57:36.904 PM]: Connection[id: f6404fe3-2a61-4454-abe4-c969b10d2339] additional details: passcode in password is provided, passcode is not provided, private key is not provided, application: undefined, client name: snowflake-sdk, client version: 2.4.0, retry timeout: 300, private key path: undefined, private key pass is not provided, client store temporary credential: false, browser response timeout: 120000"}
{"level":"INFO","message":"[7:57:36.904 PM]: Connection[id: f6404fe3-2a61-4454-abe4-c969b10d2339] - connection object created successfully."}
{"level":"INFO","message":"[7:57:36.904 PM]: Connection[id: f6404fe3-2a61-4454-abe4-c969b10d2339] - async connecting. Associated Snowflake domain: GLOBAL"}
{"level":"INFO","message":"[7:57:36.904 PM]: Trying to initialize Easy Logging"}
{"level":"INFO","message":"[7:57:36.923 PM]: No client config detected."}
{"level":"INFO","message":"[7:57:36.923 PM]: No config file path found. Client config will not be used."}
{"level":"INFO","message":"[7:57:36.923 PM]: Easy Logging is disabled as no config has been found"}
{"level":"INFO","message":"[7:57:36.923 PM]: Connection[id: f6404fe3-2a61-4454-abe4-c969b10d2339] - authentication successful using: SNOWFLAKE"}
{"level":"INFO","message":"[7:57:38.233 PM]: Connection[id: f6404fe3-2a61-4454-abe4-c969b10d2339] - connection established successfully after 1328.9 milliseconds"}
{"level":"INFO","message":"[8:18:41.268 PM]: Creating new connection object"}
{"level":"INFO","message":"[8:18:41.273 PM]: Creating Connection[id: c97050be-feeb-4896-af94-5de2a676aa0a] with host: fya14544.snowflakecomputing.com, account: fya14544, accessUrl: https://fya14544.snowflakecomputing.com, user: EPIC_DEV, role: EPIC_DEV_ROLE, database: TEST_DEVELOPMENT_ENVIROMENT, schema: DEV_SCHEMA, warehouse: , proxy was not configured, password is provided, region: undefined, authenticator: SNOWFLAKE, ocsp mode: FAIL_OPEN, os: darwin, os version: 25.5.0"}
{"level":"INFO","message":"[8:18:41.273 PM]: Connection[id: c97050be-feeb-4896-af94-5de2a676aa0a] additional details: passcode in password is provided, passcode is not provided, private key is not provided, application: undefined, client name: snowflake-sdk, client version: 2.4.0, retry timeout: 300, private key path: undefined, private key pass is not provided, client store temporary credential: false, browser response timeout: 120000"}
{"level":"INFO","message":"[8:18:41.273 PM]: Connection[id: c97050be-feeb-4896-af94-5de2a676aa0a] - connection object created successfully."}
{"level":"INFO","message":"[8:18:41.274 PM]: Connection[id: c97050be-feeb-4896-af94-5de2a676aa0a] - async connecting. Associated Snowflake domain: GLOBAL"}
{"level":"INFO","message":"[8:18:41.274 PM]: Trying to initialize Easy Logging"}
{"level":"INFO","message":"[8:18:41.275 PM]: No client config detected."}
{"level":"INFO","message":"[8:18:41.276 PM]: No config file path found. Client config will not be used."}
{"level":"INFO","message":"[8:18:41.276 PM]: Easy Logging is disabled as no config has been found"}
{"level":"INFO","message":"[8:18:41.276 PM]: Connection[id: c97050be-feeb-4896-af94-5de2a676aa0a] - authentication successful using: SNOWFLAKE"}
{"level":"INFO","message":"[8:18:42.128 PM]: Connection[id: c97050be-feeb-4896-af94-5de2a676aa0a] - connection established successfully after 854.38 milliseconds"}
{"level":"INFO","message":"[8:18:59.909 PM]: Creating new connection object"}
{"level":"INFO","message":"[8:18:59.915 PM]: Creating Connection[id: b9abfa5b-e906-43e8-9381-cd6729b524e1] with host: fya14544.snowflakecomputing.com, account: fya14544, accessUrl: https://fya14544.snowflakecomputing.com, user: EPIC_DEV, role: EPIC_DEV_ROLE, database: TEST_DEVELOPMENT_ENVIROMENT, schema: DEV_SCHEMA, warehouse: , proxy was not configured, password is provided, region: undefined, authenticator: SNOWFLAKE, ocsp mode: FAIL_OPEN, os: darwin, os version: 25.5.0"}
{"level":"INFO","message":"[8:18:59.915 PM]: Connection[id: b9abfa5b-e906-43e8-9381-cd6729b524e1] additional details: passcode in password is provided, passcode is not provided, private key is not provided, application: undefined, client name: snowflake-sdk, client version: 2.4.0, retry timeout: 300, private key path: undefined, private key pass is not provided, client store temporary credential: false, browser response timeout: 120000"}
{"level":"INFO","message":"[8:18:59.915 PM]: Connection[id: b9abfa5b-e906-43e8-9381-cd6729b524e1] - connection object created successfully."}
{"level":"INFO","message":"[8:18:59.915 PM]: Connection[id: b9abfa5b-e906-43e8-9381-cd6729b524e1] - async connecting. Associated Snowflake domain: GLOBAL"}
{"level":"INFO","message":"[8:18:59.915 PM]: Trying to initialize Easy Logging"}
{"level":"INFO","message":"[8:18:59.928 PM]: No client config detected."}
{"level":"INFO","message":"[8:18:59.928 PM]: No config file path found. Client config will not be used."}
{"level":"INFO","message":"[8:18:59.928 PM]: Easy Logging is disabled as no config has been found"}
{"level":"INFO","message":"[8:18:59.928 PM]: Connection[id: b9abfa5b-e906-43e8-9381-cd6729b524e1] - authentication successful using: SNOWFLAKE"}
{"level":"INFO","message":"[8:19:00.717 PM]: Connection[id: b9abfa5b-e906-43e8-9381-cd6729b524e1] - connection established successfully after 801.68 milliseconds"}
{"level":"INFO","message":"[8:54:35.383 PM]: Creating new connection object"}
{"level":"INFO","message":"[8:54:35.387 PM]: Creating Connection[id: e5331bb1-d5cd-4101-afb7-9047880f26e7] with host: fya14544.snowflakecomputing.com, account: fya14544, accessUrl: https://fya14544.snowflakecomputing.com, user: EPIC_DEV, role: EPIC_DEV_ROLE, database: TEST_DEVELOPMENT_ENVIROMENT, schema: DEV_SCHEMA, warehouse: , proxy was not configured, password is provided, region: undefined, authenticator: SNOWFLAKE, ocsp mode: FAIL_OPEN, os: darwin, os version: 25.5.0"}
{"level":"INFO","message":"[8:54:35.387 PM]: Connection[id: e5331bb1-d5cd-4101-afb7-9047880f26e7] additional details: passcode in password is provided, passcode is not provided, private key is not provided, application: undefined, client name: snowflake-sdk, client version: 2.4.3, retry timeout: 300, private key path: undefined, private key pass is not provided, client store temporary credential: false, browser response timeout: 120000"}
{"level":"INFO","message":"[8:54:35.388 PM]: Connection[id: e5331bb1-d5cd-4101-afb7-9047880f26e7] - connection object created successfully."}
{"level":"INFO","message":"[8:54:35.388 PM]: Connection[id: e5331bb1-d5cd-4101-afb7-9047880f26e7] - async connecting. Associated Snowflake domain: GLOBAL"}
{"level":"INFO","message":"[8:54:35.388 PM]: Trying to initialize Easy Logging"}
{"level":"INFO","message":"[8:54:35.412 PM]: No client config detected."}
{"level":"INFO","message":"[8:54:35.412 PM]: No config file path found. Client config will not be used."}
{"level":"INFO","message":"[8:54:35.412 PM]: Easy Logging is disabled as no config has been found"}
{"level":"INFO","message":"[8:54:35.412 PM]: Connection[id: e5331bb1-d5cd-4101-afb7-9047880f26e7] - authentication successful using: SNOWFLAKE"}
{"level":"INFO","message":"[8:54:36.537 PM]: Connection[id: e5331bb1-d5cd-4101-afb7-9047880f26e7] - connection established successfully after 1149.26 milliseconds"}
{"level":"INFO","message":"[11:02:27.800 AM]: Creating new connection object"}
{"level":"INFO","message":"[11:02:27.804 AM]: Creating Connection[id: 4319c9cf-0ca7-4659-af26-9aa72bdd95f5] with host: fya14544.snowflakecomputing.com, account: fya14544, accessUrl: https://fya14544.snowflakecomputing.com, user: EPIC_DEV, role: EPIC_DEV_ROLE, database: TEST_DEVELOPMENT_ENVIROMENT, schema: DEV_SCHEMA, warehouse: , proxy was not configured, password is provided, region: undefined, authenticator: SNOWFLAKE, ocsp mode: FAIL_OPEN, os: darwin, os version: 25.5.0"}
{"level":"INFO","message":"[11:02:27.804 AM]: Connection[id: 4319c9cf-0ca7-4659-af26-9aa72bdd95f5] additional details: passcode in password is provided, passcode is not provided, private key is not provided, application: undefined, client name: snowflake-sdk, client version: 2.4.3, retry timeout: 300, private key path: undefined, private key pass is not provided, client store temporary credential: false, browser response timeout: 120000"}
{"level":"INFO","message":"[11:02:27.804 AM]: Connection[id: 4319c9cf-0ca7-4659-af26-9aa72bdd95f5] - connection object created successfully."}
{"level":"INFO","message":"[11:02:27.805 AM]: Connection[id: 4319c9cf-0ca7-4659-af26-9aa72bdd95f5] - async connecting. Associated Snowflake domain: GLOBAL"}
{"level":"INFO","message":"[11:02:27.805 AM]: Trying to initialize Easy Logging"}
{"level":"INFO","message":"[11:02:27.808 AM]: No client config detected."}
{"level":"INFO","message":"[11:02:27.808 AM]: No config file path found. Client config will not be used."}
{"level":"INFO","message":"[11:02:27.808 AM]: Easy Logging is disabled as no config has been found"}
{"level":"INFO","message":"[11:02:27.808 AM]: Connection[id: 4319c9cf-0ca7-4659-af26-9aa72bdd95f5] - authentication successful using: SNOWFLAKE"}
{"level":"INFO","message":"[11:02:29.211 AM]: Connection[id: 4319c9cf-0ca7-4659-af26-9aa72bdd95f5] - connection established successfully after 1406.47 milliseconds"}
{"level":"INFO","message":"[10:31:32.105 AM]: Creating new connection object"}
{"level":"INFO","message":"[10:31:32.110 AM]: Creating Connection[id: 8e2bb72f-2ed3-4571-82de-5fafef7f025e] with host: fya14544.snowflakecomputing.com, account: fya14544, accessUrl: https://fya14544.snowflakecomputing.com, user: EPIC_DEV, role: EPIC_DEV_ROLE, database: TEST_DEVELOPMENT_ENVIROMENT, schema: DEV_SCHEMA, warehouse: , proxy was not configured, password is provided, region: undefined, authenticator: SNOWFLAKE, ocsp mode: FAIL_OPEN, os: darwin, os version: 25.5.0"}
{"level":"INFO","message":"[10:31:32.110 AM]: Connection[id: 8e2bb72f-2ed3-4571-82de-5fafef7f025e] additional details: passcode in password is provided, passcode is not provided, private key is not provided, application: undefined, client name: snowflake-sdk, client version: 2.4.3, retry timeout: 300, private key path: undefined, private key pass is not provided, client store temporary credential: false, browser response timeout: 120000"}
{"level":"INFO","message":"[10:31:32.110 AM]: Connection[id: 8e2bb72f-2ed3-4571-82de-5fafef7f025e] - connection object created successfully."}
{"level":"INFO","message":"[10:31:32.110 AM]: Connection[id: 8e2bb72f-2ed3-4571-82de-5fafef7f025e] - async connecting. Associated Snowflake domain: GLOBAL"}
{"level":"INFO","message":"[10:31:32.110 AM]: Trying to initialize Easy Logging"}
{"level":"INFO","message":"[10:31:32.113 AM]: No client config detected."}
{"level":"INFO","message":"[10:31:32.113 AM]: No config file path found. Client config will not be used."}
{"level":"INFO","message":"[10:31:32.113 AM]: Easy Logging is disabled as no config has been found"}
{"level":"INFO","message":"[10:31:32.113 AM]: Connection[id: 8e2bb72f-2ed3-4571-82de-5fafef7f025e] - authentication successful using: SNOWFLAKE"}
{"level":"INFO","message":"[10:31:33.532 AM]: Connection[id: 8e2bb72f-2ed3-4571-82de-5fafef7f025e] - connection established successfully after 1421.5 milliseconds"}
{"level":"INFO","message":"[10:33:37.252 AM]: Creating new connection object"}
{"level":"INFO","message":"[10:33:37.257 AM]: Creating Connection[id: 0fccf20c-d8fb-42d4-a8c6-9327f62ddab2] with host: fya14544.snowflakecomputing.com, account: fya14544, accessUrl: https://fya14544.snowflakecomputing.com, user: EPIC_DEV, role: EPIC_DEV_ROLE, database: TEST_DEVELOPMENT_ENVIROMENT, schema: DEV_SCHEMA, warehouse: , proxy was not configured, password is provided, region: undefined, authenticator: SNOWFLAKE, ocsp mode: FAIL_OPEN, os: darwin, os version: 25.5.0"}
{"level":"INFO","message":"[10:33:37.257 AM]: Connection[id: 0fccf20c-d8fb-42d4-a8c6-9327f62ddab2] additional details: passcode in password is provided, passcode is not provided, private key is not provided, application: undefined, client name: snowflake-sdk, client version: 2.4.3, retry timeout: 300, private key path: undefined, private key pass is not provided, client store temporary credential: false, browser response timeout: 120000"}
{"level":"INFO","message":"[10:33:37.257 AM]: Connection[id: 0fccf20c-d8fb-42d4-a8c6-9327f62ddab2] - connection object created successfully."}
{"level":"INFO","message":"[10:33:37.257 AM]: Connection[id: 0fccf20c-d8fb-42d4-a8c6-9327f62ddab2] - async connecting. Associated Snowflake domain: GLOBAL"}
{"level":"INFO","message":"[10:33:37.257 AM]: Trying to initialize Easy Logging"}
{"level":"INFO","message":"[10:33:37.362 AM]: No client config detected."}
{"level":"INFO","message":"[10:33:37.362 AM]: No config file path found. Client config will not be used."}
{"level":"INFO","message":"[10:33:37.362 AM]: Easy Logging is disabled as no config has been found"}
{"level":"INFO","message":"[10:33:37.362 AM]: Connection[id: 0fccf20c-d8fb-42d4-a8c6-9327f62ddab2] - authentication successful using: SNOWFLAKE"}
{"level":"INFO","message":"[10:33:38.406 AM]: Connection[id: 0fccf20c-d8fb-42d4-a8c6-9327f62ddab2] - connection established successfully after 1149.21 milliseconds"}
{"level":"INFO","message":"[11:57:02.871 AM]: Creating new connection object"}
{"level":"INFO","message":"[11:57:02.877 AM]: Creating Connection[id: 5347a0fa-1b05-46b6-8a79-83ae70762ab0] with host: fya14544.snowflakecomputing.com, account: fya14544, accessUrl: https://fya14544.snowflakecomputing.com, user: EPIC_DEV, role: EPIC_DEV_ROLE, database: TEST_DEVELOPMENT_ENVIROMENT, schema: DEV_SCHEMA, warehouse: , proxy was not configured, password is provided, region: undefined, authenticator: SNOWFLAKE, ocsp mode: FAIL_OPEN, os: darwin, os version: 25.5.0"}
{"level":"INFO","message":"[11:57:02.877 AM]: Connection[id: 5347a0fa-1b05-46b6-8a79-83ae70762ab0] additional details: passcode in password is provided, passcode is not provided, private key is not provided, application: undefined, client name: snowflake-sdk, client version: 2.4.3, retry timeout: 300, private key path: undefined, private key pass is not provided, client store temporary credential: false, browser response timeout: 120000"}
{"level":"INFO","message":"[11:57:02.877 AM]: Connection[id: 5347a0fa-1b05-46b6-8a79-83ae70762ab0] - connection object created successfully."}
{"level":"INFO","message":"[11:57:02.877 AM]: Connection[id: 5347a0fa-1b05-46b6-8a79-83ae70762ab0] - async connecting. Associated Snowflake domain: GLOBAL"}
{"level":"INFO","message":"[11:57:02.878 AM]: Trying to initialize Easy Logging"}
{"level":"INFO","message":"[11:57:02.884 AM]: No client config detected."}
{"level":"INFO","message":"[11:57:02.884 AM]: No config file path found. Client config will not be used."}
{"level":"INFO","message":"[11:57:02.885 AM]: Easy Logging is disabled as no config has been found"}
{"level":"INFO","message":"[11:57:02.885 AM]: Connection[id: 5347a0fa-1b05-46b6-8a79-83ae70762ab0] - authentication successful using: SNOWFLAKE"}
{"level":"INFO","message":"[11:57:03.722 AM]: Connection[id: 5347a0fa-1b05-46b6-8a79-83ae70762ab0] - connection established successfully after 844.7 milliseconds"}
{"level":"INFO","message":"[6:25:24.160 PM]: Creating new connection object"}
{"level":"INFO","message":"[6:25:24.165 PM]: Creating Connection[id: 9e3c67df-3d70-4d1b-919c-83185acec8c0] with host: fya14544.snowflakecomputing.com, account: fya14544, accessUrl: https://fya14544.snowflakecomputing.com, user: EPIC_DEV, role: EPIC_DEV_ROLE, database: TEST_DEVELOPMENT_ENVIROMENT, schema: DEV_SCHEMA, warehouse: , proxy was not configured, password is provided, region: undefined, authenticator: SNOWFLAKE, ocsp mode: FAIL_OPEN, os: darwin, os version: 25.5.0"}
{"level":"INFO","message":"[6:25:24.165 PM]: Connection[id: 9e3c67df-3d70-4d1b-919c-83185acec8c0] additional details: passcode in password is provided, passcode is not provided, private key is not provided, application: undefined, client name: snowflake-sdk, client version: 2.4.3, retry timeout: 300, private key path: undefined, private key pass is not provided, client store temporary credential: false, browser response timeout: 120000"}
{"level":"INFO","message":"[6:25:24.166 PM]: Connection[id: 9e3c67df-3d70-4d1b-919c-83185acec8c0] - connection object created successfully."}
{"level":"INFO","message":"[6:25:24.166 PM]: Connection[id: 9e3c67df-3d70-4d1b-919c-83185acec8c0] - async connecting. Associated Snowflake domain: GLOBAL"}
{"level":"INFO","message":"[6:25:24.166 PM]: Trying to initialize Easy Logging"}
{"level":"INFO","message":"[6:25:24.180 PM]: No client config detected."}
{"level":"INFO","message":"[6:25:24.180 PM]: No config file path found. Client config will not be used."}
{"level":"INFO","message":"[6:25:24.180 PM]: Easy Logging is disabled as no config has been found"}
{"level":"INFO","message":"[6:25:24.180 PM]: Connection[id: 9e3c67df-3d70-4d1b-919c-83185acec8c0] - authentication successful using: SNOWFLAKE"}
{"level":"INFO","message":"[6:25:24.870 PM]: Connection[id: 9e3c67df-3d70-4d1b-919c-83185acec8c0] - connection established successfully after 703.93 milliseconds"}
{"level":"INFO","message":"[8:11:05.882 AM]: Creating new connection object"}
{"level":"INFO","message":"[8:11:05.886 AM]: Creating Connection[id: dcbffaf2-7f71-4ccc-a6fa-07d5b592a0f7] with host: fya14544.snowflakecomputing.com, account: fya14544, accessUrl: https://fya14544.snowflakecomputing.com, user: EPIC_DEV, role: EPIC_DEV_ROLE, database: TEST_DEVELOPMENT_ENVIROMENT, schema: DEV_SCHEMA, warehouse: , proxy was not configured, password is provided, region: undefined, authenticator: SNOWFLAKE, ocsp mode: FAIL_OPEN, os: darwin, os version: 25.5.0"}
{"level":"INFO","message":"[8:11:05.886 AM]: Connection[id: dcbffaf2-7f71-4ccc-a6fa-07d5b592a0f7] additional details: passcode in password is provided, passcode is not provided, private key is not provided, application: undefined, client name: snowflake-sdk, client version: 2.4.3, retry timeout: 300, private key path: undefined, private key pass is not provided, client store temporary credential: false, browser response timeout: 120000"}
{"level":"INFO","message":"[8:11:05.887 AM]: Connection[id: dcbffaf2-7f71-4ccc-a6fa-07d5b592a0f7] - connection object created successfully."}
{"level":"INFO","message":"[8:11:05.887 AM]: Connection[id: dcbffaf2-7f71-4ccc-a6fa-07d5b592a0f7] - async connecting. Associated Snowflake domain: GLOBAL"}
{"level":"INFO","message":"[8:11:05.887 AM]: Trying to initialize Easy Logging"}
{"level":"INFO","message":"[8:11:05.890 AM]: No client config detected."}
{"level":"INFO","message":"[8:11:05.890 AM]: No config file path found. Client config will not be used."}
{"level":"INFO","message":"[8:11:05.890 AM]: Easy Logging is disabled as no config has been found"}
{"level":"INFO","message":"[8:11:05.890 AM]: Connection[id: dcbffaf2-7f71-4ccc-a6fa-07d5b592a0f7] - authentication successful using: SNOWFLAKE"}
{"level":"INFO","message":"[8:11:06.947 AM]: Connection[id: dcbffaf2-7f71-4ccc-a6fa-07d5b592a0f7] - connection established successfully after 1060.68 milliseconds"}
{"level":"INFO","message":"[5:11:48.654 PM]: Creating new connection object"}
{"level":"INFO","message":"[5:11:48.658 PM]: Creating Connection[id: fa7e5075-7133-4742-adfc-bef5db9ef79f] with host: fya14544.snowflakecomputing.com, account: fya14544, accessUrl: https://fya14544.snowflakecomputing.com, user: EPIC_DEV, role: EPIC_DEV_ROLE, database: TEST_DEVELOPMENT_ENVIROMENT, schema: DEV_SCHEMA, warehouse: , proxy was not configured, password is provided, region: undefined, authenticator: SNOWFLAKE, ocsp mode: FAIL_OPEN, os: darwin, os version: 25.5.0"}
{"level":"INFO","message":"[5:11:48.658 PM]: Connection[id: fa7e5075-7133-4742-adfc-bef5db9ef79f] additional details: passcode in password is provided, passcode is not provided, private key is not provided, application: undefined, client name: snowflake-sdk, client version: 2.4.3, retry timeout: 300, private key path: undefined, private key pass is not provided, client store temporary credential: false, browser response timeout: 120000"}
{"level":"INFO","message":"[5:11:48.658 PM]: Connection[id: fa7e5075-7133-4742-adfc-bef5db9ef79f] - connection object created successfully."}
{"level":"INFO","message":"[5:11:48.659 PM]: Connection[id: fa7e5075-7133-4742-adfc-bef5db9ef79f] - async connecting. Associated Snowflake domain: GLOBAL"}
{"level":"INFO","message":"[5:11:48.659 PM]: Trying to initialize Easy Logging"}
{"level":"INFO","message":"[5:11:48.662 PM]: No client config detected."}
{"level":"INFO","message":"[5:11:48.662 PM]: No config file path found. Client config will not be used."}
{"level":"INFO","message":"[5:11:48.662 PM]: Easy Logging is disabled as no config has been found"}
{"level":"INFO","message":"[5:11:48.662 PM]: Connection[id: fa7e5075-7133-4742-adfc-bef5db9ef79f] - authentication successful using: SNOWFLAKE"}
{"level":"INFO","message":"[5:11:49.596 PM]: Connection[id: fa7e5075-7133-4742-adfc-bef5db9ef79f] - connection established successfully after 937.71 milliseconds"}
{"level":"INFO","message":"[4:23:19.096 PM]: Creating new connection object"}
{"level":"INFO","message":"[4:23:19.101 PM]: Creating Connection[id: 10939d47-7806-466d-8dd9-0a842f8bc6a2] with host: fya14544.snowflakecomputing.com, account: fya14544, accessUrl: https://fya14544.snowflakecomputing.com, user: EPIC_DEV, role: EPIC_DEV_ROLE, database: TEST_DEVELOPMENT_ENVIROMENT, schema: DEV_SCHEMA, warehouse: , proxy was not configured, password is provided, region: undefined, authenticator: SNOWFLAKE, ocsp mode: FAIL_OPEN, os: darwin, os version: 25.5.0"}
{"level":"INFO","message":"[4:23:19.101 PM]: Connection[id: 10939d47-7806-466d-8dd9-0a842f8bc6a2] additional details: passcode in password is provided, passcode is not provided, private key is not provided, application: undefined, client name: snowflake-sdk, client version: 2.4.3, retry timeout: 300, private key path: undefined, private key pass is not provided, client store temporary credential: false, browser response timeout: 120000"}
{"level":"INFO","message":"[4:23:19.101 PM]: Connection[id: 10939d47-7806-466d-8dd9-0a842f8bc6a2] - connection object created successfully."}
{"level":"INFO","message":"[4:23:19.101 PM]: Connection[id: 10939d47-7806-466d-8dd9-0a842f8bc6a2] - async connecting. Associated Snowflake domain: GLOBAL"}
{"level":"INFO","message":"[4:23:19.102 PM]: Trying to initialize Easy Logging"}
{"level":"INFO","message":"[4:23:19.143 PM]: No client config detected."}
{"level":"INFO","message":"[4:23:19.143 PM]: No config file path found. Client config will not be used."}
{"level":"INFO","message":"[4:23:19.144 PM]: Easy Logging is disabled as no config has been found"}
{"level":"INFO","message":"[4:23:19.144 PM]: Connection[id: 10939d47-7806-466d-8dd9-0a842f8bc6a2] - authentication successful using: SNOWFLAKE"}
{"level":"INFO","message":"[4:23:20.530 PM]: Connection[id: 10939d47-7806-466d-8dd9-0a842f8bc6a2] - connection established successfully after 1429.02 milliseconds"}
{"level":"INFO","message":"[5:52:40.637 PM]: Creating new connection object"}
{"level":"INFO","message":"[5:52:40.642 PM]: Creating Connection[id: 96b87f29-bb56-41df-9c38-d8b460ddd753] with host: fya14544.snowflakecomputing.com, account: fya14544, accessUrl: https://fya14544.snowflakecomputing.com, user: EPIC_DEV, role: EPIC_DEV_ROLE, database: TEST_DEVELOPMENT_ENVIROMENT, schema: DEV_SCHEMA, warehouse: , proxy was not configured, password is provided, region: undefined, authenticator: SNOWFLAKE, ocsp mode: FAIL_OPEN, os: darwin, os version: 25.5.0"}
{"level":"INFO","message":"[5:52:40.642 PM]: Connection[id: 96b87f29-bb56-41df-9c38-d8b460ddd753] additional details: passcode in password is provided, passcode is not provided, private key is not provided, application: undefined, client name: snowflake-sdk, client version: 2.4.3, retry timeout: 300, private key path: undefined, private key pass is not provided, client store temporary credential: false, browser response timeout: 120000"}
{"level":"INFO","message":"[5:52:40.642 PM]: Connection[id: 96b87f29-bb56-41df-9c38-d8b460ddd753] - connection object created successfully."}
{"level":"INFO","message":"[5:52:40.642 PM]: Connection[id: 96b87f29-bb56-41df-9c38-d8b460ddd753] - async connecting. Associated Snowflake domain: GLOBAL"}
{"level":"INFO","message":"[5:52:40.642 PM]: Trying to initialize Easy Logging"}
{"level":"INFO","message":"[5:52:40.705 PM]: No client config detected."}
{"level":"INFO","message":"[5:52:40.705 PM]: No config file path found. Client config will not be used."}
{"level":"INFO","message":"[5:52:40.705 PM]: Easy Logging is disabled as no config has been found"}
{"level":"INFO","message":"[5:52:40.705 PM]: Connection[id: 96b87f29-bb56-41df-9c38-d8b460ddd753] - authentication successful using: SNOWFLAKE"}
{"level":"INFO","message":"[5:52:42.227 PM]: Connection[id: 96b87f29-bb56-41df-9c38-d8b460ddd753] - connection established successfully after 1585.17 milliseconds"}
{"level":"INFO","message":"[8:50:20.478 PM]: Creating new connection object"}
{"level":"INFO","message":"[8:50:20.482 PM]: Creating Connection[id: b65709f1-833a-42e7-866a-9484b12833e3] with host: fya14544.snowflakecomputing.com, account: fya14544, accessUrl: https://fya14544.snowflakecomputing.com, user: EPIC_DEV, role: EPIC_DEV_ROLE, database: TEST_DEVELOPMENT_ENVIROMENT, schema: DEV_SCHEMA, warehouse: , proxy was not configured, password is provided, region: undefined, authenticator: SNOWFLAKE, ocsp mode: FAIL_OPEN, os: darwin, os version: 25.5.0"}
{"level":"INFO","message":"[8:50:20.482 PM]: Connection[id: b65709f1-833a-42e7-866a-9484b12833e3] additional details: passcode in password is provided, passcode is not provided, private key is not provided, application: undefined, client name: snowflake-sdk, client version: 2.4.3, retry timeout: 300, private key path: undefined, private key pass is not provided, client store temporary credential: false, browser response timeout: 120000"}
{"level":"INFO","message":"[8:50:20.482 PM]: Connection[id: b65709f1-833a-42e7-866a-9484b12833e3] - connection object created successfully."}
{"level":"INFO","message":"[8:50:20.484 PM]: Connection[id: b65709f1-833a-42e7-866a-9484b12833e3] - async connecting. Associated Snowflake domain: GLOBAL"}
{"level":"INFO","message":"[8:50:20.484 PM]: Trying to initialize Easy Logging"}
{"level":"INFO","message":"[8:50:20.488 PM]: No client config detected."}
{"level":"INFO","message":"[8:50:20.488 PM]: No config file path found. Client config will not be used."}
{"level":"INFO","message":"[8:50:20.488 PM]: Easy Logging is disabled as no config has been found"}
{"level":"INFO","message":"[8:50:20.488 PM]: Connection[id: b65709f1-833a-42e7-866a-9484b12833e3] - authentication successful using: SNOWFLAKE"}
{"level":"INFO","message":"[8:50:22.367 PM]: Connection[id: b65709f1-833a-42e7-866a-9484b12833e3] - connection established successfully after 1883.56 milliseconds"}
{"level":"INFO","message":"[10:05:38.623 AM]: Creating new connection object"}
{"level":"INFO","message":"[10:05:38.629 AM]: Creating Connection[id: 0b42831f-df20-4557-a364-79367e85e852] with host: fya14544.snowflakecomputing.com, account: fya14544, accessUrl: https://fya14544.snowflakecomputing.com, user: EPIC_DEV, role: EPIC_DEV_ROLE, database: TEST_DEVELOPMENT_ENVIROMENT, schema: DEV_SCHEMA, warehouse: , proxy was not configured, password is provided, region: undefined, authenticator: SNOWFLAKE, ocsp mode: FAIL_OPEN, os: darwin, os version: 25.5.0"}
{"level":"INFO","message":"[10:05:38.629 AM]: Connection[id: 0b42831f-df20-4557-a364-79367e85e852] additional details: passcode in password is provided, passcode is not provided, private key is not provided, application: undefined, client name: snowflake-sdk, client version: 2.4.3, retry timeout: 300, private key path: undefined, private key pass is not provided, client store temporary credential: false, browser response timeout: 120000"}
{"level":"INFO","message":"[10:05:38.629 AM]: Connection[id: 0b42831f-df20-4557-a364-79367e85e852] - connection object created successfully."}
{"level":"INFO","message":"[10:05:38.629 AM]: Connection[id: 0b42831f-df20-4557-a364-79367e85e852] - async connecting. Associated Snowflake domain: GLOBAL"}
{"level":"INFO","message":"[10:05:38.629 AM]: Trying to initialize Easy Logging"}
{"level":"INFO","message":"[10:05:38.639 AM]: No client config detected."}
{"level":"INFO","message":"[10:05:38.639 AM]: No config file path found. Client config will not be used."}
{"level":"INFO","message":"[10:05:38.639 AM]: Easy Logging is disabled as no config has been found"}
{"level":"INFO","message":"[10:05:38.640 AM]: Connection[id: 0b42831f-df20-4557-a364-79367e85e852] - authentication successful using: SNOWFLAKE"}
{"level":"INFO","message":"[10:05:40.747 AM]: Connection[id: 0b42831f-df20-4557-a364-79367e85e852] - connection established successfully after 2117.72 milliseconds"}
{"level":"INFO","message":"[9:43:58.352 AM]: Creating new connection object"}
{"level":"INFO","message":"[9:43:58.356 AM]: Creating Connection[id: 6909a68e-9948-4c83-86eb-d9dfd6a52747] with host: fya14544.snowflakecomputing.com, account: fya14544, accessUrl: https://fya14544.snowflakecomputing.com, user: EPIC_DEV, role: EPIC_DEV_ROLE, database: TEST_DEVELOPMENT_ENVIROMENT, schema: DEV_SCHEMA, warehouse: , proxy was not configured, password is provided, region: undefined, authenticator: SNOWFLAKE, ocsp mode: FAIL_OPEN, os: darwin, os version: 25.5.0"}
{"level":"INFO","message":"[9:43:58.356 AM]: Connection[id: 6909a68e-9948-4c83-86eb-d9dfd6a52747] additional details: passcode in password is provided, passcode is not provided, private key is not provided, application: undefined, client name: snowflake-sdk, client version: 2.4.3, retry timeout: 300, private key path: undefined, private key pass is not provided, client store temporary credential: false, browser response timeout: 120000"}
{"level":"INFO","message":"[9:43:58.356 AM]: Connection[id: 6909a68e-9948-4c83-86eb-d9dfd6a52747] - connection object created successfully."}
{"level":"INFO","message":"[9:43:58.356 AM]: Connection[id: 6909a68e-9948-4c83-86eb-d9dfd6a52747] - async connecting. Associated Snowflake domain: GLOBAL"}
{"level":"INFO","message":"[9:43:58.356 AM]: Trying to initialize Easy Logging"}
{"level":"INFO","message":"[9:43:58.364 AM]: No client config detected."}
{"level":"INFO","message":"[9:43:58.364 AM]: No config file path found. Client config will not be used."}
{"level":"INFO","message":"[9:43:58.364 AM]: Easy Logging is disabled as no config has been found"}
{"level":"INFO","message":"[9:43:58.364 AM]: Connection[id: 6909a68e-9948-4c83-86eb-d9dfd6a52747] - authentication successful using: SNOWFLAKE"}
{"level":"INFO","message":"[9:44:35.938 AM]: Connection[id: 6909a68e-9948-4c83-86eb-d9dfd6a52747] - connection established successfully after 37586.91 milliseconds"}
{"level":"INFO","message":"[9:50:22.034 AM]: Creating new connection object"}
{"level":"INFO","message":"[9:50:22.040 AM]: Creating Connection[id: e679a6a8-0877-4032-b156-9c1186a300f8] with host: fya14544.snowflakecomputing.com, account: fya14544, accessUrl: https://fya14544.snowflakecomputing.com, user: EPIC_DEV, role: EPIC_DEV_ROLE, database: TEST_DEVELOPMENT_ENVIROMENT, schema: DEV_SCHEMA, warehouse: , proxy was not configured, password is provided, region: undefined, authenticator: SNOWFLAKE, ocsp mode: FAIL_OPEN, os: darwin, os version: 25.5.0"}
{"level":"INFO","message":"[9:50:22.040 AM]: Connection[id: e679a6a8-0877-4032-b156-9c1186a300f8] additional details: passcode in password is provided, passcode is not provided, private key is not provided, application: undefined, client name: snowflake-sdk, client version: 2.4.3, retry timeout: 300, private key path: undefined, private key pass is not provided, client store temporary credential: false, browser response timeout: 120000"}
{"level":"INFO","message":"[9:50:22.040 AM]: Connection[id: e679a6a8-0877-4032-b156-9c1186a300f8] - connection object created successfully."}
{"level":"INFO","message":"[9:50:22.040 AM]: Connection[id: e679a6a8-0877-4032-b156-9c1186a300f8] - async connecting. Associated Snowflake domain: GLOBAL"}
{"level":"INFO","message":"[9:50:22.040 AM]: Trying to initialize Easy Logging"}
{"level":"INFO","message":"[9:50:22.044 AM]: No client config detected."}
{"level":"INFO","message":"[9:50:22.044 AM]: No config file path found. Client config will not be used."}
{"level":"INFO","message":"[9:50:22.044 AM]: Easy Logging is disabled as no config has been found"}
{"level":"INFO","message":"[9:50:22.044 AM]: Connection[id: e679a6a8-0877-4032-b156-9c1186a300f8] - authentication successful using: SNOWFLAKE"}
{"level":"INFO","message":"[9:56:11.425 AM]: Creating new connection object"}
{"level":"INFO","message":"[9:56:11.432 AM]: Creating Connection[id: 2bee3c04-fd6e-4cd4-a045-a1ad075e05e8] with host: fya14544.snowflakecomputing.com, account: fya14544, accessUrl: https://fya14544.snowflakecomputing.com, user: EPIC_DEV, role: EPIC_DEV_ROLE, database: TEST_DEVELOPMENT_ENVIROMENT, schema: DEV_SCHEMA, warehouse: , proxy was not configured, password is provided, region: undefined, authenticator: SNOWFLAKE, ocsp mode: FAIL_OPEN, os: darwin, os version: 25.5.0"}
{"level":"INFO","message":"[9:56:11.432 AM]: Connection[id: 2bee3c04-fd6e-4cd4-a045-a1ad075e05e8] additional details: passcode in password is provided, passcode is not provided, private key is not provided, application: undefined, client name: snowflake-sdk, client version: 2.4.3, retry timeout: 300, private key path: undefined, private key pass is not provided, client store temporary credential: false, browser response timeout: 120000"}
{"level":"INFO","message":"[9:56:11.433 AM]: Connection[id: 2bee3c04-fd6e-4cd4-a045-a1ad075e05e8] - connection object created successfully."}
{"level":"INFO","message":"[9:56:11.433 AM]: Connection[id: 2bee3c04-fd6e-4cd4-a045-a1ad075e05e8] - async connecting. Associated Snowflake domain: GLOBAL"}
{"level":"INFO","message":"[9:56:11.433 AM]: Trying to initialize Easy Logging"}
{"level":"INFO","message":"[9:56:11.438 AM]: No client config detected."}
{"level":"INFO","message":"[9:56:11.438 AM]: No config file path found. Client config will not be used."}
{"level":"INFO","message":"[9:56:11.438 AM]: Easy Logging is disabled as no config has been found"}
{"level":"INFO","message":"[9:56:11.438 AM]: Connection[id: 2bee3c04-fd6e-4cd4-a045-a1ad075e05e8] - authentication successful using: SNOWFLAKE"}
{"level":"ERROR","message":"[9:59:08.480 AM]: Connection[id: 2bee3c04-fd6e-4cd4-a045-a1ad075e05e8] - connection failed after 177048.71 milliseconds. Error: getaddrinfo ENOTFOUND fya14544.snowflakecomputing.com"}
{"level":"INFO","message":"[10:20:28.180 AM]: Creating new connection object"}
{"level":"INFO","message":"[10:20:28.184 AM]: Creating Connection[id: d9051f53-fab3-408f-8d08-bd732507d782] with host: fya14544.snowflakecomputing.com, account: fya14544, accessUrl: https://fya14544.snowflakecomputing.com, user: EPIC_DEV, role: EPIC_DEV_ROLE, database: TEST_DEVELOPMENT_ENVIROMENT, schema: DEV_SCHEMA, warehouse: , proxy was not configured, password is provided, region: undefined, authenticator: SNOWFLAKE, ocsp mode: FAIL_OPEN, os: darwin, os version: 25.5.0"}
{"level":"INFO","message":"[10:20:28.184 AM]: Connection[id: d9051f53-fab3-408f-8d08-bd732507d782] additional details: passcode in password is provided, passcode is not provided, private key is not provided, application: undefined, client name: snowflake-sdk, client version: 2.4.3, retry timeout: 300, private key path: undefined, private key pass is not provided, client store temporary credential: false, browser response timeout: 120000"}
{"level":"INFO","message":"[10:20:28.184 AM]: Connection[id: d9051f53-fab3-408f-8d08-bd732507d782] - connection object created successfully."}
{"level":"INFO","message":"[10:20:28.184 AM]: Connection[id: d9051f53-fab3-408f-8d08-bd732507d782] - async connecting. Associated Snowflake domain: GLOBAL"}
{"level":"INFO","message":"[10:20:28.184 AM]: Trying to initialize Easy Logging"}
{"level":"INFO","message":"[10:20:28.187 AM]: No client config detected."}
{"level":"INFO","message":"[10:20:28.187 AM]: No config file path found. Client config will not be used."}
{"level":"INFO","message":"[10:20:28.187 AM]: Easy Logging is disabled as no config has been found"}
{"level":"INFO","message":"[10:20:28.187 AM]: Connection[id: d9051f53-fab3-408f-8d08-bd732507d782] - authentication successful using: SNOWFLAKE"}
{"level":"INFO","message":"[10:21:18.362 AM]: Creating new connection object"}
{"level":"INFO","message":"[10:21:18.366 AM]: Creating Connection[id: 37a1dffe-da5c-4ed9-892d-9c4858f73539] with host: fya14544.snowflakecomputing.com, account: fya14544, accessUrl: https://fya14544.snowflakecomputing.com, user: EPIC_DEV, role: EPIC_DEV_ROLE, database: TEST_DEVELOPMENT_ENVIROMENT, schema: DEV_SCHEMA, warehouse: , proxy was not configured, password is provided, region: undefined, authenticator: SNOWFLAKE, ocsp mode: FAIL_OPEN, os: darwin, os version: 25.5.0"}
{"level":"INFO","message":"[10:21:18.366 AM]: Connection[id: 37a1dffe-da5c-4ed9-892d-9c4858f73539] additional details: passcode in password is provided, passcode is not provided, private key is not provided, application: undefined, client name: snowflake-sdk, client version: 2.4.3, retry timeout: 300, private key path: undefined, private key pass is not provided, client store temporary credential: false, browser response timeout: 120000"}
{"level":"INFO","message":"[10:21:18.367 AM]: Connection[id: 37a1dffe-da5c-4ed9-892d-9c4858f73539] - connection object created successfully."}
{"level":"INFO","message":"[10:21:18.367 AM]: Connection[id: 37a1dffe-da5c-4ed9-892d-9c4858f73539] - async connecting. Associated Snowflake domain: GLOBAL"}
{"level":"INFO","message":"[10:21:18.367 AM]: Trying to initialize Easy Logging"}
{"level":"INFO","message":"[10:21:18.408 AM]: No client config detected."}
{"level":"INFO","message":"[10:21:18.408 AM]: No config file path found. Client config will not be used."}
{"level":"INFO","message":"[10:21:18.408 AM]: Easy Logging is disabled as no config has been found"}
{"level":"INFO","message":"[10:21:18.409 AM]: Connection[id: 37a1dffe-da5c-4ed9-892d-9c4858f73539] - authentication successful using: SNOWFLAKE"}
{"level":"INFO","message":"[10:21:25.844 AM]: Connection[id: 37a1dffe-da5c-4ed9-892d-9c4858f73539] - connection established successfully after 7477.32 milliseconds"}
{"level":"INFO","message":"[11:05:41.117 AM]: Creating new connection object"}
{"level":"INFO","message":"[11:05:41.122 AM]: Creating Connection[id: fd9b7524-c5a2-41b8-822e-09c64805f854] with host: fya14544.snowflakecomputing.com, account: fya14544, accessUrl: https://fya14544.snowflakecomputing.com, user: EPIC_DEV, role: EPIC_DEV_ROLE, database: TEST_DEVELOPMENT_ENVIROMENT, schema: DEV_SCHEMA, warehouse: , proxy was not configured, password is provided, region: undefined, authenticator: SNOWFLAKE, ocsp mode: FAIL_OPEN, os: darwin, os version: 25.5.0"}
{"level":"INFO","message":"[11:05:41.122 AM]: Connection[id: fd9b7524-c5a2-41b8-822e-09c64805f854] additional details: passcode in password is provided, passcode is not provided, private key is not provided, application: undefined, client name: snowflake-sdk, client version: 2.4.3, retry timeout: 300, private key path: undefined, private key pass is not provided, client store temporary credential: false, browser response timeout: 120000"}
{"level":"INFO","message":"[11:05:41.122 AM]: Connection[id: fd9b7524-c5a2-41b8-822e-09c64805f854] - connection object created successfully."}
{"level":"INFO","message":"[11:05:41.122 AM]: Connection[id: fd9b7524-c5a2-41b8-822e-09c64805f854] - async connecting. Associated Snowflake domain: GLOBAL"}
{"level":"INFO","message":"[11:05:41.122 AM]: Trying to initialize Easy Logging"}
{"level":"INFO","message":"[11:05:41.160 AM]: No client config detected."}
{"level":"INFO","message":"[11:05:41.160 AM]: No config file path found. Client config will not be used."}
{"level":"INFO","message":"[11:05:41.160 AM]: Easy Logging is disabled as no config has been found"}
{"level":"INFO","message":"[11:05:41.160 AM]: Connection[id: fd9b7524-c5a2-41b8-822e-09c64805f854] - authentication successful using: SNOWFLAKE"}
{"level":"INFO","message":"[11:05:44.699 AM]: Connection[id: fd9b7524-c5a2-41b8-822e-09c64805f854] - connection established successfully after 3577.02 milliseconds"}
{"level":"INFO","message":"[11:09:24.660 AM]: Creating new connection object"}
{"level":"INFO","message":"[11:09:24.662 AM]: Creating Connection[id: 097ebab5-7752-407e-86a0-556feaa6a423] with host: fya14544.snowflakecomputing.com, account: fya14544, accessUrl: https://fya14544.snowflakecomputing.com, user: EPIC_DEV, role: EPIC_DEV_ROLE, database: TEST_DEVELOPMENT_ENVIROMENT, schema: DEV_SCHEMA, warehouse: , proxy was not configured, password is provided, region: undefined, authenticator: SNOWFLAKE, ocsp mode: FAIL_OPEN, os: darwin, os version: 25.5.0"}
{"level":"INFO","message":"[11:09:24.663 AM]: Connection[id: 097ebab5-7752-407e-86a0-556feaa6a423] additional details: passcode in password is provided, passcode is not provided, private key is not provided, application: undefined, client name: snowflake-sdk, client version: 2.4.3, retry timeout: 300, private key path: undefined, private key pass is not provided, client store temporary credential: false, browser response timeout: 120000"}
{"level":"INFO","message":"[11:09:24.663 AM]: Connection[id: 097ebab5-7752-407e-86a0-556feaa6a423] - connection object created successfully."}
{"level":"INFO","message":"[11:09:24.663 AM]: Connection[id: 097ebab5-7752-407e-86a0-556feaa6a423] - async connecting. Associated Snowflake domain: GLOBAL"}
{"level":"INFO","message":"[11:09:24.663 AM]: Trying to initialize Easy Logging"}
{"level":"INFO","message":"[11:09:24.664 AM]: No client config detected."}
{"level":"INFO","message":"[11:09:24.664 AM]: No config file path found. Client config will not be used."}
{"level":"INFO","message":"[11:09:24.664 AM]: Easy Logging is disabled as no config has been found"}
{"level":"INFO","message":"[11:09:24.664 AM]: Connection[id: 097ebab5-7752-407e-86a0-556feaa6a423] - authentication successful using: SNOWFLAKE"}
{"level":"INFO","message":"[11:09:26.484 AM]: Connection[id: 097ebab5-7752-407e-86a0-556feaa6a423] - connection established successfully after 1820.64 milliseconds"}
{"level":"INFO","message":"[11:39:45.489 AM]: Creating new connection object"}
{"level":"INFO","message":"[11:39:45.491 AM]: Creating Connection[id: 588aab91-b5d7-4d3d-81d8-bfacc9645aee] with host: fya14544.snowflakecomputing.com, account: fya14544, accessUrl: https://fya14544.snowflakecomputing.com, user: EPIC_DEV, role: EPIC_DEV_ROLE, database: TEST_DEVELOPMENT_ENVIROMENT, schema: DEV_SCHEMA, warehouse: , proxy was not configured, password is provided, region: undefined, authenticator: SNOWFLAKE, ocsp mode: FAIL_OPEN, os: darwin, os version: 25.5.0"}
{"level":"INFO","message":"[11:39:45.491 AM]: Connection[id: 588aab91-b5d7-4d3d-81d8-bfacc9645aee] additional details: passcode in password is provided, passcode is not provided, private key is not provided, application: undefined, client name: snowflake-sdk, client version: 2.4.3, retry timeout: 300, private key path: undefined, private key pass is not provided, client store temporary credential: false, browser response timeout: 120000"}
{"level":"INFO","message":"[11:39:45.492 AM]: Connection[id: 588aab91-b5d7-4d3d-81d8-bfacc9645aee] - connection object created successfully."}
{"level":"INFO","message":"[11:39:45.492 AM]: Connection[id: 588aab91-b5d7-4d3d-81d8-bfacc9645aee] - async connecting. Associated Snowflake domain: GLOBAL"}
{"level":"INFO","message":"[11:39:45.492 AM]: Trying to initialize Easy Logging"}
{"level":"INFO","message":"[11:39:45.492 AM]: No client config detected."}
{"level":"INFO","message":"[11:39:45.493 AM]: No config file path found. Client config will not be used."}
{"level":"INFO","message":"[11:39:45.493 AM]: Easy Logging is disabled as no config has been found"}
{"level":"INFO","message":"[11:39:45.493 AM]: Connection[id: 588aab91-b5d7-4d3d-81d8-bfacc9645aee] - authentication successful using: SNOWFLAKE"}
{"level":"INFO","message":"[11:39:47.292 AM]: Connection[id: 588aab91-b5d7-4d3d-81d8-bfacc9645aee] - connection established successfully after 1799.87 milliseconds"}
{"level":"INFO","message":"[12:35:18.033 PM]: Creating new connection object"}
{"level":"INFO","message":"[12:35:18.038 PM]: Creating Connection[id: b2be2a40-2840-490c-be4a-deb243bbd4a0] with host: fya14544.snowflakecomputing.com, account: fya14544, accessUrl: https://fya14544.snowflakecomputing.com, user: EPIC_DEV, role: EPIC_DEV_ROLE, database: TEST_DEVELOPMENT_ENVIROMENT, schema: DEV_SCHEMA, warehouse: , proxy was not configured, password is provided, region: undefined, authenticator: SNOWFLAKE, ocsp mode: FAIL_OPEN, os: darwin, os version: 25.5.0"}
{"level":"INFO","message":"[12:35:18.039 PM]: Connection[id: b2be2a40-2840-490c-be4a-deb243bbd4a0] additional details: passcode in password is provided, passcode is not provided, private key is not provided, application: undefined, client name: snowflake-sdk, client version: 2.4.3, retry timeout: 300, private key path: undefined, private key pass is not provided, client store temporary credential: false, browser response timeout: 120000"}
{"level":"INFO","message":"[12:35:18.039 PM]: Connection[id: b2be2a40-2840-490c-be4a-deb243bbd4a0] - connection object created successfully."}
{"level":"INFO","message":"[12:35:18.039 PM]: Connection[id: b2be2a40-2840-490c-be4a-deb243bbd4a0] - async connecting. Associated Snowflake domain: GLOBAL"}
{"level":"INFO","message":"[12:35:18.039 PM]: Trying to initialize Easy Logging"}
{"level":"INFO","message":"[12:35:18.106 PM]: No client config detected."}
{"level":"INFO","message":"[12:35:18.106 PM]: No config file path found. Client config will not be used."}
{"level":"INFO","message":"[12:35:18.106 PM]: Easy Logging is disabled as no config has been found"}
{"level":"INFO","message":"[12:35:18.106 PM]: Connection[id: b2be2a40-2840-490c-be4a-deb243bbd4a0] - authentication successful using: SNOWFLAKE"}
{"level":"INFO","message":"[12:35:19.707 PM]: Connection[id: b2be2a40-2840-490c-be4a-deb243bbd4a0] - connection established successfully after 1668.38 milliseconds"}
{"level":"INFO","message":"[12:36:47.672 PM]: Creating new connection object"}
{"level":"INFO","message":"[12:36:47.676 PM]: Creating Connection[id: afa205c8-3dda-4c38-8983-96d6eda78e7c] with host: fya14544.snowflakecomputing.com, account: fya14544, accessUrl: https://fya14544.snowflakecomputing.com, user: EPIC_DEV, role: EPIC_DEV_ROLE, database: TEST_DEVELOPMENT_ENVIROMENT, schema: DEV_SCHEMA, warehouse: , proxy was not configured, password is provided, region: undefined, authenticator: SNOWFLAKE, ocsp mode: FAIL_OPEN, os: darwin, os version: 25.5.0"}
{"level":"INFO","message":"[12:36:47.676 PM]: Connection[id: afa205c8-3dda-4c38-8983-96d6eda78e7c] additional details: passcode in password is provided, passcode is not provided, private key is not provided, application: undefined, client name: snowflake-sdk, client version: 2.4.3, retry timeout: 300, private key path: undefined, private key pass is not provided, client store temporary credential: false, browser response timeout: 120000"}
{"level":"INFO","message":"[12:36:47.676 PM]: Connection[id: afa205c8-3dda-4c38-8983-96d6eda78e7c] - connection object created successfully."}
{"level":"INFO","message":"[12:36:47.677 PM]: Connection[id: afa205c8-3dda-4c38-8983-96d6eda78e7c] - async connecting. Associated Snowflake domain: GLOBAL"}
{"level":"INFO","message":"[12:36:47.677 PM]: Trying to initialize Easy Logging"}
{"level":"INFO","message":"[12:36:47.677 PM]: No client config detected."}
{"level":"INFO","message":"[12:36:47.678 PM]: No config file path found. Client config will not be used."}
{"level":"INFO","message":"[12:36:47.678 PM]: Easy Logging is disabled as no config has been found"}
{"level":"INFO","message":"[12:36:47.678 PM]: Connection[id: afa205c8-3dda-4c38-8983-96d6eda78e7c] - authentication successful using: SNOWFLAKE"}
{"level":"INFO","message":"[12:36:49.158 PM]: Connection[id: afa205c8-3dda-4c38-8983-96d6eda78e7c] - connection established successfully after 1481.48 milliseconds"}
{"level":"INFO","message":"[1:39:04.126 PM]: Creating new connection object"}
{"level":"INFO","message":"[1:39:04.128 PM]: Creating Connection[id: ae848514-cb4b-4b2d-bc09-e26caf1252a7] with host: fya14544.snowflakecomputing.com, account: fya14544, accessUrl: https://fya14544.snowflakecomputing.com, user: EPIC_DEV, role: EPIC_DEV_ROLE, database: TEST_DEVELOPMENT_ENVIROMENT, schema: DEV_SCHEMA, warehouse: , proxy was not configured, password is provided, region: undefined, authenticator: SNOWFLAKE, ocsp mode: FAIL_OPEN, os: darwin, os version: 25.5.0"}
{"level":"INFO","message":"[1:39:04.128 PM]: Connection[id: ae848514-cb4b-4b2d-bc09-e26caf1252a7] additional details: passcode in password is provided, passcode is not provided, private key is not provided, application: undefined, client name: snowflake-sdk, client version: 3.1.0, retry timeout: 300, private key path: undefined, private key pass is not provided, client store temporary credential: false, browser response timeout: 120000"}
{"level":"INFO","message":"[1:39:04.128 PM]: Connection[id: ae848514-cb4b-4b2d-bc09-e26caf1252a7] - connection object created successfully."}
{"level":"INFO","message":"[1:39:04.129 PM]: Connection[id: ae848514-cb4b-4b2d-bc09-e26caf1252a7] - async connecting. Associated Snowflake domain: GLOBAL"}
{"level":"INFO","message":"[1:39:04.129 PM]: Trying to initialize Easy Logging"}
{"level":"INFO","message":"[1:39:04.223 PM]: No client config detected."}
{"level":"INFO","message":"[1:39:04.223 PM]: No config file path found. Client config will not be used."}
{"level":"INFO","message":"[1:39:04.223 PM]: Easy Logging is disabled as no config has been found"}
{"level":"INFO","message":"[1:39:04.223 PM]: Connection[id: ae848514-cb4b-4b2d-bc09-e26caf1252a7] - authentication successful using: SNOWFLAKE"}
{"level":"INFO","message":"[1:39:06.284 PM]: Connection[id: ae848514-cb4b-4b2d-bc09-e26caf1252a7] - connection established successfully after 2155.08 milliseconds"}
{"level":"INFO","message":"[1:42:51.890 PM]: Creating new connection object"}
{"level":"INFO","message":"[1:42:51.891 PM]: Creating Connection[id: 80525c06-149a-409c-9eea-dbead9df3581] with host: fya14544.snowflakecomputing.com, account: fya14544, accessUrl: https://fya14544.snowflakecomputing.com, user: EPIC_DEV, role: EPIC_DEV_ROLE, database: TEST_DEVELOPMENT_ENVIROMENT, schema: DEV_SCHEMA, warehouse: , proxy was not configured, password is provided, region: undefined, authenticator: SNOWFLAKE, ocsp mode: FAIL_OPEN, os: darwin, os version: 25.5.0"}
{"level":"INFO","message":"[1:42:51.892 PM]: Connection[id: 80525c06-149a-409c-9eea-dbead9df3581] additional details: passcode in password is provided, passcode is not provided, private key is not provided, application: undefined, client name: snowflake-sdk, client version: 3.1.0, retry timeout: 300, private key path: undefined, private key pass is not provided, client store temporary credential: false, browser response timeout: 120000"}
{"level":"INFO","message":"[1:42:51.892 PM]: Connection[id: 80525c06-149a-409c-9eea-dbead9df3581] - connection object created successfully."}
{"level":"INFO","message":"[1:42:51.892 PM]: Connection[id: 80525c06-149a-409c-9eea-dbead9df3581] - async connecting. Associated Snowflake domain: GLOBAL"}
{"level":"INFO","message":"[1:42:51.892 PM]: Trying to initialize Easy Logging"}
{"level":"INFO","message":"[1:42:51.892 PM]: No client config detected."}
{"level":"INFO","message":"[1:42:51.892 PM]: No config file path found. Client config will not be used."}
{"level":"INFO","message":"[1:42:51.892 PM]: Easy Logging is disabled as no config has been found"}
{"level":"INFO","message":"[1:42:51.893 PM]: Connection[id: 80525c06-149a-409c-9eea-dbead9df3581] - authentication successful using: SNOWFLAKE"}
{"level":"INFO","message":"[1:42:53.422 PM]: Connection[id: 80525c06-149a-409c-9eea-dbead9df3581] - connection established successfully after 1530.35 milliseconds"}
{"level":"INFO","message":"[3:31:39.664 PM]: Creating new connection object"}
{"level":"INFO","message":"[3:31:39.665 PM]: Creating Connection[id: 2d97de76-1fa6-4717-95e6-e04ab3cd9ccc] with host: fya14544.snowflakecomputing.com, account: fya14544, accessUrl: https://fya14544.snowflakecomputing.com, user: EPIC_DEV, role: EPIC_DEV_ROLE, database: TEST_DEVELOPMENT_ENVIROMENT, schema: DEV_SCHEMA, warehouse: , proxy was not configured, password is provided, region: undefined, authenticator: SNOWFLAKE, ocsp mode: FAIL_OPEN, os: darwin, os version: 25.5.0"}
{"level":"INFO","message":"[3:31:39.666 PM]: Connection[id: 2d97de76-1fa6-4717-95e6-e04ab3cd9ccc] additional details: passcode in password is provided, passcode is not provided, private key is not provided, application: undefined, client name: snowflake-sdk, client version: 3.1.0, retry timeout: 300, private key path: undefined, private key pass is not provided, client store temporary credential: false, browser response timeout: 120000"}
{"level":"INFO","message":"[3:31:39.666 PM]: Connection[id: 2d97de76-1fa6-4717-95e6-e04ab3cd9ccc] - connection object created successfully."}
{"level":"INFO","message":"[3:31:39.666 PM]: Connection[id: 2d97de76-1fa6-4717-95e6-e04ab3cd9ccc] - async connecting. Associated Snowflake domain: GLOBAL"}
{"level":"INFO","message":"[3:31:39.666 PM]: Trying to initialize Easy Logging"}
{"level":"INFO","message":"[3:31:39.676 PM]: No client config detected."}
{"level":"INFO","message":"[3:31:39.676 PM]: No config file path found. Client config will not be used."}
{"level":"INFO","message":"[3:31:39.676 PM]: Easy Logging is disabled as no config has been found"}
{"level":"INFO","message":"[3:31:39.676 PM]: Connection[id: 2d97de76-1fa6-4717-95e6-e04ab3cd9ccc] - authentication successful using: SNOWFLAKE"}
{"level":"ERROR","message":"[3:42:15.812 PM]: Connection[id: 2d97de76-1fa6-4717-95e6-e04ab3cd9ccc] - connection failed after 636142.26 milliseconds. Error: getaddrinfo ENOTFOUND fya14544.snowflakecomputing.com"}
{"level":"INFO","message":"[6:16:32.007 PM]: Creating new connection object"}
{"level":"INFO","message":"[6:16:32.010 PM]: Creating Connection[id: b7b2deb8-edc2-4e0b-815d-b549abaf37ea] with host: fya14544.snowflakecomputing.com, account: fya14544, accessUrl: https://fya14544.snowflakecomputing.com, user: EPIC_DEV, role: EPIC_DEV_ROLE, database: TEST_DEVELOPMENT_ENVIROMENT, schema: DEV_SCHEMA, warehouse: , proxy was not configured, password is provided, region: undefined, authenticator: SNOWFLAKE, ocsp mode: FAIL_OPEN, os: darwin, os version: 25.5.0"}
{"level":"INFO","message":"[6:16:32.010 PM]: Connection[id: b7b2deb8-edc2-4e0b-815d-b549abaf37ea] additional details: passcode in password is provided, passcode is not provided, private key is not provided, application: undefined, client name: snowflake-sdk, client version: 3.1.0, retry timeout: 300, private key path: undefined, private key pass is not provided, client store temporary credential: false, browser response timeout: 120000"}
{"level":"INFO","message":"[6:16:32.010 PM]: Connection[id: b7b2deb8-edc2-4e0b-815d-b549abaf37ea] - connection object created successfully."}
{"level":"INFO","message":"[6:16:32.010 PM]: Connection[id: b7b2deb8-edc2-4e0b-815d-b549abaf37ea] - async connecting. Associated Snowflake domain: GLOBAL"}
{"level":"INFO","message":"[6:16:32.010 PM]: Trying to initialize Easy Logging"}
{"level":"INFO","message":"[6:16:32.015 PM]: No client config detected."}
{"level":"INFO","message":"[6:16:32.015 PM]: No config file path found. Client config will not be used."}
{"level":"INFO","message":"[6:16:32.015 PM]: Easy Logging is disabled as no config has been found"}
{"level":"INFO","message":"[6:16:32.015 PM]: Connection[id: b7b2deb8-edc2-4e0b-815d-b549abaf37ea] - authentication successful using: SNOWFLAKE"}
{"level":"INFO","message":"[6:16:33.603 PM]: Connection[id: b7b2deb8-edc2-4e0b-815d-b549abaf37ea] - connection established successfully after 1592.52 milliseconds"}
{"level":"INFO","message":"[8:58:22.725 AM]: Creating new connection object"}
{"level":"INFO","message":"[8:58:22.727 AM]: Creating Connection[id: 00b48c1b-ec78-422d-bdd7-7c0196fcf6af] with host: fya14544.snowflakecomputing.com, account: fya14544, accessUrl: https://fya14544.snowflakecomputing.com, user: EPIC_DEV, role: EPIC_DEV_ROLE, database: TEST_DEVELOPMENT_ENVIROMENT, schema: DEV_SCHEMA, warehouse: , proxy was not configured, password is provided, region: undefined, authenticator: SNOWFLAKE, ocsp mode: FAIL_OPEN, os: darwin, os version: 25.5.0"}
{"level":"INFO","message":"[8:58:22.727 AM]: Connection[id: 00b48c1b-ec78-422d-bdd7-7c0196fcf6af] additional details: passcode in password is provided, passcode is not provided, private key is not provided, application: undefined, client name: snowflake-sdk, client version: 3.1.0, retry timeout: 300, private key path: undefined, private key pass is not provided, client store temporary credential: false, browser response timeout: 120000"}
{"level":"INFO","message":"[8:58:22.727 AM]: Connection[id: 00b48c1b-ec78-422d-bdd7-7c0196fcf6af] - connection object created successfully."}
{"level":"INFO","message":"[8:58:22.728 AM]: Connection[id: 00b48c1b-ec78-422d-bdd7-7c0196fcf6af] - async connecting. Associated Snowflake domain: GLOBAL"}
{"level":"INFO","message":"[8:58:22.728 AM]: Trying to initialize Easy Logging"}
{"level":"INFO","message":"[8:58:22.772 AM]: No client config detected."}
{"level":"INFO","message":"[8:58:22.772 AM]: No config file path found. Client config will not be used."}
{"level":"INFO","message":"[8:58:22.772 AM]: Easy Logging is disabled as no config has been found"}
{"level":"INFO","message":"[8:58:22.773 AM]: Connection[id: 00b48c1b-ec78-422d-bdd7-7c0196fcf6af] - authentication successful using: SNOWFLAKE"}
{"level":"INFO","message":"[8:58:24.145 AM]: Connection[id: 00b48c1b-ec78-422d-bdd7-7c0196fcf6af] - connection established successfully after 1417.22 milliseconds"}
{"level":"INFO","message":"[9:01:19.046 AM]: Creating new connection object"}
{"level":"INFO","message":"[9:01:19.047 AM]: Creating Connection[id: 15662710-b3f9-4527-87c2-0d3b16bcbba4] with host: fya14544.snowflakecomputing.com, account: fya14544, accessUrl: https://fya14544.snowflakecomputing.com, user: EPIC_DEV, role: EPIC_DEV_ROLE, database: TEST_DEVELOPMENT_ENVIROMENT, schema: DEV_SCHEMA, warehouse: , proxy was not configured, password is provided, region: undefined, authenticator: SNOWFLAKE, ocsp mode: FAIL_OPEN, os: darwin, os version: 25.5.0"}
{"level":"INFO","message":"[9:01:19.048 AM]: Connection[id: 15662710-b3f9-4527-87c2-0d3b16bcbba4] additional details: passcode in password is provided, passcode is not provided, private key is not provided, application: undefined, client name: snowflake-sdk, client version: 3.1.0, retry timeout: 300, private key path: undefined, private key pass is not provided, client store temporary credential: false, browser response timeout: 120000"}
{"level":"INFO","message":"[9:01:19.048 AM]: Connection[id: 15662710-b3f9-4527-87c2-0d3b16bcbba4] - connection object created successfully."}
{"level":"INFO","message":"[9:01:19.048 AM]: Connection[id: 15662710-b3f9-4527-87c2-0d3b16bcbba4] - async connecting. Associated Snowflake domain: GLOBAL"}
{"level":"INFO","message":"[9:01:19.048 AM]: Trying to initialize Easy Logging"}
{"level":"INFO","message":"[9:01:19.049 AM]: No client config detected."}
{"level":"INFO","message":"[9:01:19.049 AM]: No config file path found. Client config will not be used."}
{"level":"INFO","message":"[9:01:19.049 AM]: Easy Logging is disabled as no config has been found"}
{"level":"INFO","message":"[9:01:19.049 AM]: Connection[id: 15662710-b3f9-4527-87c2-0d3b16bcbba4] - authentication successful using: SNOWFLAKE"}
{"level":"INFO","message":"[9:01:21.243 AM]: Connection[id: 15662710-b3f9-4527-87c2-0d3b16bcbba4] - connection established successfully after 2195.58 milliseconds"}
{"level":"INFO","message":"[10:57:24.719 AM]: Creating new connection object"}
{"level":"INFO","message":"[10:57:24.721 AM]: Creating Connection[id: ba01e8cd-2197-406e-a301-d21908f7eb41] with host: fya14544.snowflakecomputing.com, account: fya14544, accessUrl: https://fya14544.snowflakecomputing.com, user: EPIC_DEV, role: EPIC_DEV_ROLE, database: TEST_DEVELOPMENT_ENVIROMENT, schema: DEV_SCHEMA, warehouse: , proxy was not configured, password is provided, region: undefined, authenticator: SNOWFLAKE, ocsp mode: FAIL_OPEN, os: darwin, os version: 25.5.0"}
{"level":"INFO","message":"[10:57:24.721 AM]: Connection[id: ba01e8cd-2197-406e-a301-d21908f7eb41] additional details: passcode in password is provided, passcode is not provided, private key is not provided, application: undefined, client name: snowflake-sdk, client version: 3.1.0, retry timeout: 300, private key path: undefined, private key pass is not provided, client store temporary credential: false, browser response timeout: 120000"}
{"level":"INFO","message":"[10:57:24.721 AM]: Connection[id: ba01e8cd-2197-406e-a301-d21908f7eb41] - connection object created successfully."}
{"level":"INFO","message":"[10:57:24.721 AM]: Connection[id: ba01e8cd-2197-406e-a301-d21908f7eb41] - async connecting. Associated Snowflake domain: GLOBAL"}
{"level":"INFO","message":"[10:57:24.722 AM]: Trying to initialize Easy Logging"}
{"level":"INFO","message":"[10:57:24.732 AM]: No client config detected."}
{"level":"INFO","message":"[10:57:24.732 AM]: No config file path found. Client config will not be used."}
{"level":"INFO","message":"[10:57:24.732 AM]: Easy Logging is disabled as no config has been found"}
{"level":"INFO","message":"[10:57:24.732 AM]: Connection[id: ba01e8cd-2197-406e-a301-d21908f7eb41] - authentication successful using: SNOWFLAKE"}
{"level":"INFO","message":"[10:57:28.500 AM]: Connection[id: ba01e8cd-2197-406e-a301-d21908f7eb41] - connection established successfully after 3778.63 milliseconds"}
{"level":"INFO","message":"[8:44:36.201 AM]: Creating new connection object"}
{"level":"INFO","message":"[8:44:36.203 AM]: Creating Connection[id: e00af95e-3a90-45ef-ab30-9b7454a9fa80] with host: fya14544.snowflakecomputing.com, account: fya14544, accessUrl: https://fya14544.snowflakecomputing.com, user: EPIC_DEV, role: EPIC_DEV_ROLE, database: TEST_DEVELOPMENT_ENVIROMENT, schema: DEV_SCHEMA, warehouse: , proxy was not configured, password is provided, region: undefined, authenticator: SNOWFLAKE, ocsp mode: FAIL_OPEN, os: darwin, os version: 25.5.0"}
{"level":"INFO","message":"[8:44:36.203 AM]: Connection[id: e00af95e-3a90-45ef-ab30-9b7454a9fa80] additional details: passcode in password is provided, passcode is not provided, private key is not provided, application: undefined, client name: snowflake-sdk, client version: 3.1.0, retry timeout: 300, private key path: undefined, private key pass is not provided, client store temporary credential: false, browser response timeout: 120000"}
{"level":"INFO","message":"[8:44:36.203 AM]: Connection[id: e00af95e-3a90-45ef-ab30-9b7454a9fa80] - connection object created successfully."}
{"level":"INFO","message":"[8:44:36.203 AM]: Connection[id: e00af95e-3a90-45ef-ab30-9b7454a9fa80] - async connecting. Associated Snowflake domain: GLOBAL"}
{"level":"INFO","message":"[8:44:36.203 AM]: Trying to initialize Easy Logging"}
{"level":"INFO","message":"[8:44:36.208 AM]: No client config detected."}
{"level":"INFO","message":"[8:44:36.208 AM]: No config file path found. Client config will not be used."}
{"level":"INFO","message":"[8:44:36.208 AM]: Easy Logging is disabled as no config has been found"}
{"level":"INFO","message":"[8:44:36.208 AM]: Connection[id: e00af95e-3a90-45ef-ab30-9b7454a9fa80] - authentication successful using: SNOWFLAKE"}
{"level":"ERROR","message":"[8:48:12.623 AM]: Connection[id: e00af95e-3a90-45ef-ab30-9b7454a9fa80] - connection failed after 216416.67 milliseconds. Error: getaddrinfo ENOTFOUND fya14544.snowflakecomputing.com"}
{"level":"INFO","message":"[12:11:00.820 PM]: Creating new connection object"}
{"level":"INFO","message":"[12:11:00.825 PM]: Creating Connection[id: f9580210-0984-40a2-8679-d557603d92c6] with host: fya14544.snowflakecomputing.com, account: fya14544, accessUrl: https://fya14544.snowflakecomputing.com, user: EPIC_DEV, role: EPIC_DEV_ROLE, database: TEST_DEVELOPMENT_ENVIROMENT, schema: DEV_SCHEMA, warehouse: , proxy was not configured, password is provided, region: undefined, authenticator: SNOWFLAKE, ocsp mode: FAIL_OPEN, os: darwin, os version: 25.5.0"}
{"level":"INFO","message":"[12:11:00.825 PM]: Connection[id: f9580210-0984-40a2-8679-d557603d92c6] additional details: passcode in password is provided, passcode is not provided, private key is not provided, application: undefined, client name: snowflake-sdk, client version: 3.1.0, retry timeout: 300, private key path: undefined, private key pass is not provided, client store temporary credential: false, browser response timeout: 120000"}
{"level":"INFO","message":"[12:11:00.825 PM]: Connection[id: f9580210-0984-40a2-8679-d557603d92c6] - connection object created successfully."}
{"level":"INFO","message":"[12:11:00.826 PM]: Connection[id: f9580210-0984-40a2-8679-d557603d92c6] - async connecting. Associated Snowflake domain: GLOBAL"}
{"level":"INFO","message":"[12:11:00.826 PM]: Connection[id: f9580210-0984-40a2-8679-d557603d92c6] - authentication successful using: SNOWFLAKE"}
{"level":"INFO","message":"[12:11:03.536 PM]: Connection[id: f9580210-0984-40a2-8679-d557603d92c6] - connection established successfully after 2710.45 milliseconds"}
{"level":"INFO","message":"[10:19:37.336 AM]: Creating new connection object"}
{"level":"INFO","message":"[10:19:37.338 AM]: Creating Connection[id: 00e08f51-35ae-49a1-a3d8-0fbc0276d6fe] with host: fya14544.snowflakecomputing.com, account: fya14544, accessUrl: https://fya14544.snowflakecomputing.com, user: EPIC_DEV, role: EPIC_DEV_ROLE, database: TEST_DEVELOPMENT_ENVIROMENT, schema: DEV_SCHEMA, warehouse: , proxy was not configured, password is provided, region: undefined, authenticator: SNOWFLAKE, ocsp mode: FAIL_OPEN, os: darwin, os version: 25.5.0"}
{"level":"INFO","message":"[10:19:37.338 AM]: Connection[id: 00e08f51-35ae-49a1-a3d8-0fbc0276d6fe] additional details: passcode in password is provided, passcode is not provided, private key is not provided, application: undefined, client name: snowflake-sdk, client version: 3.1.0, retry timeout: 300, private key path: undefined, private key pass is not provided, client store temporary credential: false, browser response timeout: 120000"}
{"level":"INFO","message":"[10:19:37.339 AM]: Connection[id: 00e08f51-35ae-49a1-a3d8-0fbc0276d6fe] - connection object created successfully."}
{"level":"INFO","message":"[10:19:37.339 AM]: Connection[id: 00e08f51-35ae-49a1-a3d8-0fbc0276d6fe] - async connecting. Associated Snowflake domain: GLOBAL"}
{"level":"INFO","message":"[10:19:37.339 AM]: Trying to initialize Easy Logging"}
{"level":"INFO","message":"[10:19:37.343 AM]: No client config detected."}
{"level":"INFO","message":"[10:19:37.343 AM]: No config file path found. Client config will not be used."}
{"level":"INFO","message":"[10:19:37.343 AM]: Easy Logging is disabled as no config has been found"}
{"level":"INFO","message":"[10:19:37.343 AM]: Connection[id: 00e08f51-35ae-49a1-a3d8-0fbc0276d6fe] - authentication successful using: SNOWFLAKE"}
{"level":"INFO","message":"[10:19:40.715 AM]: Connection[id: 00e08f51-35ae-49a1-a3d8-0fbc0276d6fe] - connection established successfully after 3375.64 milliseconds"}
{"level":"INFO","message":"[5:43:12.006 PM]: Creating new connection object"}
{"level":"INFO","message":"[5:43:12.008 PM]: Creating Connection[id: 679e8eb2-749a-4883-ab5e-9ae1bf1f6baf] with host: fya14544.snowflakecomputing.com, account: fya14544, accessUrl: https://fya14544.snowflakecomputing.com, user: EPIC_DEV, role: EPIC_DEV_ROLE, database: TEST_DEVELOPMENT_ENVIROMENT, schema: DEV_SCHEMA, warehouse: , proxy was not configured, password is provided, region: undefined, authenticator: SNOWFLAKE, ocsp mode: FAIL_OPEN, os: darwin, os version: 25.5.0"}
{"level":"INFO","message":"[5:43:12.008 PM]: Connection[id: 679e8eb2-749a-4883-ab5e-9ae1bf1f6baf] additional details: passcode in password is provided, passcode is not provided, private key is not provided, application: undefined, client name: snowflake-sdk, client version: 3.1.0, retry timeout: 300, private key path: undefined, private key pass is not provided, client store temporary credential: false, browser response timeout: 120000"}
{"level":"INFO","message":"[5:43:12.008 PM]: Connection[id: 679e8eb2-749a-4883-ab5e-9ae1bf1f6baf] - connection object created successfully."}
{"level":"INFO","message":"[5:43:12.008 PM]: Connection[id: 679e8eb2-749a-4883-ab5e-9ae1bf1f6baf] - async connecting. Associated Snowflake domain: GLOBAL"}
{"level":"INFO","message":"[5:43:12.008 PM]: Trying to initialize Easy Logging"}
{"level":"INFO","message":"[5:43:12.079 PM]: No client config detected."}
{"level":"INFO","message":"[5:43:12.079 PM]: No config file path found. Client config will not be used."}
{"level":"INFO","message":"[5:43:12.079 PM]: Easy Logging is disabled as no config has been found"}
{"level":"INFO","message":"[5:43:12.079 PM]: Connection[id: 679e8eb2-749a-4883-ab5e-9ae1bf1f6baf] - authentication successful using: SNOWFLAKE"}
{"level":"INFO","message":"[5:43:13.068 PM]: Connection[id: 679e8eb2-749a-4883-ab5e-9ae1bf1f6baf] - connection established successfully after 1060.01 milliseconds"}
{"level":"INFO","message":"[11:57:00.887 AM]: Creating new connection object"}
{"level":"INFO","message":"[11:57:00.889 AM]: Creating Connection[id: 5b4f973c-5af2-4fc8-aa70-8574583d513f] with host: fya14544.snowflakecomputing.com, account: fya14544, accessUrl: https://fya14544.snowflakecomputing.com, user: EPIC_DEV, role: EPIC_DEV_ROLE, database: TEST_DEVELOPMENT_ENVIROMENT, schema: DEV_SCHEMA, warehouse: , proxy was not configured, password is provided, region: undefined, authenticator: SNOWFLAKE, ocsp mode: FAIL_OPEN, os: darwin, os version: 25.5.0"}
{"level":"INFO","message":"[11:57:00.889 AM]: Connection[id: 5b4f973c-5af2-4fc8-aa70-8574583d513f] additional details: passcode in password is provided, passcode is not provided, private key is not provided, application: undefined, client name: snowflake-sdk, client version: 3.1.0, retry timeout: 300, private key path: undefined, private key pass is not provided, client store temporary credential: false, browser response timeout: 120000"}
{"level":"INFO","message":"[11:57:00.889 AM]: Connection[id: 5b4f973c-5af2-4fc8-aa70-8574583d513f] - connection object created successfully."}
{"level":"INFO","message":"[11:57:00.889 AM]: Connection[id: 5b4f973c-5af2-4fc8-aa70-8574583d513f] - async connecting. Associated Snowflake domain: GLOBAL"}
{"level":"INFO","message":"[11:57:00.889 AM]: Trying to initialize Easy Logging"}
{"level":"INFO","message":"[11:57:00.928 AM]: No client config detected."}
{"level":"INFO","message":"[11:57:00.928 AM]: No config file path found. Client config will not be used."}
{"level":"INFO","message":"[11:57:00.928 AM]: Easy Logging is disabled as no config has been found"}
{"level":"INFO","message":"[11:57:00.928 AM]: Connection[id: 5b4f973c-5af2-4fc8-aa70-8574583d513f] - authentication successful using: SNOWFLAKE"}
{"level":"INFO","message":"[11:57:03.652 AM]: Connection[id: 5b4f973c-5af2-4fc8-aa70-8574583d513f] - connection established successfully after 2762.51 milliseconds"}
{"level":"INFO","message":"[11:57:21.603 AM]: Creating new connection object"}
{"level":"INFO","message":"[11:57:21.605 AM]: Creating Connection[id: 7d033bf0-44c1-4b9f-add0-a5c952710485] with host: fya14544.snowflakecomputing.com, account: fya14544, accessUrl: https://fya14544.snowflakecomputing.com, user: EPIC_DEV, role: EPIC_DEV_ROLE, database: TEST_DEVELOPMENT_ENVIROMENT, schema: DEV_SCHEMA, warehouse: , proxy was not configured, password is provided, region: undefined, authenticator: SNOWFLAKE, ocsp mode: FAIL_OPEN, os: darwin, os version: 25.5.0"}
{"level":"INFO","message":"[11:57:21.606 AM]: Connection[id: 7d033bf0-44c1-4b9f-add0-a5c952710485] additional details: passcode in password is provided, passcode is not provided, private key is not provided, application: undefined, client name: snowflake-sdk, client version: 3.1.0, retry timeout: 300, private key path: undefined, private key pass is not provided, client store temporary credential: false, browser response timeout: 120000"}
{"level":"INFO","message":"[11:57:21.606 AM]: Connection[id: 7d033bf0-44c1-4b9f-add0-a5c952710485] - connection object created successfully."}
{"level":"INFO","message":"[11:57:21.606 AM]: Connection[id: 7d033bf0-44c1-4b9f-add0-a5c952710485] - async connecting. Associated Snowflake domain: GLOBAL"}
{"level":"INFO","message":"[11:57:21.606 AM]: Trying to initialize Easy Logging"}
{"level":"INFO","message":"[11:57:21.607 AM]: No client config detected."}
{"level":"INFO","message":"[11:57:21.607 AM]: No config file path found. Client config will not be used."}
{"level":"INFO","message":"[11:57:21.607 AM]: Easy Logging is disabled as no config has been found"}
{"level":"INFO","message":"[11:57:21.607 AM]: Connection[id: 7d033bf0-44c1-4b9f-add0-a5c952710485] - authentication successful using: SNOWFLAKE"}
{"level":"INFO","message":"[11:57:22.493 AM]: Connection[id: 7d033bf0-44c1-4b9f-add0-a5c952710485] - connection established successfully after 886.61 milliseconds"}
{"level":"INFO","message":"[11:58:01.060 AM]: Creating new connection object"}
{"level":"INFO","message":"[11:58:01.062 AM]: Creating Connection[id: c059fc1d-abb5-4dff-be34-6607dcbc56c4] with host: fya14544.snowflakecomputing.com, account: fya14544, accessUrl: https://fya14544.snowflakecomputing.com, user: EPIC_DEV, role: EPIC_DEV_ROLE, database: TEST_DEVELOPMENT_ENVIROMENT, schema: DEV_SCHEMA, warehouse: , proxy was not configured, password is provided, region: undefined, authenticator: SNOWFLAKE, ocsp mode: FAIL_OPEN, os: darwin, os version: 25.5.0"}
{"level":"INFO","message":"[11:58:01.062 AM]: Connection[id: c059fc1d-abb5-4dff-be34-6607dcbc56c4] additional details: passcode in password is provided, passcode is not provided, private key is not provided, application: undefined, client name: snowflake-sdk, client version: 3.1.0, retry timeout: 300, private key path: undefined, private key pass is not provided, client store temporary credential: false, browser response timeout: 120000"}
{"level":"INFO","message":"[11:58:01.062 AM]: Connection[id: c059fc1d-abb5-4dff-be34-6607dcbc56c4] - connection object created successfully."}
{"level":"INFO","message":"[11:58:01.062 AM]: Connection[id: c059fc1d-abb5-4dff-be34-6607dcbc56c4] - async connecting. Associated Snowflake domain: GLOBAL"}
{"level":"INFO","message":"[11:58:01.062 AM]: Trying to initialize Easy Logging"}
{"level":"INFO","message":"[11:58:01.063 AM]: No client config detected."}
{"level":"INFO","message":"[11:58:01.063 AM]: No config file path found. Client config will not be used."}
{"level":"INFO","message":"[11:58:01.064 AM]: Easy Logging is disabled as no config has been found"}
{"level":"INFO","message":"[11:58:01.064 AM]: Connection[id: c059fc1d-abb5-4dff-be34-6607dcbc56c4] - authentication successful using: SNOWFLAKE"}
{"level":"INFO","message":"[11:58:02.215 AM]: Connection[id: c059fc1d-abb5-4dff-be34-6607dcbc56c4] - connection established successfully after 1152.39 milliseconds"}
{"level":"INFO","message":"[12:24:29.412 PM]: Creating new connection object"}
{"level":"INFO","message":"[12:24:29.414 PM]: Creating Connection[id: 306b68b6-6a82-4934-9103-d5cd5c8e9641] with host: fya14544.snowflakecomputing.com, account: fya14544, accessUrl: https://fya14544.snowflakecomputing.com, user: EPIC_DEV, role: EPIC_DEV_ROLE, database: TEST_DEVELOPMENT_ENVIROMENT, schema: DEV_SCHEMA, warehouse: , proxy was not configured, password is provided, region: undefined, authenticator: SNOWFLAKE, ocsp mode: FAIL_OPEN, os: darwin, os version: 25.5.0"}
{"level":"INFO","message":"[12:24:29.414 PM]: Connection[id: 306b68b6-6a82-4934-9103-d5cd5c8e9641] additional details: passcode in password is provided, passcode is not provided, private key is not provided, application: undefined, client name: snowflake-sdk, client version: 3.1.0, retry timeout: 300, private key path: undefined, private key pass is not provided, client store temporary credential: false, browser response timeout: 120000"}
{"level":"INFO","message":"[12:24:29.414 PM]: Connection[id: 306b68b6-6a82-4934-9103-d5cd5c8e9641] - connection object created successfully."}
{"level":"INFO","message":"[12:24:29.414 PM]: Connection[id: 306b68b6-6a82-4934-9103-d5cd5c8e9641] - async connecting. Associated Snowflake domain: GLOBAL"}
{"level":"INFO","message":"[12:24:29.415 PM]: Trying to initialize Easy Logging"}
{"level":"INFO","message":"[12:24:29.416 PM]: No client config detected."}
{"level":"INFO","message":"[12:24:29.416 PM]: No config file path found. Client config will not be used."}
{"level":"INFO","message":"[12:24:29.416 PM]: Easy Logging is disabled as no config has been found"}
{"level":"INFO","message":"[12:24:29.416 PM]: Connection[id: 306b68b6-6a82-4934-9103-d5cd5c8e9641] - authentication successful using: SNOWFLAKE"}
{"level":"INFO","message":"[12:24:30.467 PM]: Connection[id: 306b68b6-6a82-4934-9103-d5cd5c8e9641] - connection established successfully after 1052.87 milliseconds"}
{"level":"INFO","message":"[12:24:32.354 PM]: Creating new connection object"}
{"level":"INFO","message":"[12:24:32.356 PM]: Creating Connection[id: f5608719-3f11-48bb-b91a-44e551a304db] with host: fya14544.snowflakecomputing.com, account: fya14544, accessUrl: https://fya14544.snowflakecomputing.com, user: EPIC_DEV, role: EPIC_DEV_ROLE, database: TEST_DEVELOPMENT_ENVIROMENT, schema: DEV_SCHEMA, warehouse: , proxy was not configured, password is provided, region: undefined, authenticator: SNOWFLAKE, ocsp mode: FAIL_OPEN, os: darwin, os version: 25.5.0"}
{"level":"INFO","message":"[12:24:32.356 PM]: Connection[id: f5608719-3f11-48bb-b91a-44e551a304db] additional details: passcode in password is provided, passcode is not provided, private key is not provided, application: undefined, client name: snowflake-sdk, client version: 3.1.0, retry timeout: 300, private key path: undefined, private key pass is not provided, client store temporary credential: false, browser response timeout: 120000"}
{"level":"INFO","message":"[12:24:32.356 PM]: Connection[id: f5608719-3f11-48bb-b91a-44e551a304db] - connection object created successfully."}
{"level":"INFO","message":"[12:24:32.356 PM]: Connection[id: f5608719-3f11-48bb-b91a-44e551a304db] - async connecting. Associated Snowflake domain: GLOBAL"}
{"level":"INFO","message":"[12:24:32.356 PM]: Trying to initialize Easy Logging"}
{"level":"INFO","message":"[12:24:32.357 PM]: No client config detected."}
{"level":"INFO","message":"[12:24:32.357 PM]: No config file path found. Client config will not be used."}
{"level":"INFO","message":"[12:24:32.357 PM]: Easy Logging is disabled as no config has been found"}
{"level":"INFO","message":"[12:24:32.357 PM]: Connection[id: f5608719-3f11-48bb-b91a-44e551a304db] - authentication successful using: SNOWFLAKE"}
{"level":"INFO","message":"[12:24:33.368 PM]: Connection[id: f5608719-3f11-48bb-b91a-44e551a304db] - connection established successfully after 1011.9 milliseconds"}
{"level":"INFO","message":"[12:30:21.588 PM]: Creating new connection object"}
{"level":"INFO","message":"[12:30:21.589 PM]: Creating Connection[id: b0d5506d-7c69-49c7-9dca-8e9d6e72d7b7] with host: fya14544.snowflakecomputing.com, account: fya14544, accessUrl: https://fya14544.snowflakecomputing.com, user: EPIC_DEV, role: EPIC_DEV_ROLE, database: TEST_DEVELOPMENT_ENVIROMENT, schema: DEV_SCHEMA, warehouse: , proxy was not configured, password is provided, region: undefined, authenticator: SNOWFLAKE, ocsp mode: FAIL_OPEN, os: darwin, os version: 25.5.0"}
{"level":"INFO","message":"[12:30:21.590 PM]: Connection[id: b0d5506d-7c69-49c7-9dca-8e9d6e72d7b7] additional details: passcode in password is provided, passcode is not provided, private key is not provided, application: undefined, client name: snowflake-sdk, client version: 3.1.0, retry timeout: 300, private key path: undefined, private key pass is not provided, client store temporary credential: false, browser response timeout: 120000"}
{"level":"INFO","message":"[12:30:21.590 PM]: Connection[id: b0d5506d-7c69-49c7-9dca-8e9d6e72d7b7] - connection object created successfully."}
{"level":"INFO","message":"[12:30:21.590 PM]: Connection[id: b0d5506d-7c69-49c7-9dca-8e9d6e72d7b7] - async connecting. Associated Snowflake domain: GLOBAL"}
{"level":"INFO","message":"[12:30:21.590 PM]: Trying to initialize Easy Logging"}
{"level":"INFO","message":"[12:30:21.591 PM]: No client config detected."}
{"level":"INFO","message":"[12:30:21.591 PM]: No config file path found. Client config will not be used."}
{"level":"INFO","message":"[12:30:21.591 PM]: Easy Logging is disabled as no config has been found"}
{"level":"INFO","message":"[12:30:21.592 PM]: Connection[id: b0d5506d-7c69-49c7-9dca-8e9d6e72d7b7] - authentication successful using: SNOWFLAKE"}
{"level":"INFO","message":"[12:30:22.619 PM]: Connection[id: b0d5506d-7c69-49c7-9dca-8e9d6e72d7b7] - connection established successfully after 1029.43 milliseconds"}
{"level":"INFO","message":"[12:30:24.175 PM]: Creating new connection object"}
{"level":"INFO","message":"[12:30:24.177 PM]: Creating Connection[id: dbbd446f-ac6a-4680-b693-038686de1ff4] with host: fya14544.snowflakecomputing.com, account: fya14544, accessUrl: https://fya14544.snowflakecomputing.com, user: EPIC_DEV, role: EPIC_DEV_ROLE, database: TEST_DEVELOPMENT_ENVIROMENT, schema: DEV_SCHEMA, warehouse: , proxy was not configured, password is provided, region: undefined, authenticator: SNOWFLAKE, ocsp mode: FAIL_OPEN, os: darwin, os version: 25.5.0"}
{"level":"INFO","message":"[12:30:24.177 PM]: Connection[id: dbbd446f-ac6a-4680-b693-038686de1ff4] additional details: passcode in password is provided, passcode is not provided, private key is not provided, application: undefined, client name: snowflake-sdk, client version: 3.1.0, retry timeout: 300, private key path: undefined, private key pass is not provided, client store temporary credential: false, browser response timeout: 120000"}
{"level":"INFO","message":"[12:30:24.177 PM]: Connection[id: dbbd446f-ac6a-4680-b693-038686de1ff4] - connection object created successfully."}
{"level":"INFO","message":"[12:30:24.177 PM]: Connection[id: dbbd446f-ac6a-4680-b693-038686de1ff4] - async connecting. Associated Snowflake domain: GLOBAL"}
{"level":"INFO","message":"[12:30:24.178 PM]: Trying to initialize Easy Logging"}
{"level":"INFO","message":"[12:30:24.178 PM]: No client config detected."}
{"level":"INFO","message":"[12:30:24.179 PM]: No config file path found. Client config will not be used."}
{"level":"INFO","message":"[12:30:24.179 PM]: Easy Logging is disabled as no config has been found"}
{"level":"INFO","message":"[12:30:24.179 PM]: Connection[id: dbbd446f-ac6a-4680-b693-038686de1ff4] - authentication successful using: SNOWFLAKE"}
{"level":"INFO","message":"[12:30:24.949 PM]: Connection[id: dbbd446f-ac6a-4680-b693-038686de1ff4] - connection established successfully after 771.34 milliseconds"}
{"level":"INFO","message":"[1:41:16.418 PM]: Creating new connection object"}
{"level":"INFO","message":"[1:41:16.421 PM]: Creating Connection[id: 52c88346-1dc4-4d81-bd02-908af61138e2] with host: fya14544.snowflakecomputing.com, account: fya14544, accessUrl: https://fya14544.snowflakecomputing.com, user: EPIC_DEV, role: EPIC_DEV_ROLE, database: TEST_DEVELOPMENT_ENVIROMENT, schema: DEV_SCHEMA, warehouse: , proxy was not configured, password is provided, region: undefined, authenticator: SNOWFLAKE, ocsp mode: FAIL_OPEN, os: darwin, os version: 25.5.0"}
{"level":"INFO","message":"[1:41:16.421 PM]: Connection[id: 52c88346-1dc4-4d81-bd02-908af61138e2] additional details: passcode in password is provided, passcode is not provided, private key is not provided, application: undefined, client name: snowflake-sdk, client version: 3.1.0, retry timeout: 300, private key path: undefined, private key pass is not provided, client store temporary credential: false, browser response timeout: 120000"}
{"level":"INFO","message":"[1:41:16.421 PM]: Connection[id: 52c88346-1dc4-4d81-bd02-908af61138e2] - connection object created successfully."}
{"level":"INFO","message":"[1:41:16.421 PM]: Connection[id: 52c88346-1dc4-4d81-bd02-908af61138e2] - async connecting. Associated Snowflake domain: GLOBAL"}
{"level":"INFO","message":"[1:41:16.421 PM]: Trying to initialize Easy Logging"}
{"level":"INFO","message":"[1:41:16.422 PM]: No client config detected."}
{"level":"INFO","message":"[1:41:16.422 PM]: No config file path found. Client config will not be used."}
{"level":"INFO","message":"[1:41:16.422 PM]: Easy Logging is disabled as no config has been found"}
{"level":"INFO","message":"[1:41:16.422 PM]: Connection[id: 52c88346-1dc4-4d81-bd02-908af61138e2] - authentication successful using: SNOWFLAKE"}
{"level":"INFO","message":"[1:41:17.313 PM]: Connection[id: 52c88346-1dc4-4d81-bd02-908af61138e2] - connection established successfully after 892 milliseconds"}
{"level":"INFO","message":"[1:49:31.478 PM]: Creating new connection object"}
{"level":"INFO","message":"[1:49:31.480 PM]: Creating Connection[id: 2ac1c495-e071-495a-937f-e514d3e77328] with host: fya14544.snowflakecomputing.com, account: fya14544, accessUrl: https://fya14544.snowflakecomputing.com, user: EPIC_DEV, role: EPIC_DEV_ROLE, database: TEST_DEVELOPMENT_ENVIROMENT, schema: DEV_SCHEMA, warehouse: , proxy was not configured, password is provided, region: undefined, authenticator: SNOWFLAKE, ocsp mode: FAIL_OPEN, os: darwin, os version: 25.5.0"}
{"level":"INFO","message":"[1:49:31.480 PM]: Connection[id: 2ac1c495-e071-495a-937f-e514d3e77328] additional details: passcode in password is provided, passcode is not provided, private key is not provided, application: undefined, client name: snowflake-sdk, client version: 3.1.0, retry timeout: 300, private key path: undefined, private key pass is not provided, client store temporary credential: false, browser response timeout: 120000"}
{"level":"INFO","message":"[1:49:31.480 PM]: Connection[id: 2ac1c495-e071-495a-937f-e514d3e77328] - connection object created successfully."}
{"level":"INFO","message":"[1:49:31.481 PM]: Connection[id: 2ac1c495-e071-495a-937f-e514d3e77328] - async connecting. Associated Snowflake domain: GLOBAL"}
{"level":"INFO","message":"[1:49:31.481 PM]: Trying to initialize Easy Logging"}
{"level":"INFO","message":"[1:49:31.482 PM]: No client config detected."}
{"level":"INFO","message":"[1:49:31.482 PM]: No config file path found. Client config will not be used."}
{"level":"INFO","message":"[1:49:31.482 PM]: Easy Logging is disabled as no config has been found"}
{"level":"INFO","message":"[1:49:31.482 PM]: Connection[id: 2ac1c495-e071-495a-937f-e514d3e77328] - authentication successful using: SNOWFLAKE"}
{"level":"INFO","message":"[1:49:32.646 PM]: Connection[id: 2ac1c495-e071-495a-937f-e514d3e77328] - connection established successfully after 1165.7 milliseconds"}
{"level":"INFO","message":"[3:55:50.861 PM]: Creating new connection object"}
{"level":"INFO","message":"[3:55:50.863 PM]: Creating Connection[id: 90a059b2-3e24-46af-a021-f9cb431f68e1] with host: fya14544.snowflakecomputing.com, account: fya14544, accessUrl: https://fya14544.snowflakecomputing.com, user: EPIC_DEV, role: EPIC_DEV_ROLE, database: TEST_DEVELOPMENT_ENVIROMENT, schema: DEV_SCHEMA, warehouse: , proxy was not configured, password is provided, region: undefined, authenticator: SNOWFLAKE, ocsp mode: FAIL_OPEN, os: darwin, os version: 25.5.0"}
{"level":"INFO","message":"[3:55:50.863 PM]: Connection[id: 90a059b2-3e24-46af-a021-f9cb431f68e1] additional details: passcode in password is provided, passcode is not provided, private key is not provided, application: undefined, client name: snowflake-sdk, client version: 3.1.0, retry timeout: 300, private key path: undefined, private key pass is not provided, client store temporary credential: false, browser response timeout: 120000"}
{"level":"INFO","message":"[3:55:50.863 PM]: Connection[id: 90a059b2-3e24-46af-a021-f9cb431f68e1] - connection object created successfully."}
{"level":"INFO","message":"[3:55:50.863 PM]: Connection[id: 90a059b2-3e24-46af-a021-f9cb431f68e1] - async connecting. Associated Snowflake domain: GLOBAL"}
{"level":"INFO","message":"[3:55:50.863 PM]: Trying to initialize Easy Logging"}
{"level":"INFO","message":"[3:55:50.864 PM]: No client config detected."}
{"level":"INFO","message":"[3:55:50.864 PM]: No config file path found. Client config will not be used."}
{"level":"INFO","message":"[3:55:50.864 PM]: Easy Logging is disabled as no config has been found"}
{"level":"INFO","message":"[3:55:50.864 PM]: Connection[id: 90a059b2-3e24-46af-a021-f9cb431f68e1] - authentication successful using: SNOWFLAKE"}
{"level":"INFO","message":"[3:55:51.598 PM]: Connection[id: 90a059b2-3e24-46af-a021-f9cb431f68e1] - connection established successfully after 734.53 milliseconds"}
{"level":"INFO","message":"[3:58:06.497 PM]: Creating new connection object"}
{"level":"INFO","message":"[3:58:06.499 PM]: Creating Connection[id: 87ff2e44-4b7f-40dc-849a-7de7fe066e85] with host: fya14544.snowflakecomputing.com, account: fya14544, accessUrl: https://fya14544.snowflakecomputing.com, user: EPIC_DEV, role: EPIC_DEV_ROLE, database: TEST_DEVELOPMENT_ENVIROMENT, schema: DEV_SCHEMA, warehouse: , proxy was not configured, password is provided, region: undefined, authenticator: SNOWFLAKE, ocsp mode: FAIL_OPEN, os: darwin, os version: 25.5.0"}
{"level":"INFO","message":"[3:58:06.499 PM]: Connection[id: 87ff2e44-4b7f-40dc-849a-7de7fe066e85] additional details: passcode in password is provided, passcode is not provided, private key is not provided, application: undefined, client name: snowflake-sdk, client version: 3.1.0, retry timeout: 300, private key path: undefined, private key pass is not provided, client store temporary credential: false, browser response timeout: 120000"}
{"level":"INFO","message":"[3:58:06.499 PM]: Connection[id: 87ff2e44-4b7f-40dc-849a-7de7fe066e85] - connection object created successfully."}
{"level":"INFO","message":"[3:58:06.500 PM]: Connection[id: 87ff2e44-4b7f-40dc-849a-7de7fe066e85] - async connecting. Associated Snowflake domain: GLOBAL"}
{"level":"INFO","message":"[3:58:06.500 PM]: Trying to initialize Easy Logging"}
{"level":"INFO","message":"[3:58:06.501 PM]: No client config detected."}
{"level":"INFO","message":"[3:58:06.501 PM]: No config file path found. Client config will not be used."}
{"level":"INFO","message":"[3:58:06.501 PM]: Easy Logging is disabled as no config has been found"}
{"level":"INFO","message":"[3:58:06.501 PM]: Connection[id: 87ff2e44-4b7f-40dc-849a-7de7fe066e85] - authentication successful using: SNOWFLAKE"}
{"level":"INFO","message":"[3:58:07.433 PM]: Connection[id: 87ff2e44-4b7f-40dc-849a-7de7fe066e85] - connection established successfully after 933.59 milliseconds"}
{"level":"INFO","message":"[4:18:12.102 PM]: Creating new connection object"}
{"level":"INFO","message":"[4:18:12.103 PM]: Creating Connection[id: 2ac3846d-1a74-4dd0-a075-166940bc30a7] with host: fya14544.snowflakecomputing.com, account: fya14544, accessUrl: https://fya14544.snowflakecomputing.com, user: EPIC_DEV, role: EPIC_DEV_ROLE, database: TEST_DEVELOPMENT_ENVIROMENT, schema: DEV_SCHEMA, warehouse: , proxy was not configured, password is provided, region: undefined, authenticator: SNOWFLAKE, ocsp mode: FAIL_OPEN, os: darwin, os version: 25.5.0"}
{"level":"INFO","message":"[4:18:12.103 PM]: Connection[id: 2ac3846d-1a74-4dd0-a075-166940bc30a7] additional details: passcode in password is provided, passcode is not provided, private key is not provided, application: undefined, client name: snowflake-sdk, client version: 3.1.0, retry timeout: 300, private key path: undefined, private key pass is not provided, client store temporary credential: false, browser response timeout: 120000"}
{"level":"INFO","message":"[4:18:12.103 PM]: Connection[id: 2ac3846d-1a74-4dd0-a075-166940bc30a7] - connection object created successfully."}
{"level":"INFO","message":"[4:18:12.103 PM]: Connection[id: 2ac3846d-1a74-4dd0-a075-166940bc30a7] - async connecting. Associated Snowflake domain: GLOBAL"}
{"level":"INFO","message":"[4:18:12.103 PM]: Trying to initialize Easy Logging"}
{"level":"INFO","message":"[4:18:12.105 PM]: No client config detected."}
{"level":"INFO","message":"[4:18:12.105 PM]: No config file path found. Client config will not be used."}
{"level":"INFO","message":"[4:18:12.105 PM]: Easy Logging is disabled as no config has been found"}
{"level":"INFO","message":"[4:18:12.105 PM]: Connection[id: 2ac3846d-1a74-4dd0-a075-166940bc30a7] - authentication successful using: SNOWFLAKE"}
{"level":"INFO","message":"[4:18:13.207 PM]: Connection[id: 2ac3846d-1a74-4dd0-a075-166940bc30a7] - connection established successfully after 1104.01 milliseconds"}
{"level":"INFO","message":"[4:18:14.021 PM]: Creating new connection object"}
{"level":"INFO","message":"[4:18:14.022 PM]: Creating Connection[id: 2e25d43d-6d92-4c57-970e-e6959940dfdb] with host: fya14544.snowflakecomputing.com, account: fya14544, accessUrl: https://fya14544.snowflakecomputing.com, user: EPIC_DEV, role: EPIC_DEV_ROLE, database: TEST_DEVELOPMENT_ENVIROMENT, schema: DEV_SCHEMA, warehouse: , proxy was not configured, password is provided, region: undefined, authenticator: SNOWFLAKE, ocsp mode: FAIL_OPEN, os: darwin, os version: 25.5.0"}
{"level":"INFO","message":"[4:18:14.023 PM]: Connection[id: 2e25d43d-6d92-4c57-970e-e6959940dfdb] additional details: passcode in password is provided, passcode is not provided, private key is not provided, application: undefined, client name: snowflake-sdk, client version: 3.1.0, retry timeout: 300, private key path: undefined, private key pass is not provided, client store temporary credential: false, browser response timeout: 120000"}
{"level":"INFO","message":"[4:18:14.023 PM]: Connection[id: 2e25d43d-6d92-4c57-970e-e6959940dfdb] - connection object created successfully."}
{"level":"INFO","message":"[4:18:14.023 PM]: Connection[id: 2e25d43d-6d92-4c57-970e-e6959940dfdb] - async connecting. Associated Snowflake domain: GLOBAL"}
{"level":"INFO","message":"[4:18:14.023 PM]: Trying to initialize Easy Logging"}
{"level":"INFO","message":"[4:18:14.024 PM]: No client config detected."}
{"level":"INFO","message":"[4:18:14.024 PM]: No config file path found. Client config will not be used."}
{"level":"INFO","message":"[4:18:14.024 PM]: Easy Logging is disabled as no config has been found"}
{"level":"INFO","message":"[4:18:14.024 PM]: Connection[id: 2e25d43d-6d92-4c57-970e-e6959940dfdb] - authentication successful using: SNOWFLAKE"}
{"level":"INFO","message":"[4:18:14.892 PM]: Connection[id: 2e25d43d-6d92-4c57-970e-e6959940dfdb] - connection established successfully after 868.88 milliseconds"}
{"level":"INFO","message":"[4:36:39.289 PM]: Creating new connection object"}
{"level":"INFO","message":"[4:36:39.290 PM]: Creating Connection[id: 60069954-5832-4c86-b122-72b747ae9f8f] with host: fya14544.snowflakecomputing.com, account: fya14544, accessUrl: https://fya14544.snowflakecomputing.com, user: EPIC_DEV, role: EPIC_DEV_ROLE, database: TEST_DEVELOPMENT_ENVIROMENT, schema: DEV_SCHEMA, warehouse: , proxy was not configured, password is provided, region: undefined, authenticator: SNOWFLAKE, ocsp mode: FAIL_OPEN, os: darwin, os version: 25.5.0"}
{"level":"INFO","message":"[4:36:39.291 PM]: Connection[id: 60069954-5832-4c86-b122-72b747ae9f8f] additional details: passcode in password is provided, passcode is not provided, private key is not provided, application: undefined, client name: snowflake-sdk, client version: 3.1.0, retry timeout: 300, private key path: undefined, private key pass is not provided, client store temporary credential: false, browser response timeout: 120000"}
{"level":"INFO","message":"[4:36:39.291 PM]: Connection[id: 60069954-5832-4c86-b122-72b747ae9f8f] - connection object created successfully."}
{"level":"INFO","message":"[4:36:39.291 PM]: Connection[id: 60069954-5832-4c86-b122-72b747ae9f8f] - async connecting. Associated Snowflake domain: GLOBAL"}
{"level":"INFO","message":"[4:36:39.291 PM]: Trying to initialize Easy Logging"}
{"level":"INFO","message":"[4:36:39.292 PM]: No client config detected."}
{"level":"INFO","message":"[4:36:39.292 PM]: No config file path found. Client config will not be used."}
{"level":"INFO","message":"[4:36:39.292 PM]: Easy Logging is disabled as no config has been found"}
{"level":"INFO","message":"[4:36:39.293 PM]: Connection[id: 60069954-5832-4c86-b122-72b747ae9f8f] - authentication successful using: SNOWFLAKE"}
{"level":"INFO","message":"[4:36:40.366 PM]: Connection[id: 60069954-5832-4c86-b122-72b747ae9f8f] - connection established successfully after 1074.6 milliseconds"}
{"level":"INFO","message":"[4:36:42.035 PM]: Creating new connection object"}
{"level":"INFO","message":"[4:36:42.037 PM]: Creating Connection[id: 894b55d8-4e35-4297-92b2-17b19a8fc7fa] with host: fya14544.snowflakecomputing.com, account: fya14544, accessUrl: https://fya14544.snowflakecomputing.com, user: EPIC_DEV, role: EPIC_DEV_ROLE, database: TEST_DEVELOPMENT_ENVIROMENT, schema: DEV_SCHEMA, warehouse: , proxy was not configured, password is provided, region: undefined, authenticator: SNOWFLAKE, ocsp mode: FAIL_OPEN, os: darwin, os version: 25.5.0"}
{"level":"INFO","message":"[4:36:42.037 PM]: Connection[id: 894b55d8-4e35-4297-92b2-17b19a8fc7fa] additional details: passcode in password is provided, passcode is not provided, private key is not provided, application: undefined, client name: snowflake-sdk, client version: 3.1.0, retry timeout: 300, private key path: undefined, private key pass is not provided, client store temporary credential: false, browser response timeout: 120000"}
{"level":"INFO","message":"[4:36:42.037 PM]: Connection[id: 894b55d8-4e35-4297-92b2-17b19a8fc7fa] - connection object created successfully."}
{"level":"INFO","message":"[4:36:42.038 PM]: Connection[id: 894b55d8-4e35-4297-92b2-17b19a8fc7fa] - async connecting. Associated Snowflake domain: GLOBAL"}
{"level":"INFO","message":"[4:36:42.038 PM]: Trying to initialize Easy Logging"}
{"level":"INFO","message":"[4:36:42.045 PM]: No client config detected."}
{"level":"INFO","message":"[4:36:42.046 PM]: No config file path found. Client config will not be used."}
{"level":"INFO","message":"[4:36:42.046 PM]: Easy Logging is disabled as no config has been found"}
{"level":"INFO","message":"[4:36:42.046 PM]: Connection[id: 894b55d8-4e35-4297-92b2-17b19a8fc7fa] - authentication successful using: SNOWFLAKE"}
{"level":"INFO","message":"[4:36:43.228 PM]: Connection[id: 894b55d8-4e35-4297-92b2-17b19a8fc7fa] - connection established successfully after 1190.21 milliseconds"}
{"level":"INFO","message":"[4:37:37.970 PM]: Creating new connection object"}
{"level":"INFO","message":"[4:37:37.972 PM]: Creating Connection[id: ea243de2-2ba6-41b5-892a-3ceb1bc4e740] with host: fya14544.snowflakecomputing.com, account: fya14544, accessUrl: https://fya14544.snowflakecomputing.com, user: EPIC_DEV, role: EPIC_DEV_ROLE, database: TEST_DEVELOPMENT_ENVIROMENT, schema: DEV_SCHEMA, warehouse: , proxy was not configured, password is provided, region: undefined, authenticator: SNOWFLAKE, ocsp mode: FAIL_OPEN, os: darwin, os version: 25.5.0"}
{"level":"INFO","message":"[4:37:37.972 PM]: Connection[id: ea243de2-2ba6-41b5-892a-3ceb1bc4e740] additional details: passcode in password is provided, passcode is not provided, private key is not provided, application: undefined, client name: snowflake-sdk, client version: 3.1.0, retry timeout: 300, private key path: undefined, private key pass is not provided, client store temporary credential: false, browser response timeout: 120000"}
{"level":"INFO","message":"[4:37:37.972 PM]: Connection[id: ea243de2-2ba6-41b5-892a-3ceb1bc4e740] - connection object created successfully."}
{"level":"INFO","message":"[4:37:37.972 PM]: Connection[id: ea243de2-2ba6-41b5-892a-3ceb1bc4e740] - async connecting. Associated Snowflake domain: GLOBAL"}
{"level":"INFO","message":"[4:37:37.972 PM]: Trying to initialize Easy Logging"}
{"level":"INFO","message":"[4:37:37.974 PM]: No client config detected."}
{"level":"INFO","message":"[4:37:37.974 PM]: No config file path found. Client config will not be used."}
{"level":"INFO","message":"[4:37:37.974 PM]: Easy Logging is disabled as no config has been found"}
{"level":"INFO","message":"[4:37:37.974 PM]: Connection[id: ea243de2-2ba6-41b5-892a-3ceb1bc4e740] - authentication successful using: SNOWFLAKE"}
{"level":"INFO","message":"[4:37:39.406 PM]: Connection[id: ea243de2-2ba6-41b5-892a-3ceb1bc4e740] - connection established successfully after 1433.33 milliseconds"}
{"level":"INFO","message":"[4:37:40.976 PM]: Creating new connection object"}
{"level":"INFO","message":"[4:37:40.978 PM]: Creating Connection[id: 1603b9ea-2f6f-415b-9b1f-137205ede3fb] with host: fya14544.snowflakecomputing.com, account: fya14544, accessUrl: https://fya14544.snowflakecomputing.com, user: EPIC_DEV, role: EPIC_DEV_ROLE, database: TEST_DEVELOPMENT_ENVIROMENT, schema: DEV_SCHEMA, warehouse: , proxy was not configured, password is provided, region: undefined, authenticator: SNOWFLAKE, ocsp mode: FAIL_OPEN, os: darwin, os version: 25.5.0"}
{"level":"INFO","message":"[4:37:40.978 PM]: Connection[id: 1603b9ea-2f6f-415b-9b1f-137205ede3fb] additional details: passcode in password is provided, passcode is not provided, private key is not provided, application: undefined, client name: snowflake-sdk, client version: 3.1.0, retry timeout: 300, private key path: undefined, private key pass is not provided, client store temporary credential: false, browser response timeout: 120000"}
{"level":"INFO","message":"[4:37:40.978 PM]: Connection[id: 1603b9ea-2f6f-415b-9b1f-137205ede3fb] - connection object created successfully."}
{"level":"INFO","message":"[4:37:40.979 PM]: Connection[id: 1603b9ea-2f6f-415b-9b1f-137205ede3fb] - async connecting. Associated Snowflake domain: GLOBAL"}
{"level":"INFO","message":"[4:37:40.979 PM]: Trying to initialize Easy Logging"}
{"level":"INFO","message":"[4:37:40.981 PM]: No client config detected."}
{"level":"INFO","message":"[4:37:40.981 PM]: No config file path found. Client config will not be used."}
{"level":"INFO","message":"[4:37:40.982 PM]: Easy Logging is disabled as no config has been found"}
{"level":"INFO","message":"[4:37:40.982 PM]: Connection[id: 1603b9ea-2f6f-415b-9b1f-137205ede3fb] - authentication successful using: SNOWFLAKE"}
{"level":"INFO","message":"[4:37:41.919 PM]: Connection[id: 1603b9ea-2f6f-415b-9b1f-137205ede3fb] - connection established successfully after 940.58 milliseconds"}
{"level":"INFO","message":"[7:58:17.992 AM]: Creating new connection object"}
{"level":"INFO","message":"[7:58:17.994 AM]: Creating Connection[id: a7d6bde9-38da-44f1-b744-17960bf290a8] with host: fya14544.snowflakecomputing.com, account: fya14544, accessUrl: https://fya14544.snowflakecomputing.com, user: EPIC_DEV, role: EPIC_DEV_ROLE, database: TEST_DEVELOPMENT_ENVIROMENT, schema: DEV_SCHEMA, warehouse: , proxy was not configured, password is provided, region: undefined, authenticator: SNOWFLAKE, ocsp mode: FAIL_OPEN, os: darwin, os version: 25.5.0"}
{"level":"INFO","message":"[7:58:17.994 AM]: Connection[id: a7d6bde9-38da-44f1-b744-17960bf290a8] additional details: passcode in password is provided, passcode is not provided, private key is not provided, application: undefined, client name: snowflake-sdk, client version: 3.1.0, retry timeout: 300, private key path: undefined, private key pass is not provided, client store temporary credential: false, browser response timeout: 120000"}
{"level":"INFO","message":"[7:58:17.994 AM]: Connection[id: a7d6bde9-38da-44f1-b744-17960bf290a8] - connection object created successfully."}
{"level":"INFO","message":"[7:58:17.994 AM]: Connection[id: a7d6bde9-38da-44f1-b744-17960bf290a8] - async connecting. Associated Snowflake domain: GLOBAL"}
{"level":"INFO","message":"[7:58:17.994 AM]: Trying to initialize Easy Logging"}
{"level":"INFO","message":"[7:58:18.004 AM]: No client config detected."}
{"level":"INFO","message":"[7:58:18.004 AM]: No config file path found. Client config will not be used."}
{"level":"INFO","message":"[7:58:18.004 AM]: Easy Logging is disabled as no config has been found"}
{"level":"INFO","message":"[7:58:18.004 AM]: Connection[id: a7d6bde9-38da-44f1-b744-17960bf290a8] - authentication successful using: SNOWFLAKE"}
{"level":"INFO","message":"[7:58:20.834 AM]: Connection[id: a7d6bde9-38da-44f1-b744-17960bf290a8] - connection established successfully after 2839.73 milliseconds"}
{"level":"INFO","message":"[8:03:18.391 AM]: Creating new connection object"}
{"level":"INFO","message":"[8:03:18.393 AM]: Creating Connection[id: f300b4aa-29c3-4d98-abe2-d48bc2e48e16] with host: fya14544.snowflakecomputing.com, account: fya14544, accessUrl: https://fya14544.snowflakecomputing.com, user: EPIC_DEV, role: EPIC_DEV_ROLE, database: TEST_DEVELOPMENT_ENVIROMENT, schema: DEV_SCHEMA, warehouse: , proxy was not configured, password is provided, region: undefined, authenticator: SNOWFLAKE, ocsp mode: FAIL_OPEN, os: darwin, os version: 25.5.0"}
{"level":"INFO","message":"[8:03:18.393 AM]: Connection[id: f300b4aa-29c3-4d98-abe2-d48bc2e48e16] additional details: passcode in password is provided, passcode is not provided, private key is not provided, application: undefined, client name: snowflake-sdk, client version: 3.1.0, retry timeout: 300, private key path: undefined, private key pass is not provided, client store temporary credential: false, browser response timeout: 120000"}
{"level":"INFO","message":"[8:03:18.394 AM]: Connection[id: f300b4aa-29c3-4d98-abe2-d48bc2e48e16] - connection object created successfully."}
{"level":"INFO","message":"[8:03:18.394 AM]: Connection[id: f300b4aa-29c3-4d98-abe2-d48bc2e48e16] - async connecting. Associated Snowflake domain: GLOBAL"}
{"level":"INFO","message":"[8:03:18.394 AM]: Trying to initialize Easy Logging"}
{"level":"INFO","message":"[8:03:18.395 AM]: No client config detected."}
{"level":"INFO","message":"[8:03:18.395 AM]: No config file path found. Client config will not be used."}
{"level":"INFO","message":"[8:03:18.395 AM]: Easy Logging is disabled as no config has been found"}
{"level":"INFO","message":"[8:03:18.395 AM]: Connection[id: f300b4aa-29c3-4d98-abe2-d48bc2e48e16] - authentication successful using: SNOWFLAKE"}
{"level":"INFO","message":"[8:03:19.577 AM]: Connection[id: f300b4aa-29c3-4d98-abe2-d48bc2e48e16] - connection established successfully after 1183.37 milliseconds"}
{"level":"INFO","message":"[9:01:09.127 AM]: Creating new connection object"}
{"level":"INFO","message":"[9:01:09.130 AM]: Creating Connection[id: cb09c6b2-bd9e-4d4d-b702-3b9aea2a9391] with host: fya14544.snowflakecomputing.com, account: fya14544, accessUrl: https://fya14544.snowflakecomputing.com, user: EPIC_DEV, role: EPIC_DEV_ROLE, database: TEST_DEVELOPMENT_ENVIROMENT, schema: DEV_SCHEMA, warehouse: , proxy was not configured, password is provided, region: undefined, authenticator: SNOWFLAKE, ocsp mode: FAIL_OPEN, os: darwin, os version: 25.5.0"}
{"level":"INFO","message":"[9:01:09.130 AM]: Connection[id: cb09c6b2-bd9e-4d4d-b702-3b9aea2a9391] additional details: passcode in password is provided, passcode is not provided, private key is not provided, application: undefined, client name: snowflake-sdk, client version: 3.1.0, retry timeout: 300, private key path: undefined, private key pass is not provided, client store temporary credential: false, browser response timeout: 120000"}
{"level":"INFO","message":"[9:01:09.130 AM]: Connection[id: cb09c6b2-bd9e-4d4d-b702-3b9aea2a9391] - connection object created successfully."}
{"level":"INFO","message":"[9:01:09.130 AM]: Connection[id: cb09c6b2-bd9e-4d4d-b702-3b9aea2a9391] - async connecting. Associated Snowflake domain: GLOBAL"}
{"level":"INFO","message":"[9:01:09.131 AM]: Trying to initialize Easy Logging"}
{"level":"INFO","message":"[9:01:09.131 AM]: No client config detected."}
{"level":"INFO","message":"[9:01:09.131 AM]: No config file path found. Client config will not be used."}
{"level":"INFO","message":"[9:01:09.131 AM]: Easy Logging is disabled as no config has been found"}
{"level":"INFO","message":"[9:01:09.131 AM]: Connection[id: cb09c6b2-bd9e-4d4d-b702-3b9aea2a9391] - authentication successful using: SNOWFLAKE"}
{"level":"INFO","message":"[9:01:10.620 AM]: Connection[id: cb09c6b2-bd9e-4d4d-b702-3b9aea2a9391] - connection established successfully after 1489.24 milliseconds"}
{"level":"INFO","message":"[9:02:06.798 AM]: Creating new connection object"}
{"level":"INFO","message":"[9:02:06.800 AM]: Creating Connection[id: 5f6616dc-22fc-4e8f-9db1-972556120f16] with host: fya14544.snowflakecomputing.com, account: fya14544, accessUrl: https://fya14544.snowflakecomputing.com, user: EPIC_DEV, role: EPIC_DEV_ROLE, database: TEST_DEVELOPMENT_ENVIROMENT, schema: DEV_SCHEMA, warehouse: , proxy was not configured, password is provided, region: undefined, authenticator: SNOWFLAKE, ocsp mode: FAIL_OPEN, os: darwin, os version: 25.5.0"}
{"level":"INFO","message":"[9:02:06.800 AM]: Connection[id: 5f6616dc-22fc-4e8f-9db1-972556120f16] additional details: passcode in password is provided, passcode is not provided, private key is not provided, application: undefined, client name: snowflake-sdk, client version: 3.1.0, retry timeout: 300, private key path: undefined, private key pass is not provided, client store temporary credential: false, browser response timeout: 120000"}
{"level":"INFO","message":"[9:02:06.800 AM]: Connection[id: 5f6616dc-22fc-4e8f-9db1-972556120f16] - connection object created successfully."}
{"level":"INFO","message":"[9:02:06.800 AM]: Connection[id: 5f6616dc-22fc-4e8f-9db1-972556120f16] - async connecting. Associated Snowflake domain: GLOBAL"}
{"level":"INFO","message":"[9:02:06.801 AM]: Trying to initialize Easy Logging"}
{"level":"INFO","message":"[9:02:06.801 AM]: No client config detected."}
{"level":"INFO","message":"[9:02:06.802 AM]: No config file path found. Client config will not be used."}
{"level":"INFO","message":"[9:02:06.802 AM]: Easy Logging is disabled as no config has been found"}
{"level":"INFO","message":"[9:02:06.802 AM]: Connection[id: 5f6616dc-22fc-4e8f-9db1-972556120f16] - authentication successful using: SNOWFLAKE"}
{"level":"INFO","message":"[9:02:08.263 AM]: Connection[id: 5f6616dc-22fc-4e8f-9db1-972556120f16] - connection established successfully after 1462.12 milliseconds"}
{"level":"INFO","message":"[9:15:09.320 AM]: Creating new connection object"}
{"level":"INFO","message":"[9:15:09.322 AM]: Creating Connection[id: 99cede74-e303-4bf4-a122-17b28d3d1075] with host: fya14544.snowflakecomputing.com, account: fya14544, accessUrl: https://fya14544.snowflakecomputing.com, user: EPIC_DEV, role: EPIC_DEV_ROLE, database: TEST_DEVELOPMENT_ENVIROMENT, schema: DEV_SCHEMA, warehouse: , proxy was not configured, password is provided, region: undefined, authenticator: SNOWFLAKE, ocsp mode: FAIL_OPEN, os: darwin, os version: 25.5.0"}
{"level":"INFO","message":"[9:15:09.322 AM]: Connection[id: 99cede74-e303-4bf4-a122-17b28d3d1075] additional details: passcode in password is provided, passcode is not provided, private key is not provided, application: undefined, client name: snowflake-sdk, client version: 3.1.0, retry timeout: 300, private key path: undefined, private key pass is not provided, client store temporary credential: false, browser response timeout: 120000"}
{"level":"INFO","message":"[9:15:09.322 AM]: Connection[id: 99cede74-e303-4bf4-a122-17b28d3d1075] - connection object created successfully."}
{"level":"INFO","message":"[9:15:09.322 AM]: Connection[id: 99cede74-e303-4bf4-a122-17b28d3d1075] - async connecting. Associated Snowflake domain: GLOBAL"}
{"level":"INFO","message":"[9:15:09.323 AM]: Trying to initialize Easy Logging"}
{"level":"INFO","message":"[9:15:09.323 AM]: No client config detected."}
{"level":"INFO","message":"[9:15:09.323 AM]: No config file path found. Client config will not be used."}
{"level":"INFO","message":"[9:15:09.323 AM]: Easy Logging is disabled as no config has been found"}
{"level":"INFO","message":"[9:15:09.323 AM]: Connection[id: 99cede74-e303-4bf4-a122-17b28d3d1075] - authentication successful using: SNOWFLAKE"}
{"level":"INFO","message":"[9:15:10.154 AM]: Connection[id: 99cede74-e303-4bf4-a122-17b28d3d1075] - connection established successfully after 831.84 milliseconds"}
{"level":"INFO","message":"[9:19:26.604 AM]: Creating new connection object"}
{"level":"INFO","message":"[9:19:26.606 AM]: Creating Connection[id: b855ff8a-add0-41ca-a731-4082613653e5] with host: fya14544.snowflakecomputing.com, account: fya14544, accessUrl: https://fya14544.snowflakecomputing.com, user: EPIC_DEV, role: EPIC_DEV_ROLE, database: TEST_DEVELOPMENT_ENVIROMENT, schema: DEV_SCHEMA, warehouse: , proxy was not configured, password is provided, region: undefined, authenticator: SNOWFLAKE, ocsp mode: FAIL_OPEN, os: darwin, os version: 25.5.0"}
{"level":"INFO","message":"[9:19:26.606 AM]: Connection[id: b855ff8a-add0-41ca-a731-4082613653e5] additional details: passcode in password is provided, passcode is not provided, private key is not provided, application: undefined, client name: snowflake-sdk, client version: 3.1.0, retry timeout: 300, private key path: undefined, private key pass is not provided, client store temporary credential: false, browser response timeout: 120000"}
{"level":"INFO","message":"[9:19:26.606 AM]: Connection[id: b855ff8a-add0-41ca-a731-4082613653e5] - connection object created successfully."}
{"level":"INFO","message":"[9:19:26.606 AM]: Connection[id: b855ff8a-add0-41ca-a731-4082613653e5] - async connecting. Associated Snowflake domain: GLOBAL"}
{"level":"INFO","message":"[9:19:26.606 AM]: Trying to initialize Easy Logging"}
{"level":"INFO","message":"[9:19:26.607 AM]: No client config detected."}
{"level":"INFO","message":"[9:19:26.607 AM]: No config file path found. Client config will not be used."}
{"level":"INFO","message":"[9:19:26.607 AM]: Easy Logging is disabled as no config has been found"}
{"level":"INFO","message":"[9:19:26.607 AM]: Connection[id: b855ff8a-add0-41ca-a731-4082613653e5] - authentication successful using: SNOWFLAKE"}
{"level":"INFO","message":"[9:19:27.895 AM]: Connection[id: b855ff8a-add0-41ca-a731-4082613653e5] - connection established successfully after 1288.21 milliseconds"}
{"level":"INFO","message":"[12:59:39.917 PM]: Creating new connection object"}
{"level":"INFO","message":"[12:59:39.918 PM]: Creating Connection[id: 11339a00-fbf0-4b6f-a931-474abfe13b21] with host: fya14544.snowflakecomputing.com, account: fya14544, accessUrl: https://fya14544.snowflakecomputing.com, user: EPIC_DEV, role: EPIC_DEV_ROLE, database: TEST_DEVELOPMENT_ENVIROMENT, schema: DEV_SCHEMA, warehouse: , proxy was not configured, password is provided, region: undefined, authenticator: SNOWFLAKE, ocsp mode: FAIL_OPEN, os: darwin, os version: 25.5.0"}
{"level":"INFO","message":"[12:59:39.919 PM]: Connection[id: 11339a00-fbf0-4b6f-a931-474abfe13b21] additional details: passcode in password is provided, passcode is not provided, private key is not provided, application: undefined, client name: snowflake-sdk, client version: 3.1.0, retry timeout: 300, private key path: undefined, private key pass is not provided, client store temporary credential: false, browser response timeout: 120000"}
{"level":"INFO","message":"[12:59:39.919 PM]: Connection[id: 11339a00-fbf0-4b6f-a931-474abfe13b21] - connection object created successfully."}
{"level":"INFO","message":"[12:59:39.919 PM]: Connection[id: 11339a00-fbf0-4b6f-a931-474abfe13b21] - async connecting. Associated Snowflake domain: GLOBAL"}
{"level":"INFO","message":"[12:59:39.919 PM]: Trying to initialize Easy Logging"}
{"level":"INFO","message":"[12:59:39.957 PM]: No client config detected."}
{"level":"INFO","message":"[12:59:39.957 PM]: No config file path found. Client config will not be used."}
{"level":"INFO","message":"[12:59:39.957 PM]: Easy Logging is disabled as no config has been found"}
{"level":"INFO","message":"[12:59:39.957 PM]: Connection[id: 11339a00-fbf0-4b6f-a931-474abfe13b21] - authentication successful using: SNOWFLAKE"}
{"level":"INFO","message":"[12:59:43.044 PM]: Connection[id: 11339a00-fbf0-4b6f-a931-474abfe13b21] - connection established successfully after 3124.93 milliseconds"}
{"level":"INFO","message":"[5:50:11.571 PM]: Creating new connection object"}
{"level":"INFO","message":"[5:50:11.573 PM]: Creating Connection[id: 5f1ad92f-fb42-4d9e-8aa5-3ec6730696e0] with host: fya14544.snowflakecomputing.com, account: fya14544, accessUrl: https://fya14544.snowflakecomputing.com, user: EPIC_DEV, role: EPIC_DEV_ROLE, database: TEST_DEVELOPMENT_ENVIROMENT, schema: DEV_SCHEMA, warehouse: , proxy was not configured, password is provided, region: undefined, authenticator: SNOWFLAKE, ocsp mode: FAIL_OPEN, os: darwin, os version: 25.5.0"}
{"level":"INFO","message":"[5:50:11.573 PM]: Connection[id: 5f1ad92f-fb42-4d9e-8aa5-3ec6730696e0] additional details: passcode in password is provided, passcode is not provided, private key is not provided, application: undefined, client name: snowflake-sdk, client version: 3.1.0, retry timeout: 300, private key path: undefined, private key pass is not provided, client store temporary credential: false, browser response timeout: 120000"}
{"level":"INFO","message":"[5:50:11.573 PM]: Connection[id: 5f1ad92f-fb42-4d9e-8aa5-3ec6730696e0] - connection object created successfully."}
{"level":"INFO","message":"[5:50:11.574 PM]: Connection[id: 5f1ad92f-fb42-4d9e-8aa5-3ec6730696e0] - async connecting. Associated Snowflake domain: GLOBAL"}
{"level":"INFO","message":"[5:50:11.574 PM]: Trying to initialize Easy Logging"}
{"level":"INFO","message":"[5:50:11.611 PM]: No client config detected."}
{"level":"INFO","message":"[5:50:11.612 PM]: No config file path found. Client config will not be used."}
{"level":"INFO","message":"[5:50:11.612 PM]: Easy Logging is disabled as no config has been found"}
{"level":"INFO","message":"[5:50:11.612 PM]: Connection[id: 5f1ad92f-fb42-4d9e-8aa5-3ec6730696e0] - authentication successful using: SNOWFLAKE"}
{"level":"INFO","message":"[5:50:12.777 PM]: Connection[id: 5f1ad92f-fb42-4d9e-8aa5-3ec6730696e0] - connection established successfully after 1203.29 milliseconds"}
{"level":"INFO","message":"[9:51:01.381 AM]: Creating new connection object"}
{"level":"INFO","message":"[9:51:01.383 AM]: Creating Connection[id: b321d49f-aaf0-4e2f-83ff-122af0c809fb] with host: fya14544.snowflakecomputing.com, account: fya14544, accessUrl: https://fya14544.snowflakecomputing.com, user: EPIC_DEV, role: EPIC_DEV_ROLE, database: TEST_DEVELOPMENT_ENVIROMENT, schema: DEV_SCHEMA, warehouse: , proxy was not configured, password is provided, region: undefined, authenticator: SNOWFLAKE, ocsp mode: FAIL_OPEN, os: darwin, os version: 25.5.0"}
{"level":"INFO","message":"[9:51:01.383 AM]: Connection[id: b321d49f-aaf0-4e2f-83ff-122af0c809fb] additional details: passcode in password is provided, passcode is not provided, private key is not provided, application: undefined, client name: snowflake-sdk, client version: 3.1.0, retry timeout: 300, private key path: undefined, private key pass is not provided, client store temporary credential: false, browser response timeout: 120000"}
{"level":"INFO","message":"[9:51:01.383 AM]: Connection[id: b321d49f-aaf0-4e2f-83ff-122af0c809fb] - connection object created successfully."}
{"level":"INFO","message":"[9:51:01.384 AM]: Connection[id: b321d49f-aaf0-4e2f-83ff-122af0c809fb] - async connecting. Associated Snowflake domain: GLOBAL"}
{"level":"INFO","message":"[9:51:01.384 AM]: Trying to initialize Easy Logging"}
{"level":"INFO","message":"[9:51:01.388 AM]: No client config detected."}
{"level":"INFO","message":"[9:51:01.388 AM]: No config file path found. Client config will not be used."}
{"level":"INFO","message":"[9:51:01.388 AM]: Easy Logging is disabled as no config has been found"}
{"level":"INFO","message":"[9:51:01.388 AM]: Connection[id: b321d49f-aaf0-4e2f-83ff-122af0c809fb] - authentication successful using: SNOWFLAKE"}
{"level":"INFO","message":"[9:51:02.649 AM]: Connection[id: b321d49f-aaf0-4e2f-83ff-122af0c809fb] - connection established successfully after 1265.04 milliseconds"}
{"level":"INFO","message":"[8:37:14.676 PM]: Creating new connection object"}
{"level":"INFO","message":"[8:37:14.678 PM]: Creating Connection[id: 7461147f-98d3-45c6-9a55-9e77f1bb18ca] with host: fya14544.snowflakecomputing.com, account: fya14544, accessUrl: https://fya14544.snowflakecomputing.com, user: EPIC_DEV, role: EPIC_DEV_ROLE, database: TEST_DEVELOPMENT_ENVIROMENT, schema: DEV_SCHEMA, warehouse: , proxy was not configured, password is provided, region: undefined, authenticator: SNOWFLAKE, ocsp mode: FAIL_OPEN, os: darwin, os version: 25.5.0"}
{"level":"INFO","message":"[8:37:14.679 PM]: Connection[id: 7461147f-98d3-45c6-9a55-9e77f1bb18ca] additional details: passcode in password is provided, passcode is not provided, private key is not provided, application: undefined, client name: snowflake-sdk, client version: 3.1.0, retry timeout: 300, private key path: undefined, private key pass is not provided, client store temporary credential: false, browser response timeout: 120000"}
{"level":"INFO","message":"[8:37:14.679 PM]: Connection[id: 7461147f-98d3-45c6-9a55-9e77f1bb18ca] - connection object created successfully."}
{"level":"INFO","message":"[8:37:14.679 PM]: Connection[id: 7461147f-98d3-45c6-9a55-9e77f1bb18ca] - async connecting. Associated Snowflake domain: GLOBAL"}
{"level":"INFO","message":"[8:37:14.679 PM]: Trying to initialize Easy Logging"}
{"level":"INFO","message":"[8:37:14.684 PM]: No client config detected."}
{"level":"INFO","message":"[8:37:14.684 PM]: No config file path found. Client config will not be used."}
{"level":"INFO","message":"[8:37:14.684 PM]: Easy Logging is disabled as no config has been found"}
{"level":"INFO","message":"[8:37:14.684 PM]: Connection[id: 7461147f-98d3-45c6-9a55-9e77f1bb18ca] - authentication successful using: SNOWFLAKE"}
{"level":"INFO","message":"[8:37:15.861 PM]: Connection[id: 7461147f-98d3-45c6-9a55-9e77f1bb18ca] - connection established successfully after 1181.67 milliseconds"}
